Frequency (Hz)	V_IN	V_R	
0,000000	2,467445	2,458706
9,999500	1,743052	1,736881
19,999000	0,002089	0,002080
29,998500	0,001510	0,001501
39,998000	0,004021	0,004011
49,997500	0,005922	0,005901
59,997000	0,002519	0,002507
69,996500	0,000483	0,000482
79,996000	0,000228	0,000232
89,995500	0,000783	0,000777
99,995000	0,001231	0,001221
109,994500	0,000633	0,000626
119,994000	0,000109	0,000110
129,993500	0,000330	0,000334
139,993000	0,000388	0,000389
149,992500	0,000346	0,000345
159,992000	0,000378	0,000380
169,991500	0,000678	0,000677
179,991000	0,000301	0,000303
189,990500	0,000386	0,000385
199,990000	0,001162	0,001151
209,989501	0,000685	0,000681
219,989001	0,000829	0,000832
229,988501	0,000908	0,000908
239,988001	0,001309	0,001308
249,987501	0,001685	0,001678
259,987001	0,003204	0,003191
269,986501	0,003860	0,003835
279,986001	0,004019	0,003991
289,985501	0,002098	0,002085
299,985001	0,002301	0,002302
309,984501	0,003682	0,003672
319,984001	0,003395	0,003381
329,983501	0,002918	0,002906
339,983001	0,001751	0,001747
349,982501	0,001785	0,001770
359,982001	0,001816	0,001804
369,981501	0,000650	0,000648
379,981001	0,001375	0,001367
389,980501	0,001837	0,001834
399,980001	0,000529	0,000524
409,979501	0,001816	0,001808
419,979001	0,001352	0,001346
429,978501	0,000256	0,000249
439,978001	0,000529	0,000530
449,977501	0,000486	0,000486
459,977001	0,000485	0,000480
469,976501	0,000517	0,000503
479,976001	0,000494	0,000486
489,975501	0,000692	0,000687
499,975001	0,000577	0,000577
509,974501	0,000168	0,000166
519,974001	0,000791	0,000805
529,973501	0,002490	0,002489
539,973001	0,002609	0,002606
549,972501	0,003313	0,003304
559,972001	0,003335	0,003328
569,971501	0,002895	0,002896
579,971001	0,002328	0,002327
589,970501	0,001780	0,001774
599,970001	0,000720	0,000723
609,969502	0,002139	0,002146
619,969002	0,002268	0,002274
629,968502	0,001146	0,001151
639,968002	0,001436	0,001438
649,967502	0,000729	0,000731
659,967002	0,001963	0,001957
669,966502	0,001060	0,001060
679,966002	0,001136	0,001135
689,965502	0,000787	0,000790
699,965002	0,000778	0,000779
709,964502	0,001639	0,001636
719,964002	0,001409	0,001407
729,963502	0,000887	0,000884
739,963002	0,001327	0,001313
749,962502	0,001087	0,001077
759,962002	0,001007	0,000995
769,961502	0,000495	0,000488
779,961002	0,000381	0,000377
789,960502	0,000433	0,000425
799,960002	0,000205	0,000200
809,959502	0,000243	0,000240
819,959002	0,003260	0,003248
829,958502	0,010694	0,010652
839,958002	0,008545	0,008517
849,957502	0,001047	0,001047
859,957002	0,000083	0,000080
869,956502	0,000975	0,000974
879,956002	0,001249	0,001253
889,955502	0,001272	0,001273
899,955002	0,000823	0,000825
909,954502	0,000397	0,000392
919,954002	0,001082	0,001076
929,953502	0,000625	0,000622
939,953002	0,000288	0,000291
949,952502	0,000691	0,000692
959,952002	0,000807	0,000805
969,951502	0,000385	0,000378
979,951002	0,000184	0,000187
989,950502	0,000450	0,000450
999,950002	0,000337	0,000337
1009,949503	0,000250	0,000249
1019,949003	0,000224	0,000221
1029,948503	0,000208	0,000207
1039,948003	0,000050	0,000048
1049,947503	0,000200	0,000199
1059,947003	0,000118	0,000110
1069,946503	0,000388	0,000388
1079,946003	0,000278	0,000278
1089,945503	0,000217	0,000208
1099,945003	0,000254	0,000246
1109,944503	0,000219	0,000220
1119,944003	0,000104	0,000100
1129,943503	0,000357	0,000349
1139,943003	0,000431	0,000425
1149,942503	0,000301	0,000300
1159,942003	0,000222	0,000225
1169,941503	0,000109	0,000104
1179,941003	0,000363	0,000356
1189,940503	0,000291	0,000288
1199,940003	0,000083	0,000085
1209,939503	0,000157	0,000159
1219,939003	0,000273	0,000281
1229,938503	0,000259	0,000265
1239,938003	0,000449	0,000438
1249,937503	0,000561	0,000552
1259,937003	0,000535	0,000534
1269,936503	0,000394	0,000393
1279,936003	0,000116	0,000117
1289,935503	0,000102	0,000098
1299,935003	0,000284	0,000273
1309,934503	0,000303	0,000295
1319,934003	0,000154	0,000154
1329,933503	0,000210	0,000210
1339,933003	0,000255	0,000261
1349,932503	0,000350	0,000354
1359,932003	0,000541	0,000539
1369,931503	0,000438	0,000440
1379,931003	0,000170	0,000174
1389,930503	0,000209	0,000212
1399,930003	0,000130	0,000133
1409,929504	0,000096	0,000101
1419,929004	0,000081	0,000077
1429,928504	0,000416	0,000414
1439,928004	0,000203	0,000206
1449,927504	0,000086	0,000081
1459,927004	0,000263	0,000252
1469,926504	0,000357	0,000351
1479,926004	0,000411	0,000415
1489,925504	0,000363	0,000369
1499,925004	0,000239	0,000243
1509,924504	0,000200	0,000200
1519,924004	0,000312	0,000309
1529,923504	0,000250	0,000247
1539,923004	0,000070	0,000073
1549,922504	0,000257	0,000259
1559,922004	0,000837	0,000834
1569,921504	0,000561	0,000561
1579,921004	0,000488	0,000498
1589,920504	0,000360	0,000365
1599,920004	0,000238	0,000233
1609,919504	0,000244	0,000242
1619,919004	0,000501	0,000507
1629,918504	0,000652	0,000657
1639,918004	0,000413	0,000415
1649,917504	0,000318	0,000306
1659,917004	0,000449	0,000440
1669,916504	0,000170	0,000169
1679,916004	0,000112	0,000113
1689,915504	0,000300	0,000303
1699,915004	0,000460	0,000462
1709,914504	0,000268	0,000269
1719,914004	0,000408	0,000405
1729,913504	0,000487	0,000481
1739,913004	0,000386	0,000380
1749,912504	0,000203	0,000201
1759,912004	0,000196	0,000194
1769,911504	0,000283	0,000279
1779,911004	0,000252	0,000251
1789,910504	0,000376	0,000382
1799,910004	0,000377	0,000386
1809,909505	0,000142	0,000152
1819,909005	0,000057	0,000053
1829,908505	0,000222	0,000208
1839,908005	0,000233	0,000222
1849,907505	0,000222	0,000228
1859,907005	0,000337	0,000338
1869,906505	0,000441	0,000436
1879,906005	0,000553	0,000553
1889,905505	0,000541	0,000539
1899,905005	0,000432	0,000430
1909,904505	0,000113	0,000117
1919,904005	0,000283	0,000286
1929,903505	0,000237	0,000236
1939,903005	0,000115	0,000118
1949,902505	0,000190	0,000190
1959,902005	0,000167	0,000163
1969,901505	0,000019	0,000024
1979,901005	0,000233	0,000235
1989,900505	0,000091	0,000101
1999,900005	0,000057	0,000058
2009,899505	0,000319	0,000316
2019,899005	0,000314	0,000310
2029,898505	0,000073	0,000078
2039,898005	0,000366	0,000369
2049,897505	0,000230	0,000231
2059,897005	0,000168	0,000168
2069,896505	0,000274	0,000270
2079,896005	0,000288	0,000290
2089,895505	0,000304	0,000302
2099,895005	0,000122	0,000114
2109,894505	0,000151	0,000156
2119,894005	0,000222	0,000224
2129,893505	0,000316	0,000313
2139,893005	0,000134	0,000136
2149,892505	0,000127	0,000125
2159,892005	0,000066	0,000059
2169,891505	0,000132	0,000133
2179,891005	0,000204	0,000211
2189,890505	0,000203	0,000208
2199,890005	0,000120	0,000122
2209,889506	0,000094	0,000096
2219,889006	0,000083	0,000082
2229,888506	0,000225	0,000226
2239,888006	0,000386	0,000387
2249,887506	0,000120	0,000123
2259,887006	0,000218	0,000217
2269,886506	0,000175	0,000170
2279,886006	0,000258	0,000252
2289,885506	0,000455	0,000449
2299,885006	0,000364	0,000363
2309,884506	0,000111	0,000113
2319,884006	0,000261	0,000263
2329,883506	0,000176	0,000177
2339,883006	0,000390	0,000392
2349,882506	0,000275	0,000280
2359,882006	0,000218	0,000221
2369,881506	0,000285	0,000287
2379,881006	0,000064	0,000061
2389,880506	0,000139	0,000132
2399,880006	0,000133	0,000139
2409,879506	0,000079	0,000076
2419,879006	0,000129	0,000121
2429,878506	0,000124	0,000120
2439,878006	0,000266	0,000256
2449,877506	0,000023	0,000019
2459,877006	0,000067	0,000070
2469,876506	0,000185	0,000184
2479,876006	0,000272	0,000274
2489,875506	0,001044	0,001044
2499,875006	0,001952	0,001947
2509,874506	0,001086	0,001083
2519,874006	0,000301	0,000301
2529,873506	0,000228	0,000224
2539,873006	0,000119	0,000118
2549,872506	0,000196	0,000205
2559,872006	0,000194	0,000196
2569,871506	0,000258	0,000251
2579,871006	0,000162	0,000162
2589,870506	0,000074	0,000074
2599,870006	0,000127	0,000128
2609,869507	0,000088	0,000086
2619,869007	0,000165	0,000164
2629,868507	0,000332	0,000332
2639,868007	0,000138	0,000143
2649,867507	0,000069	0,000068
2659,867007	0,000217	0,000215
2669,866507	0,000213	0,000219
2679,866007	0,000034	0,000030
2689,865507	0,000149	0,000150
2699,865007	0,000273	0,000271
2709,864507	0,000205	0,000198
2719,864007	0,000276	0,000273
2729,863507	0,000374	0,000374
2739,863007	0,000213	0,000217
2749,862507	0,000177	0,000177
2759,862007	0,000131	0,000125
2769,861507	0,000090	0,000087
2779,861007	0,000149	0,000154
2789,860507	0,000264	0,000273
2799,860007	0,000158	0,000170
2809,859507	0,000161	0,000164
2819,859007	0,000103	0,000103
2829,858507	0,000076	0,000074
2839,858007	0,000270	0,000268
2849,857507	0,000254	0,000256
2859,857007	0,000088	0,000084
2869,856507	0,000069	0,000073
2879,856007	0,000100	0,000099
2889,855507	0,000168	0,000179
2899,855007	0,000133	0,000140
2909,854507	0,000039	0,000042
2919,854007	0,000071	0,000066
2929,853507	0,000159	0,000151
2939,853007	0,000172	0,000173
2949,852507	0,000025	0,000032
2959,852007	0,000183	0,000189
2969,851507	0,000139	0,000138
2979,851007	0,000140	0,000144
2989,850507	0,000238	0,000238
2999,850007	0,000204	0,000203
3009,849508	0,000304	0,000307
3019,849008	0,000385	0,000388
3029,848508	0,000094	0,000097
3039,848008	0,000228	0,000225
3049,847508	0,000051	0,000052
3059,847008	0,000173	0,000180
3069,846508	0,000101	0,000100
3079,846008	0,000194	0,000201
3089,845508	0,000212	0,000215
3099,845008	0,000167	0,000173
3109,844508	0,000095	0,000101
3119,844008	0,000453	0,000450
3129,843508	0,000545	0,000539
3139,843008	0,000122	0,000121
3149,842508	0,000087	0,000094
3159,842008	0,000080	0,000088
3169,841508	0,000046	0,000045
3179,841008	0,000153	0,000149
3189,840508	0,000142	0,000140
3199,840008	0,000157	0,000153
3209,839508	0,000205	0,000200
3219,839008	0,000165	0,000163
3229,838508	0,000129	0,000122
3239,838008	0,000211	0,000203
3249,837508	0,000331	0,000328
3259,837008	0,000295	0,000295
3269,836508	0,000108	0,000110
3279,836008	0,000282	0,000283
3289,835508	0,000252	0,000249
3299,835008	0,000109	0,000100
3309,834508	0,000075	0,000070
3319,834008	0,000135	0,000137
3329,833508	0,000156	0,000160
3339,833008	0,000142	0,000145
3349,832508	0,000084	0,000091
3359,832008	0,000139	0,000136
3369,831508	0,000095	0,000097
3379,831008	0,000094	0,000088
3389,830508	0,000127	0,000128
3399,830008	0,000080	0,000085
3409,829509	0,000251	0,000253
3419,829009	0,000187	0,000190
3429,828509	0,000039	0,000042
3439,828009	0,000089	0,000084
3449,827509	0,000080	0,000088
3459,827009	0,000109	0,000110
3469,826509	0,000084	0,000087
3479,826009	0,000088	0,000089
3489,825509	0,000051	0,000042
3499,825009	0,000004	0,000010
3509,824509	0,000058	0,000046
3519,824009	0,000106	0,000096
3529,823509	0,000105	0,000100
3539,823009	0,000153	0,000150
3549,822509	0,000130	0,000124
3559,822009	0,000028	0,000032
3569,821509	0,000138	0,000141
3579,821009	0,000176	0,000182
3589,820509	0,000184	0,000188
3599,820009	0,000145	0,000146
3609,819509	0,000089	0,000096
3619,819009	0,000113	0,000115
3629,818509	0,000245	0,000248
3639,818009	0,000249	0,000251
3649,817509	0,000161	0,000161
3659,817009	0,000174	0,000178
3669,816509	0,000145	0,000149
3679,816009	0,000196	0,000195
3689,815509	0,000358	0,000349
3699,815009	0,000303	0,000291
3709,814509	0,000118	0,000108
3719,814009	0,000181	0,000179
3729,813509	0,000206	0,000205
3739,813009	0,000052	0,000044
3749,812509	0,000255	0,000258
3759,812009	0,000228	0,000233
3769,811509	0,000052	0,000060
3779,811009	0,000034	0,000043
3789,810509	0,000234	0,000240
3799,810009	0,000277	0,000272
3809,809510	0,000220	0,000210
3819,809010	0,000162	0,000147
3829,808510	0,000204	0,000194
3839,808010	0,000140	0,000135
3849,807510	0,000152	0,000149
3859,807010	0,000258	0,000251
3869,806510	0,000226	0,000221
3879,806010	0,000171	0,000169
3889,805510	0,000106	0,000095
3899,805010	0,000111	0,000101
3909,804510	0,000068	0,000062
3919,804010	0,000062	0,000069
3929,803510	0,000124	0,000131
3939,803010	0,000106	0,000107
3949,802510	0,000034	0,000035
3959,802010	0,000115	0,000115
3969,801510	0,000224	0,000221
3979,801010	0,000172	0,000169
3989,800510	0,000026	0,000024
3999,800010	0,000063	0,000068
4009,799510	0,000109	0,000100
4019,799010	0,000040	0,000035
4029,798510	0,000052	0,000057
4039,798010	0,000045	0,000044
4049,797510	0,000095	0,000095
4059,797010	0,000056	0,000056
4069,796510	0,000071	0,000065
4079,796010	0,000093	0,000087
4089,795510	0,000034	0,000037
4099,795010	0,000096	0,000097
4109,794510	0,000105	0,000099
4119,794010	0,000090	0,000084
4129,793510	0,000119	0,000125
4139,793010	0,000199	0,000197
4149,792510	0,000151	0,000148
4159,792010	0,000290	0,000285
4169,791510	0,000390	0,000377
4179,791010	0,000127	0,000121
4189,790510	0,000054	0,000051
4199,790010	0,000100	0,000099
4209,789511	0,000044	0,000050
4219,789011	0,000123	0,000122
4229,788511	0,000086	0,000080
4239,788011	0,000035	0,000044
4249,787511	0,000107	0,000114
4259,787011	0,000122	0,000119
4269,786511	0,000091	0,000093
4279,786011	0,000021	0,000021
4289,785511	0,000124	0,000122
4299,785011	0,000176	0,000175
4309,784511	0,000100	0,000104
4319,784011	0,000146	0,000144
4329,783511	0,000149	0,000147
4339,783011	0,000121	0,000122
4349,782511	0,000016	0,000016
4359,782011	0,000116	0,000115
4369,781511	0,000119	0,000113
4379,781011	0,000090	0,000088
4389,780511	0,000049	0,000047
4399,780011	0,000044	0,000049
4409,779511	0,000098	0,000099
4419,779011	0,000044	0,000048
4429,778511	0,000202	0,000205
4439,778011	0,000125	0,000126
4449,777511	0,000057	0,000052
4459,777011	0,000155	0,000148
4469,776511	0,000133	0,000141
4479,776011	0,000140	0,000146
4489,775511	0,000052	0,000056
4499,775011	0,000268	0,000267
4509,774511	0,000203	0,000199
4519,774011	0,000127	0,000130
4529,773511	0,000101	0,000105
4539,773011	0,000143	0,000148
4549,772511	0,000119	0,000120
4559,772011	0,000048	0,000049
4569,771511	0,000042	0,000041
4579,771011	0,000161	0,000152
4589,770511	0,000172	0,000171
4599,770011	0,000065	0,000064
4609,769512	0,000029	0,000021
4619,769012	0,000126	0,000113
4629,768512	0,000069	0,000065
4639,768012	0,000094	0,000097
4649,767512	0,000109	0,000107
4659,767012	0,000126	0,000127
4669,766512	0,000183	0,000181
4679,766012	0,000295	0,000289
4689,765512	0,000310	0,000302
4699,765012	0,000118	0,000112
4709,764512	0,000021	0,000026
4719,764012	0,000117	0,000113
4729,763512	0,000143	0,000140
4739,763012	0,000111	0,000116
4749,762512	0,000083	0,000082
4759,762012	0,000065	0,000066
4769,761512	0,000041	0,000048
4779,761012	0,000051	0,000058
4789,760512	0,000053	0,000063
4799,760012	0,000024	0,000023
4809,759512	0,000033	0,000036
4819,759012	0,000052	0,000046
4829,758512	0,000078	0,000078
4839,758012	0,000057	0,000062
4849,757512	0,000055	0,000055
4859,757012	0,000012	0,000007
4869,756512	0,000035	0,000025
4879,756012	0,000034	0,000023
4889,755512	0,000004	0,000013
4899,755012	0,000032	0,000029
4909,754512	0,000082	0,000083
4919,754012	0,000108	0,000109
4929,753512	0,000139	0,000140
4939,753012	0,000066	0,000063
4949,752512	0,000032	0,000037
4959,752012	0,000033	0,000027
4969,751512	0,000048	0,000051
4979,751012	0,000060	0,000062
4989,750512	0,000062	0,000057
4999,750012	0,000103	0,000096
5009,749513	0,000066	0,000060
5019,749013	0,000012	0,000010
5029,748513	0,000045	0,000039
5039,748013	0,000043	0,000039
5049,747513	0,000054	0,000043
5059,747013	0,000045	0,000033
5069,746513	0,000116	0,000122
5079,746013	0,000178	0,000184
5089,745513	0,000124	0,000130
5099,745013	0,000090	0,000090
5109,744513	0,000086	0,000085
5119,744013	0,000049	0,000050
5129,743513	0,000026	0,000023
5139,743013	0,000070	0,000070
5149,742513	0,000030	0,000033
5159,742013	0,000112	0,000113
5169,741513	0,000104	0,000107
5179,741013	0,000017	0,000019
5189,740513	0,000035	0,000032
5199,740013	0,000049	0,000049
5209,739513	0,000053	0,000046
5219,739013	0,000109	0,000103
5229,738513	0,000124	0,000125
5239,738013	0,000021	0,000034
5249,737513	0,000093	0,000096
5259,737013	0,000046	0,000036
5269,736513	0,000068	0,000060
5279,736013	0,000071	0,000077
5289,735513	0,000017	0,000018
5299,735013	0,000029	0,000035
5309,734513	0,000044	0,000046
5319,734013	0,000056	0,000068
5329,733513	0,000041	0,000054
5339,733013	0,000074	0,000064
5349,732513	0,000046	0,000035
5359,732013	0,000068	0,000069
5369,731513	0,000064	0,000065
5379,731013	0,000058	0,000049
5389,730513	0,000091	0,000081
5399,730013	0,000046	0,000036
5409,729514	0,000086	0,000078
5419,729014	0,000100	0,000099
5429,728514	0,000046	0,000048
5439,728014	0,000115	0,000109
5449,727514	0,000107	0,000103
5459,727014	0,000128	0,000133
5469,726514	0,000109	0,000112
5479,726014	0,000056	0,000058
5489,725514	0,000022	0,000026
5499,725014	0,000027	0,000027
5509,724514	0,000098	0,000099
5519,724014	0,000035	0,000034
5529,723514	0,000076	0,000076
5539,723014	0,000074	0,000071
5549,722514	0,000047	0,000044
5559,722014	0,000091	0,000082
5569,721514	0,000118	0,000117
5579,721014	0,000097	0,000103
5589,720514	0,000072	0,000074
5599,720014	0,000020	0,000023
5609,719514	0,000024	0,000025
5619,719014	0,000064	0,000063
5629,718514	0,000044	0,000046
5639,718014	0,000018	0,000022
5649,717514	0,000067	0,000073
5659,717014	0,000112	0,000110
5669,716514	0,000138	0,000133
5679,716014	0,000181	0,000178
5689,715514	0,000129	0,000126
5699,715014	0,000040	0,000041
5709,714514	0,000051	0,000051
5719,714014	0,000031	0,000020
5729,713514	0,000030	0,000040
5739,713014	0,000085	0,000086
5749,712514	0,000035	0,000032
5759,712014	0,000045	0,000047
5769,711514	0,000050	0,000051
5779,711014	0,000035	0,000034
5789,710514	0,000049	0,000047
5799,710014	0,000052	0,000051
5809,709515	0,000037	0,000032
5819,709015	0,000016	0,000015
5829,708515	0,000115	0,000116
5839,708015	0,000130	0,000133
5849,707515	0,000081	0,000082
5859,707015	0,000073	0,000071
5869,706515	0,000046	0,000045
5879,706015	0,000012	0,000010
5889,705515	0,000076	0,000072
5899,705015	0,000055	0,000056
5909,704515	0,000019	0,000018
5919,704015	0,000033	0,000029
5929,703515	0,000096	0,000088
5939,703015	0,000045	0,000040
5949,702515	0,000033	0,000032
5959,702015	0,000014	0,000016
5969,701515	0,000010	0,000012
5979,701015	0,000029	0,000034
5989,700515	0,000045	0,000051
5999,700015	0,000026	0,000038
6009,699515	0,000068	0,000059
6019,699015	0,000100	0,000100
6029,698515	0,000047	0,000054
6039,698015	0,000075	0,000082
6049,697515	0,000067	0,000069
6059,697015	0,000026	0,000031
6069,696515	0,000033	0,000036
6079,696015	0,000020	0,000019
6089,695515	0,000065	0,000058
6099,695015	0,000071	0,000066
6109,694515	0,000049	0,000051
6119,694015	0,000065	0,000065
6129,693515	0,000046	0,000049
6139,693015	0,000048	0,000046
6149,692515	0,000048	0,000039
6159,692015	0,000026	0,000017
6169,691515	0,000045	0,000050
6179,691015	0,000071	0,000081
6189,690515	0,000030	0,000037
6199,690015	0,000056	0,000055
6209,689516	0,000093	0,000093
6219,689016	0,000032	0,000033
6229,688516	0,000065	0,000065
6239,688016	0,000041	0,000039
6249,687516	0,000210	0,000198
6259,687016	0,000167	0,000160
6269,686516	0,000086	0,000087
6279,686016	0,000069	0,000068
6289,685516	0,000104	0,000099
6299,685016	0,000065	0,000059
6309,684516	0,000087	0,000086
6319,684016	0,000086	0,000089
6329,683516	0,000033	0,000041
6339,683016	0,000042	0,000034
6349,682516	0,000104	0,000101
6359,682016	0,000079	0,000079
6369,681516	0,000044	0,000040
6379,681016	0,000011	0,000009
6389,680516	0,000071	0,000070
6399,680016	0,000043	0,000040
6409,679516	0,000020	0,000028
6419,679016	0,000026	0,000034
6429,678516	0,000012	0,000019
6439,678016	0,000063	0,000062
6449,677516	0,000083	0,000080
6459,677016	0,000015	0,000018
6469,676516	0,000030	0,000026
6479,676016	0,000032	0,000039
6489,675516	0,000024	0,000030
6499,675016	0,000050	0,000044
6509,674516	0,000089	0,000084
6519,674016	0,000066	0,000067
6529,673516	0,000028	0,000027
6539,673016	0,000063	0,000061
6549,672516	0,000109	0,000100
6559,672016	0,000107	0,000093
6569,671516	0,000057	0,000043
6579,671016	0,000037	0,000031
6589,670516	0,000072	0,000065
6599,670016	0,000057	0,000052
6609,669517	0,000005	0,000002
6619,669017	0,000006	0,000014
6629,668517	0,000059	0,000061
6639,668017	0,000062	0,000060
6649,667517	0,000053	0,000052
6659,667017	0,000089	0,000090
6669,666517	0,000136	0,000133
6679,666017	0,000067	0,000066
6689,665517	0,000015	0,000012
6699,665017	0,000060	0,000052
6709,664517	0,000066	0,000060
6719,664017	0,000022	0,000023
6729,663517	0,000031	0,000029
6739,663017	0,000054	0,000047
6749,662517	0,000063	0,000068
6759,662017	0,000095	0,000097
6769,661517	0,000059	0,000055
6779,661017	0,000055	0,000052
6789,660517	0,000044	0,000049
6799,660017	0,000077	0,000073
6809,659517	0,000023	0,000021
6819,659017	0,000027	0,000024
6829,658517	0,000013	0,000020
6839,658017	0,000027	0,000017
6849,657517	0,000073	0,000063
6859,657017	0,000069	0,000066
6869,656517	0,000077	0,000080
6879,656017	0,000059	0,000059
6889,655517	0,000035	0,000036
6899,655017	0,000028	0,000035
6909,654517	0,000014	0,000016
6919,654017	0,000024	0,000024
6929,653517	0,000025	0,000030
6939,653017	0,000036	0,000025
6949,652517	0,000060	0,000043
6959,652017	0,000057	0,000045
6969,651517	0,000027	0,000030
6979,651017	0,000039	0,000038
6989,650517	0,000027	0,000026
6999,650017	0,000047	0,000047
7009,649518	0,000011	0,000005
7019,649018	0,000053	0,000044
7029,648518	0,000049	0,000048
7039,648018	0,000054	0,000047
7049,647518	0,000058	0,000045
7059,647018	0,000052	0,000041
7069,646518	0,000015	0,000014
7079,646018	0,000058	0,000048
7089,645518	0,000096	0,000080
7099,645018	0,000092	0,000081
7109,644518	0,000084	0,000080
7119,644018	0,000087	0,000080
7129,643518	0,000096	0,000087
7139,643018	0,000050	0,000051
7149,642518	0,000046	0,000057
7159,642018	0,000022	0,000034
7169,641518	0,000050	0,000042
7179,641018	0,000084	0,000077
7189,640518	0,000069	0,000064
7199,640018	0,000062	0,000054
7209,639518	0,000061	0,000050
7219,639018	0,000010	0,000014
7229,638518	0,000014	0,000003
7239,638018	0,000016	0,000017
7249,637518	0,000048	0,000047
7259,637018	0,000060	0,000060
7269,636518	0,000065	0,000061
7279,636018	0,000052	0,000044
7289,635518	0,000079	0,000064
7299,635018	0,000101	0,000084
7309,634518	0,000122	0,000105
7319,634018	0,000111	0,000093
7329,633518	0,000048	0,000035
7339,633018	0,000009	0,000009
7349,632518	0,000046	0,000040
7359,632018	0,000039	0,000031
7369,631518	0,000053	0,000042
7379,631018	0,000054	0,000050
7389,630518	0,000057	0,000054
7399,630018	0,000050	0,000043
7409,629519	0,000042	0,000034
7419,629019	0,000040	0,000035
7429,628519	0,000025	0,000020
7439,628019	0,000044	0,000044
7449,627519	0,000028	0,000028
7459,627019	0,000032	0,000028
7469,626519	0,000045	0,000036
7479,626019	0,000042	0,000031
7489,625519	0,000005	0,000003
7499,625019	0,000066	0,000057
7509,624519	0,000045	0,000037
7519,624019	0,000040	0,000028
7529,623519	0,000034	0,000029
7539,623019	0,000022	0,000013
7549,622519	0,000028	0,000022
7559,622019	0,000002	0,000007
7569,621519	0,000011	0,000013
7579,621019	0,000020	0,000018
7589,620519	0,000023	0,000022
7599,620019	0,000020	0,000016
7609,619519	0,000013	0,000018
7619,619019	0,000048	0,000047
7629,618519	0,000046	0,000032
7639,618019	0,000022	0,000015
7649,617519	0,000030	0,000026
7659,617019	0,000022	0,000019
7669,616519	0,000040	0,000033
7679,616019	0,000043	0,000035
7689,615519	0,000054	0,000039
7699,615019	0,000038	0,000014
7709,614519	0,000054	0,000037
7719,614019	0,000019	0,000018
7729,613519	0,000041	0,000024
7739,613019	0,000053	0,000033
7749,612519	0,000012	0,000011
7759,612019	0,000034	0,000027
7769,611519	0,000046	0,000047
7779,611019	0,000030	0,000023
7789,610519	0,000066	0,000042
7799,610019	0,000060	0,000040
7809,609520	0,000062	0,000043
7819,609020	0,000081	0,000052
7829,608520	0,000055	0,000036
7839,608020	0,000006	0,000006
7849,607520	0,000059	0,000046
7859,607020	0,000056	0,000045
7869,606520	0,000045	0,000029
7879,606020	0,000052	0,000032
7889,605520	0,000037	0,000026
7899,605020	0,000032	0,000023
7909,604520	0,000031	0,000024
7919,604020	0,000011	0,000012
7929,603520	0,000012	0,000004
7939,603020	0,000025	0,000022
7949,602520	0,000022	0,000018
7959,602020	0,000045	0,000027
7969,601520	0,000060	0,000047
7979,601020	0,000042	0,000034
7989,600520	0,000032	0,000029
7999,600020	0,000037	0,000029
8009,599520	0,000034	0,000022
8019,599020	0,000023	0,000008
8029,598520	0,000039	0,000025
8039,598020	0,000040	0,000025
8049,597520	0,000044	0,000030
8059,597020	0,000042	0,000032
8069,596520	0,000010	0,000008
8079,596020	0,000040	0,000035
8089,595520	0,000034	0,000033
8099,595020	0,000011	0,000005
8109,594520	0,000045	0,000037
8119,594020	0,000029	0,000020
8129,593520	0,000010	0,000005
8139,593020	0,000024	0,000009
8149,592520	0,000039	0,000028
8159,592020	0,000054	0,000041
8169,591520	0,000073	0,000056
8179,591020	0,000067	0,000055
8189,590520	0,000041	0,000038
8199,590020	0,000045	0,000039
8209,589521	0,000084	0,000071
8219,589021	0,000062	0,000051
8229,588521	0,000020	0,000010
8239,588021	0,000035	0,000023
8249,587521	0,000008	0,000012
8259,587021	0,000042	0,000037
8269,586521	0,000053	0,000036
8279,586021	0,000007	0,000013
8289,585521	0,000021	0,000022
8299,585021	0,000072	0,000062
8309,584521	0,000105	0,000086
8319,584021	0,000103	0,000082
8329,583521	0,000064	0,000049
8339,583021	0,000053	0,000050
8349,582521	0,000032	0,000034
8359,582021	0,000035	0,000024
8369,581521	0,000028	0,000022
8379,581021	0,000023	0,000015
8389,580521	0,000076	0,000059
8399,580021	0,000074	0,000059
8409,579521	0,000060	0,000049
8419,579021	0,000052	0,000043
8429,578521	0,000046	0,000028
8439,578021	0,000041	0,000024
8449,577521	0,000024	0,000016
8459,577021	0,000051	0,000039
8469,576521	0,000054	0,000031
8479,576021	0,000029	0,000018
8489,575521	0,000035	0,000022
8499,575021	0,000046	0,000030
8509,574521	0,000041	0,000031
8519,574021	0,000026	0,000022
8529,573521	0,000035	0,000028
8539,573021	0,000040	0,000032
8549,572521	0,000024	0,000024
8559,572021	0,000023	0,000017
8569,571521	0,000027	0,000027
8579,571021	0,000021	0,000023
8589,570521	0,000024	0,000021
8599,570021	0,000015	0,000013
8609,569522	0,000036	0,000031
8619,569022	0,000017	0,000017
8629,568522	0,000030	0,000020
8639,568022	0,000043	0,000035
8649,567522	0,000030	0,000031
8659,567022	0,000008	0,000011
8669,566522	0,000031	0,000031
8679,566022	0,000030	0,000029
8689,565522	0,000008	0,000009
8699,565022	0,000022	0,000023
8709,564522	0,000021	0,000022
8719,564022	0,000014	0,000021
8729,563522	0,000021	0,000030
8739,563022	0,000020	0,000027
8749,562522	0,000014	0,000018
8759,562022	0,000020	0,000023
8769,561522	0,000024	0,000023
8779,561022	0,000023	0,000024
8789,560522	0,000043	0,000046
8799,560022	0,000032	0,000031
8809,559522	0,000034	0,000025
8819,559022	0,000017	0,000015
8829,558522	0,000020	0,000026
8839,558022	0,000030	0,000034
8849,557522	0,000041	0,000046
8859,557022	0,000081	0,000080
8869,556522	0,000079	0,000071
8879,556022	0,000036	0,000032
8889,555522	0,000022	0,000020
8899,555022	0,000022	0,000019
8909,554522	0,000022	0,000007
8919,554022	0,000043	0,000029
8929,553522	0,000050	0,000044
8939,553022	0,000039	0,000038
8949,552522	0,000032	0,000036
8959,552022	0,000037	0,000037
8969,551522	0,000019	0,000016
8979,551022	0,000018	0,000019
8989,550522	0,000026	0,000020
8999,550022	0,000008	0,000010
9009,549523	0,000025	0,000042
9019,549023	0,000044	0,000053
9029,548523	0,000028	0,000025
9039,548023	0,000024	0,000027
9049,547523	0,000037	0,000031
9059,547023	0,000058	0,000049
9069,546523	0,000035	0,000041
9079,546023	0,000007	0,000020
9089,545523	0,000021	0,000033
9099,545023	0,000022	0,000026
9109,544523	0,000010	0,000011
9119,544023	0,000025	0,000025
9129,543523	0,000042	0,000046
9139,543023	0,000020	0,000026
9149,542523	0,000035	0,000035
9159,542023	0,000104	0,000109
9169,541523	0,000094	0,000100
9179,541023	0,000031	0,000037
9189,540523	0,000019	0,000018
9199,540023	0,000033	0,000028
9209,539523	0,000036	0,000032
9219,539023	0,000048	0,000043
9229,538523	0,000047	0,000045
9239,538023	0,000027	0,000035
9249,537523	0,000017	0,000030
9259,537023	0,000020	0,000011
9269,536523	0,000045	0,000039
9279,536023	0,000041	0,000038
9289,535523	0,000034	0,000028
9299,535023	0,000071	0,000058
9309,534523	0,000081	0,000071
9319,534023	0,000051	0,000052
9329,533523	0,000013	0,000016
9339,533023	0,000017	0,000029
9349,532523	0,000030	0,000032
9359,532023	0,000016	0,000025
9369,531523	0,000075	0,000071
9379,531023	0,000071	0,000069
9389,530523	0,000037	0,000042
9399,530023	0,000010	0,000018
9409,529524	0,000014	0,000016
9419,529024	0,000013	0,000011
9429,528524	0,000006	0,000009
9439,528024	0,000013	0,000012
9449,527524	0,000026	0,000022
9459,527024	0,000043	0,000034
9469,526524	0,000031	0,000026
9479,526024	0,000009	0,000010
9489,525524	0,000011	0,000006
9499,525024	0,000037	0,000028
9509,524524	0,000022	0,000018
9519,524024	0,000008	0,000012
9529,523524	0,000028	0,000030
9539,523024	0,000026	0,000034
9549,522524	0,000018	0,000029
9559,522024	0,000030	0,000034
9569,521524	0,000029	0,000030
9579,521024	0,000016	0,000012
9589,520524	0,000061	0,000053
9599,520024	0,000052	0,000043
9609,519524	0,000023	0,000018
9619,519024	0,000026	0,000020
9629,518524	0,000040	0,000037
9639,518024	0,000052	0,000049
9649,517524	0,000040	0,000038
9659,517024	0,000014	0,000017
9669,516524	0,000025	0,000029
9679,516024	0,000018	0,000029
9689,515524	0,000006	0,000014
9699,515024	0,000014	0,000012
9709,514524	0,000044	0,000043
9719,514024	0,000032	0,000030
9729,513524	0,000026	0,000025
9739,513024	0,000026	0,000017
9749,512524	0,000012	0,000004
9759,512024	0,000021	0,000011
9769,511524	0,000008	0,000006
9779,511024	0,000022	0,000016
9789,510524	0,000019	0,000014
9799,510024	0,000007	0,000005
9809,509525	0,000020	0,000011
9819,509025	0,000003	0,000010
9829,508525	0,000019	0,000018
9839,508025	0,000013	0,000016
9849,507525	0,000006	0,000011
9859,507025	0,000017	0,000020
9869,506525	0,000015	0,000025
9879,506025	0,000021	0,000015
9889,505525	0,000030	0,000017
9899,505025	0,000029	0,000033
9909,504525	0,000004	0,000018
9919,504025	0,000003	0,000011
9929,503525	0,000008	0,000013
9939,503025	0,000015	0,000025
9949,502525	0,000035	0,000028
9959,502025	0,000031	0,000024
9969,501525	0,000119	0,000113
9979,501025	0,000249	0,000242
9989,500525	0,013200	0,013004
9999,500025	0,028674	0,028232
10009,499525	0,015385	0,015143
10019,499025	0,000148	0,000139
10029,498525	0,000068	0,000072
10039,498025	0,000065	0,000058
10049,497525	0,000013	0,000017
10059,497025	0,000041	0,000040
10069,496525	0,000046	0,000042
10079,496025	0,000046	0,000039
10089,495525	0,000055	0,000053
10099,495025	0,000019	0,000018
10109,494525	0,000018	0,000021
10119,494025	0,000022	0,000020
10129,493525	0,000019	0,000018
10139,493025	0,000020	0,000013
10149,492525	0,000017	0,000011
10159,492025	0,000026	0,000018
10169,491525	0,000033	0,000027
10179,491025	0,000028	0,000032
10189,490525	0,000021	0,000018
10199,490025	0,000032	0,000018
10209,489526	0,000020	0,000011
10219,489026	0,000013	0,000011
10229,488526	0,000013	0,000011
10239,488026	0,000007	0,000015
10249,487526	0,000014	0,000018
10259,487026	0,000016	0,000006
10269,486526	0,000019	0,000017
10279,486026	0,000033	0,000039
10289,485526	0,000032	0,000031
10299,485026	0,000013	0,000009
10309,484526	0,000006	0,000017
10319,484026	0,000015	0,000022
10329,483526	0,000005	0,000011
10339,483026	0,000020	0,000016
10349,482526	0,000037	0,000029
10359,482026	0,000031	0,000025
10369,481526	0,000015	0,000015
10379,481026	0,000005	0,000006
10389,480526	0,000023	0,000018
10399,480026	0,000030	0,000027
10409,479526	0,000044	0,000044
10419,479026	0,000052	0,000059
10429,478526	0,000043	0,000052
10439,478026	0,000016	0,000027
10449,477526	0,000027	0,000036
10459,477026	0,000028	0,000034
10469,476526	0,000017	0,000024
10479,476026	0,000021	0,000022
10489,475526	0,000011	0,000015
10499,475026	0,000033	0,000034
10509,474526	0,000023	0,000029
10519,474026	0,000017	0,000025
10529,473526	0,000028	0,000034
10539,473026	0,000031	0,000028
10549,472526	0,000023	0,000019
10559,472026	0,000006	0,000012
10569,471526	0,000019	0,000025
10579,471026	0,000014	0,000023
10589,470526	0,000009	0,000019
10599,470026	0,000011	0,000005
10609,469527	0,000028	0,000031
10619,469027	0,000035	0,000042
10629,468527	0,000033	0,000038
10639,468027	0,000046	0,000042
10649,467527	0,000046	0,000039
10659,467027	0,000017	0,000015
10669,466527	0,000006	0,000004
10679,466027	0,000014	0,000010
10689,465527	0,000022	0,000018
10699,465027	0,000030	0,000025
10709,464527	0,000011	0,000011
10719,464027	0,000016	0,000014
10729,463527	0,000025	0,000018
10739,463027	0,000025	0,000026
10749,462527	0,000027	0,000026
10759,462027	0,000005	0,000008
10769,461527	0,000012	0,000022
10779,461027	0,000014	0,000017
10789,460527	0,000014	0,000013
10799,460027	0,000021	0,000026
10809,459527	0,000008	0,000019
10819,459027	0,000023	0,000034
10829,458527	0,000050	0,000058
10839,458027	0,000039	0,000044
10849,457527	0,000008	0,000011
10859,457027	0,000031	0,000030
10869,456527	0,000021	0,000004
10879,456027	0,000005	0,000017
10889,455527	0,000010	0,000010
10899,455027	0,000012	0,000008
10909,454527	0,000008	0,000006
10919,454027	0,000014	0,000006
10929,453527	0,000034	0,000021
10939,453027	0,000029	0,000025
10949,452527	0,000019	0,000014
10959,452027	0,000024	0,000018
10969,451527	0,000026	0,000020
10979,451027	0,000034	0,000029
10989,450527	0,000004	0,000003
10999,450027	0,000018	0,000028
11009,449528	0,000022	0,000021
11019,449028	0,000025	0,000022
11029,448528	0,000015	0,000015
11039,448028	0,000032	0,000031
11049,447528	0,000025	0,000025
11059,447028	0,000011	0,000023
11069,446528	0,000022	0,000031
11079,446028	0,000018	0,000018
11089,445528	0,000012	0,000009
11099,445028	0,000014	0,000007
11109,444528	0,000005	0,000008
11119,444028	0,000037	0,000036
11129,443528	0,000033	0,000038
11139,443028	0,000014	0,000028
11149,442528	0,000012	0,000012
11159,442028	0,000006	0,000014
11169,441528	0,000010	0,000013
11179,441028	0,000006	0,000010
11189,440528	0,000026	0,000029
11199,440028	0,000031	0,000029
11209,439528	0,000032	0,000030
11219,439028	0,000029	0,000023
11229,438528	0,000019	0,000017
11239,438028	0,000019	0,000026
11249,437528	0,000004	0,000009
11259,437028	0,000006	0,000006
11269,436528	0,000021	0,000014
11279,436028	0,000028	0,000021
11289,435528	0,000019	0,000018
11299,435028	0,000006	0,000008
11309,434528	0,000023	0,000019
11319,434028	0,000036	0,000036
11329,433528	0,000025	0,000026
11339,433028	0,000019	0,000014
11349,432528	0,000029	0,000028
11359,432028	0,000025	0,000025
11369,431528	0,000018	0,000016
11379,431028	0,000021	0,000015
11389,430528	0,000015	0,000014
11399,430028	0,000009	0,000012
11409,429529	0,000022	0,000025
11419,429029	0,000013	0,000017
11429,428529	0,000004	0,000013
11439,428029	0,000013	0,000015
11449,427529	0,000023	0,000030
11459,427029	0,000017	0,000022
11469,426529	0,000010	0,000009
11479,426029	0,000016	0,000007
11489,425529	0,000026	0,000020
11499,425029	0,000035	0,000036
11509,424529	0,000032	0,000024
11519,424029	0,000007	0,000009
11529,423529	0,000023	0,000025
11539,423029	0,000018	0,000020
11549,422529	0,000030	0,000032
11559,422029	0,000021	0,000019
11569,421529	0,000010	0,000014
11579,421029	0,000018	0,000023
11589,420529	0,000032	0,000038
11599,420029	0,000028	0,000029
11609,419529	0,000023	0,000019
11619,419029	0,000012	0,000011
11629,418529	0,000012	0,000014
11639,418029	0,000015	0,000015
11649,417529	0,000006	0,000008
11659,417029	0,000017	0,000015
11669,416529	0,000018	0,000016
11679,416029	0,000020	0,000023
11689,415529	0,000021	0,000031
11699,415029	0,000010	0,000014
11709,414529	0,000014	0,000020
11719,414029	0,000022	0,000035
11729,413529	0,000025	0,000029
11739,413029	0,000020	0,000017
11749,412529	0,000022	0,000021
11759,412029	0,000025	0,000027
11769,411529	0,000016	0,000023
11779,411029	0,000019	0,000025
11789,410529	0,000019	0,000021
11799,410029	0,000009	0,000003
11809,409530	0,000007	0,000016
11819,409030	0,000019	0,000028
11829,408530	0,000023	0,000031
11839,408030	0,000020	0,000022
11849,407530	0,000027	0,000030
11859,407030	0,000015	0,000018
11869,406530	0,000005	0,000006
11879,406030	0,000014	0,000016
11889,405530	0,000014	0,000018
11899,405030	0,000019	0,000024
11909,404530	0,000031	0,000037
11919,404030	0,000029	0,000028
11929,403530	0,000035	0,000031
11939,403030	0,000029	0,000024
11949,402530	0,000015	0,000014
11959,402030	0,000002	0,000005
11969,401530	0,000004	0,000010
11979,401030	0,000014	0,000021
11989,400530	0,000031	0,000029
11999,400030	0,000023	0,000020
12009,399530	0,000016	0,000012
12019,399030	0,000009	0,000009
12029,398530	0,000009	0,000007
12039,398030	0,000020	0,000016
12049,397530	0,000023	0,000016
12059,397030	0,000014	0,000013
12069,396530	0,000024	0,000025
12079,396030	0,000013	0,000024
12089,395530	0,000009	0,000019
12099,395030	0,000005	0,000010
12109,394530	0,000003	0,000006
12119,394030	0,000014	0,000014
12129,393530	0,000013	0,000012
12139,393030	0,000015	0,000011
12149,392530	0,000028	0,000025
12159,392030	0,000028	0,000023
12169,391530	0,000017	0,000011
12179,391030	0,000007	0,000014
12189,390530	0,000019	0,000006
12199,390030	0,000021	0,000009
12209,389531	0,000021	0,000016
12219,389031	0,000007	0,000008
12229,388531	0,000011	0,000006
12239,388031	0,000003	0,000010
12249,387531	0,000012	0,000016
12259,387031	0,000012	0,000016
12269,386531	0,000004	0,000006
12279,386031	0,000010	0,000015
12289,385531	0,000012	0,000021
12299,385031	0,000004	0,000007
12309,384531	0,000003	0,000004
12319,384031	0,000015	0,000008
12329,383531	0,000007	0,000012
12339,383031	0,000011	0,000018
12349,382531	0,000014	0,000023
12359,382031	0,000021	0,000026
12369,381531	0,000024	0,000022
12379,381031	0,000014	0,000013
12389,380531	0,000016	0,000013
12399,380031	0,000022	0,000017
12409,379531	0,000009	0,000003
12419,379031	0,000002	0,000007
12429,378531	0,000013	0,000017
12439,378031	0,000023	0,000020
12449,377531	0,000023	0,000019
12459,377031	0,000015	0,000014
12469,376531	0,000013	0,000011
12479,376031	0,000015	0,000013
12489,375531	0,000021	0,000021
12499,375031	0,000007	0,000006
12509,374531	0,000015	0,000022
12519,374031	0,000007	0,000012
12529,373531	0,000019	0,000021
12539,373031	0,000019	0,000022
12549,372531	0,000016	0,000021
12559,372031	0,000025	0,000022
12569,371531	0,000024	0,000032
12579,371031	0,000015	0,000023
12589,370531	0,000010	0,000004
12599,370031	0,000013	0,000015
12609,369532	0,000016	0,000020
12619,369032	0,000020	0,000022
12629,368532	0,000010	0,000014
12639,368032	0,000011	0,000004
12649,367532	0,000007	0,000005
12659,367032	0,000018	0,000018
12669,366532	0,000020	0,000020
12679,366032	0,000024	0,000024
12689,365532	0,000018	0,000028
12699,365032	0,000010	0,000021
12709,364532	0,000011	0,000019
12719,364032	0,000013	0,000015
12729,363532	0,000013	0,000013
12739,363032	0,000010	0,000010
12749,362532	0,000016	0,000014
12759,362032	0,000022	0,000018
12769,361532	0,000005	0,000003
12779,361032	0,000001	0,000006
12789,360532	0,000010	0,000011
12799,360032	0,000017	0,000019
12809,359532	0,000025	0,000027
12819,359032	0,000012	0,000016
12829,358532	0,000012	0,000009
12839,358032	0,000007	0,000002
12849,357532	0,000016	0,000012
12859,357032	0,000022	0,000024
12869,356532	0,000007	0,000017
12879,356032	0,000017	0,000010
12889,355532	0,000002	0,000002
12899,355032	0,000014	0,000015
12909,354532	0,000012	0,000020
12919,354032	0,000011	0,000009
12929,353532	0,000006	0,000010
12939,353032	0,000011	0,000018
12949,352532	0,000014	0,000013
12959,352032	0,000011	0,000011
12969,351532	0,000010	0,000016
12979,351032	0,000007	0,000013
12989,350532	0,000008	0,000008
12999,350032	0,000008	0,000015
13009,349533	0,000009	0,000010
13019,349033	0,000020	0,000015
13029,348533	0,000014	0,000014
13039,348033	0,000005	0,000005
13049,347533	0,000010	0,000012
13059,347033	0,000009	0,000010
13069,346533	0,000012	0,000007
13079,346033	0,000019	0,000021
13089,345533	0,000021	0,000021
13099,345033	0,000008	0,000005
13109,344533	0,000014	0,000011
13119,344033	0,000020	0,000014
13129,343533	0,000028	0,000018
13139,343033	0,000023	0,000016
13149,342533	0,000020	0,000014
13159,342033	0,000020	0,000018
13169,341533	0,000014	0,000014
13179,341033	0,000029	0,000021
13189,340533	0,000024	0,000014
13199,340033	0,000029	0,000018
13209,339533	0,000015	0,000014
13219,339033	0,000010	0,000008
13229,338533	0,000022	0,000015
13239,338033	0,000018	0,000015
13249,337533	0,000016	0,000019
13259,337033	0,000014	0,000016
13269,336533	0,000009	0,000004
13279,336033	0,000012	0,000009
13289,335533	0,000015	0,000009
13299,335033	0,000015	0,000007
13309,334533	0,000003	0,000009
13319,334033	0,000009	0,000001
13329,333533	0,000009	0,000007
13339,333033	0,000018	0,000017
13349,332533	0,000010	0,000007
13359,332033	0,000008	0,000015
13369,331533	0,000012	0,000015
13379,331033	0,000012	0,000018
13389,330533	0,000016	0,000022
13399,330033	0,000013	0,000018
13409,329534	0,000011	0,000016
13419,329034	0,000011	0,000015
13429,328534	0,000012	0,000017
13439,328034	0,000013	0,000016
13449,327534	0,000008	0,000010
13459,327034	0,000014	0,000010
13469,326534	0,000010	0,000008
13479,326034	0,000010	0,000009
13489,325534	0,000021	0,000011
13499,325034	0,000013	0,000003
13509,324534	0,000002	0,000011
13519,324034	0,000012	0,000014
13529,323534	0,000012	0,000016
13539,323034	0,000002	0,000012
13549,322534	0,000002	0,000009
13559,322034	0,000009	0,000015
13569,321534	0,000016	0,000020
13579,321034	0,000019	0,000030
13589,320534	0,000019	0,000035
13599,320034	0,000014	0,000024
13609,319534	0,000018	0,000021
13619,319034	0,000019	0,000017
13629,318534	0,000009	0,000005
13639,318034	0,000002	0,000003
13649,317534	0,000002	0,000001
13659,317034	0,000013	0,000008
13669,316534	0,000019	0,000017
13679,316034	0,000014	0,000014
13689,315534	0,000014	0,000014
13699,315034	0,000011	0,000014
13709,314534	0,000004	0,000003
13719,314034	0,000011	0,000008
13729,313534	0,000013	0,000010
13739,313034	0,000014	0,000013
13749,312534	0,000028	0,000021
13759,312034	0,000022	0,000016
13769,311534	0,000011	0,000007
13779,311034	0,000008	0,000006
13789,310534	0,000011	0,000008
13799,310034	0,000010	0,000003
13809,309535	0,000013	0,000011
13819,309035	0,000021	0,000019
13829,308535	0,000024	0,000029
13839,308035	0,000017	0,000030
13849,307535	0,000015	0,000022
13859,307035	0,000015	0,000013
13869,306535	0,000010	0,000008
13879,306035	0,000009	0,000013
13889,305535	0,000009	0,000010
13899,305035	0,000017	0,000013
13909,304535	0,000013	0,000014
13919,304035	0,000009	0,000007
13929,303535	0,000005	0,000009
13939,303035	0,000019	0,000019
13949,302535	0,000024	0,000019
13959,302035	0,000022	0,000016
13969,301535	0,000015	0,000008
13979,301035	0,000007	0,000004
13989,300535	0,000011	0,000011
13999,300035	0,000019	0,000015
14009,299535	0,000023	0,000019
14019,299035	0,000019	0,000009
14029,298535	0,000018	0,000017
14039,298035	0,000003	0,000005
14049,297535	0,000018	0,000012
14059,297035	0,000014	0,000014
14069,296535	0,000014	0,000015
14079,296035	0,000013	0,000012
14089,295535	0,000013	0,000009
14099,295035	0,000014	0,000010
14109,294535	0,000015	0,000011
14119,294035	0,000010	0,000004
14129,293535	0,000007	0,000003
14139,293035	0,000019	0,000018
14149,292535	0,000021	0,000022
14159,292035	0,000008	0,000012
14169,291535	0,000008	0,000005
14179,291035	0,000020	0,000014
14189,290535	0,000014	0,000007
14199,290035	0,000009	0,000016
14209,289536	0,000013	0,000019
14219,289036	0,000011	0,000013
14229,288536	0,000009	0,000010
14239,288036	0,000007	0,000007
14249,287536	0,000017	0,000015
14259,287036	0,000021	0,000017
14269,286536	0,000018	0,000016
14279,286036	0,000012	0,000011
14289,285536	0,000008	0,000004
14299,285036	0,000008	0,000012
14309,284536	0,000008	0,000007
14319,284036	0,000001	0,000002
14329,283536	0,000024	0,000020
14339,283036	0,000024	0,000022
14349,282536	0,000004	0,000003
14359,282036	0,000008	0,000009
14369,281536	0,000009	0,000004
14379,281036	0,000013	0,000005
14389,280536	0,000008	0,000002
14399,280036	0,000005	0,000007
14409,279536	0,000003	0,000016
14419,279036	0,000021	0,000035
14429,278536	0,000016	0,000021
14439,278036	0,000009	0,000011
14449,277536	0,000011	0,000013
14459,277036	0,000008	0,000005
14469,276536	0,000012	0,000009
14479,276036	0,000015	0,000011
14489,275536	0,000021	0,000018
14499,275036	0,000017	0,000012
14509,274536	0,000014	0,000013
14519,274036	0,000005	0,000006
14529,273536	0,000016	0,000013
14539,273036	0,000027	0,000025
14549,272536	0,000015	0,000012
14559,272036	0,000007	0,000014
14569,271536	0,000018	0,000020
14579,271036	0,000023	0,000023
14589,270536	0,000016	0,000014
14599,270036	0,000006	0,000006
14609,269537	0,000008	0,000008
14619,269037	0,000010	0,000005
14629,268537	0,000018	0,000011
14639,268037	0,000014	0,000018
14649,267537	0,000008	0,000018
14659,267037	0,000017	0,000021
14669,266537	0,000006	0,000010
14679,266037	0,000012	0,000014
14689,265537	0,000012	0,000011
14699,265037	0,000004	0,000003
14709,264537	0,000002	0,000008
14719,264037	0,000003	0,000012
14729,263537	0,000015	0,000018
14739,263037	0,000027	0,000026
14749,262537	0,000021	0,000021
14759,262037	0,000014	0,000018
14769,261537	0,000005	0,000016
14779,261037	0,000016	0,000013
14789,260537	0,000015	0,000003
14799,260037	0,000013	0,000016
14809,259537	0,000018	0,000020
14819,259037	0,000015	0,000011
14829,258537	0,000012	0,000013
14839,258037	0,000016	0,000018
14849,257537	0,000016	0,000018
14859,257037	0,000005	0,000009
14869,256537	0,000008	0,000004
14879,256037	0,000010	0,000012
14889,255537	0,000006	0,000002
14899,255037	0,000008	0,000005
14909,254537	0,000011	0,000009
14919,254037	0,000025	0,000024
14929,253537	0,000029	0,000026
14939,253037	0,000010	0,000008
14949,252537	0,000003	0,000002
14959,252037	0,000010	0,000005
14969,251537	0,000007	0,000010
14979,251037	0,000009	0,000005
14989,250537	0,000015	0,000010
14999,250037	0,000014	0,000009
15009,249538	0,000014	0,000007
15019,249038	0,000012	0,000008
15029,248538	0,000008	0,000006
15039,248038	0,000006	0,000007
15049,247538	0,000014	0,000010
15059,247038	0,000026	0,000023
15069,246538	0,000013	0,000014
15079,246038	0,000017	0,000014
15089,245538	0,000023	0,000021
15099,245038	0,000016	0,000012
15109,244538	0,000011	0,000002
15119,244038	0,000018	0,000006
15129,243538	0,000024	0,000010
15139,243038	0,000008	0,000003
15149,242538	0,000010	0,000005
15159,242038	0,000013	0,000007
15169,241538	0,000010	0,000009
15179,241038	0,000006	0,000013
15189,240538	0,000010	0,000017
15199,240038	0,000011	0,000013
15209,239538	0,000013	0,000009
15219,239038	0,000011	0,000017
15229,238538	0,000004	0,000003
15239,238038	0,000005	0,000006
15249,237538	0,000011	0,000015
15259,237038	0,000014	0,000013
15269,236538	0,000009	0,000001
15279,236038	0,000011	0,000002
15289,235538	0,000013	0,000009
15299,235038	0,000010	0,000008
15309,234538	0,000007	0,000008
15319,234038	0,000017	0,000013
15329,233538	0,000011	0,000009
15339,233038	0,000014	0,000017
15349,232538	0,000016	0,000013
15359,232038	0,000010	0,000009
15369,231538	0,000001	0,000009
15379,231038	0,000003	0,000017
15389,230538	0,000007	0,000016
15399,230038	0,000015	0,000013
15409,229539	0,000016	0,000016
15419,229039	0,000017	0,000020
15429,228539	0,000012	0,000015
15439,228039	0,000003	0,000011
15449,227539	0,000003	0,000007
15459,227039	0,000010	0,000006
15469,226539	0,000010	0,000012
15479,226039	0,000006	0,000014
15489,225539	0,000008	0,000010
15499,225039	0,000010	0,000009
15509,224539	0,000013	0,000011
15519,224039	0,000012	0,000010
15529,223539	0,000006	0,000004
15539,223039	0,000010	0,000016
15549,222539	0,000017	0,000011
15559,222039	0,000011	0,000004
15569,221539	0,000013	0,000013
15579,221039	0,000016	0,000014
15589,220539	0,000022	0,000022
15599,220039	0,000008	0,000013
15609,219539	0,000006	0,000009
15619,219039	0,000006	0,000005
15629,218539	0,000002	0,000004
15639,218039	0,000014	0,000012
15649,217539	0,000014	0,000013
15659,217039	0,000001	0,000013
15669,216539	0,000003	0,000008
15679,216039	0,000007	0,000005
15689,215539	0,000015	0,000009
15699,215039	0,000015	0,000015
15709,214539	0,000017	0,000021
15719,214039	0,000016	0,000020
15729,213539	0,000024	0,000029
15739,213039	0,000012	0,000015
15749,212539	0,000009	0,000007
15759,212039	0,000005	0,000014
15769,211539	0,000004	0,000010
15779,211039	0,000015	0,000016
15789,210539	0,000020	0,000022
15799,210039	0,000017	0,000023
15809,209540	0,000021	0,000020
15819,209040	0,000016	0,000010
15829,208540	0,000002	0,000003
15839,208040	0,000004	0,000008
15849,207540	0,000005	0,000011
15859,207040	0,000006	0,000007
15869,206540	0,000006	0,000007
15879,206040	0,000008	0,000014
15889,205540	0,000007	0,000013
15899,205040	0,000015	0,000016
15909,204540	0,000019	0,000018
15919,204040	0,000020	0,000008
15929,203540	0,000022	0,000014
15939,203040	0,000018	0,000014
15949,202540	0,000015	0,000014
15959,202040	0,000004	0,000004
15969,201540	0,000015	0,000015
15979,201040	0,000007	0,000004
15989,200540	0,000007	0,000011
15999,200040	0,000017	0,000020
16009,199540	0,000012	0,000012
16019,199040	0,000010	0,000011
16029,198540	0,000013	0,000010
16039,198040	0,000011	0,000007
16049,197540	0,000005	0,000009
16059,197040	0,000007	0,000005
16069,196540	0,000004	0,000007
16079,196040	0,000006	0,000009
16089,195540	0,000010	0,000011
16099,195040	0,000015	0,000011
16109,194540	0,000009	0,000010
16119,194040	0,000005	0,000011
16129,193540	0,000009	0,000017
16139,193040	0,000003	0,000007
16149,192540	0,000009	0,000014
16159,192040	0,000009	0,000021
16169,191540	0,000023	0,000032
16179,191040	0,000017	0,000019
16189,190540	0,000008	0,000006
16199,190040	0,000019	0,000017
16209,189541	0,000024	0,000024
16219,189041	0,000013	0,000016
16229,188541	0,000008	0,000013
16239,188041	0,000015	0,000009
16249,187541	0,000016	0,000010
16259,187041	0,000006	0,000007
16269,186541	0,000006	0,000004
16279,186041	0,000003	0,000003
16289,185541	0,000009	0,000006
16299,185041	0,000012	0,000015
16309,184541	0,000009	0,000014
16319,184041	0,000011	0,000013
16329,183541	0,000011	0,000003
16339,183041	0,000008	0,000010
16349,182541	0,000010	0,000008
16359,182041	0,000010	0,000017
16369,181541	0,000005	0,000010
16379,181041	0,000010	0,000012
16389,180541	0,000009	0,000013
16399,180041	0,000006	0,000007
16409,179541	0,000013	0,000011
16419,179041	0,000009	0,000009
16429,178541	0,000005	0,000003
16439,178041	0,000013	0,000002
16449,177541	0,000010	0,000008
16459,177041	0,000014	0,000006
16469,176541	0,000004	0,000012
16479,176041	0,000017	0,000016
16489,175541	0,000009	0,000011
16499,175041	0,000008	0,000009
16509,174541	0,000015	0,000011
16519,174041	0,000020	0,000010
16529,173541	0,000017	0,000014
16539,173041	0,000008	0,000006
16549,172541	0,000009	0,000012
16559,172041	0,000008	0,000009
16569,171541	0,000010	0,000002
16579,171041	0,000012	0,000003
16589,170541	0,000010	0,000008
16599,170041	0,000007	0,000002
16609,169542	0,000019	0,000013
16619,169042	0,000014	0,000008
16629,168542	0,000011	0,000008
16639,168042	0,000015	0,000010
16649,167542	0,000014	0,000003
16659,167042	0,000003	0,000003
16669,166542	0,000010	0,000004
16679,166042	0,000013	0,000006
16689,165542	0,000014	0,000017
16699,165042	0,000015	0,000015
16709,164542	0,000010	0,000006
16719,164042	0,000007	0,000010
16729,163542	0,000017	0,000005
16739,163042	0,000016	0,000004
16749,162542	0,000014	0,000009
16759,162042	0,000017	0,000015
16769,161542	0,000015	0,000013
16779,161042	0,000012	0,000016
16789,160542	0,000006	0,000014
16799,160042	0,000007	0,000014
16809,159542	0,000012	0,000019
16819,159042	0,000017	0,000017
16829,158542	0,000013	0,000008
16839,158042	0,000003	0,000009
16849,157542	0,000008	0,000009
16859,157042	0,000008	0,000008
16869,156542	0,000013	0,000015
16879,156042	0,000016	0,000012
16889,155542	0,000010	0,000007
16899,155042	0,000011	0,000011
16909,154542	0,000011	0,000016
16919,154042	0,000002	0,000008
16929,153542	0,000009	0,000005
16939,153042	0,000009	0,000009
16949,152542	0,000009	0,000005
16959,152042	0,000009	0,000003
16969,151542	0,000012	0,000008
16979,151042	0,000015	0,000013
16989,150542	0,000010	0,000009
16999,150042	0,000003	0,000016
17009,149543	0,000003	0,000010
17019,149043	0,000008	0,000008
17029,148543	0,000011	0,000008
17039,148043	0,000015	0,000013
17049,147543	0,000014	0,000015
17059,147043	0,000006	0,000011
17069,146543	0,000013	0,000022
17079,146043	0,000020	0,000022
17089,145543	0,000013	0,000010
17099,145043	0,000007	0,000008
17109,144543	0,000006	0,000008
17119,144043	0,000012	0,000008
17129,143543	0,000016	0,000011
17139,143043	0,000008	0,000006
17149,142543	0,000010	0,000010
17159,142043	0,000010	0,000011
17169,141543	0,000002	0,000003
17179,141043	0,000006	0,000006
17189,140543	0,000013	0,000010
17199,140043	0,000012	0,000009
17209,139543	0,000019	0,000014
17219,139043	0,000016	0,000016
17229,138543	0,000013	0,000021
17239,138043	0,000006	0,000012
17249,137543	0,000007	0,000009
17259,137043	0,000016	0,000020
17269,136543	0,000013	0,000018
17279,136043	0,000010	0,000011
17289,135543	0,000008	0,000007
17299,135043	0,000011	0,000010
17309,134543	0,000018	0,000018
17319,134043	0,000016	0,000020
17329,133543	0,000024	0,000028
17339,133043	0,000016	0,000019
17349,132543	0,000004	0,000005
17359,132043	0,000007	0,000007
17369,131543	0,000019	0,000009
17379,131043	0,000019	0,000008
17389,130543	0,000017	0,000012
17399,130043	0,000010	0,000005
17409,129544	0,000010	0,000001
17419,129044	0,000006	0,000007
17429,128544	0,000007	0,000015
17439,128044	0,000008	0,000012
17449,127544	0,000014	0,000012
17459,127044	0,000015	0,000013
17469,126544	0,000006	0,000004
17479,126044	0,000002	0,000005
17489,125544	0,000007	0,000003
17499,125044	0,000014	0,000008
17509,124544	0,000011	0,000008
17519,124044	0,000008	0,000003
17529,123544	0,000013	0,000008
17539,123044	0,000006	0,000004
17549,122544	0,000006	0,000009
17559,122044	0,000001	0,000009
17569,121544	0,000009	0,000010
17579,121044	0,000015	0,000014
17589,120544	0,000008	0,000009
17599,120044	0,000008	0,000008
17609,119544	0,000020	0,000024
17619,119044	0,000018	0,000029
17629,118544	0,000012	0,000011
17639,118044	0,000014	0,000020
17649,117544	0,000013	0,000017
17659,117044	0,000013	0,000012
17669,116544	0,000015	0,000013
17679,116044	0,000008	0,000006
17689,115544	0,000003	0,000006
17699,115044	0,000004	0,000001
17709,114544	0,000010	0,000005
17719,114044	0,000015	0,000008
17729,113544	0,000011	0,000012
17739,113044	0,000010	0,000012
17749,112544	0,000013	0,000007
17759,112044	0,000010	0,000008
17769,111544	0,000014	0,000010
17779,111044	0,000011	0,000008
17789,110544	0,000013	0,000010
17799,110044	0,000017	0,000011
17809,109545	0,000012	0,000002
17819,109045	0,000002	0,000005
17829,108545	0,000003	0,000003
17839,108045	0,000010	0,000012
17849,107545	0,000016	0,000020
17859,107045	0,000018	0,000023
17869,106545	0,000022	0,000026
17879,106045	0,000026	0,000023
17889,105545	0,000023	0,000016
17899,105045	0,000017	0,000012
17909,104545	0,000005	0,000007
17919,104045	0,000012	0,000010
17929,103545	0,000014	0,000015
17939,103045	0,000020	0,000016
17949,102545	0,000014	0,000008
17959,102045	0,000002	0,000005
17969,101545	0,000009	0,000002
17979,101045	0,000001	0,000006
17989,100545	0,000011	0,000010
17999,100045	0,000017	0,000018
18009,099545	0,000013	0,000012
18019,099045	0,000004	0,000014
18029,098545	0,000007	0,000011
18039,098045	0,000009	0,000006
18049,097545	0,000011	0,000006
18059,097045	0,000014	0,000007
18069,096545	0,000021	0,000010
18079,096045	0,000013	0,000010
18089,095545	0,000008	0,000013
18099,095045	0,000005	0,000012
18109,094545	0,000005	0,000005
18119,094045	0,000005	0,000005
18129,093545	0,000009	0,000013
18139,093045	0,000018	0,000016
18149,092545	0,000020	0,000018
18159,092045	0,000015	0,000018
18169,091545	0,000015	0,000017
18179,091045	0,000002	0,000012
18189,090545	0,000009	0,000011
18199,090045	0,000007	0,000007
18209,089546	0,000003	0,000008
18219,089046	0,000014	0,000007
18229,088546	0,000012	0,000008
18239,088046	0,000011	0,000010
18249,087546	0,000014	0,000007
18259,087046	0,000017	0,000006
18269,086546	0,000016	0,000012
18279,086046	0,000003	0,000006
18289,085546	0,000009	0,000002
18299,085046	0,000014	0,000009
18309,084546	0,000014	0,000020
18319,084046	0,000006	0,000008
18329,083546	0,000011	0,000002
18339,083046	0,000007	0,000005
18349,082546	0,000009	0,000008
18359,082046	0,000009	0,000013
18369,081546	0,000004	0,000012
18379,081046	0,000004	0,000006
18389,080546	0,000007	0,000007
18399,080046	0,000012	0,000006
18409,079546	0,000013	0,000003
18419,079046	0,000006	0,000001
18429,078546	0,000006	0,000005
18439,078046	0,000010	0,000007
18449,077546	0,000012	0,000009
18459,077046	0,000012	0,000009
18469,076546	0,000004	0,000013
18479,076046	0,000013	0,000017
18489,075546	0,000009	0,000009
18499,075046	0,000003	0,000008
18509,074546	0,000008	0,000008
18519,074046	0,000007	0,000010
18529,073546	0,000004	0,000005
18539,073046	0,000007	0,000008
18549,072546	0,000006	0,000005
18559,072046	0,000013	0,000014
18569,071546	0,000016	0,000015
18579,071046	0,000010	0,000010
18589,070546	0,000006	0,000011
18599,070046	0,000006	0,000014
18609,069547	0,000006	0,000007
18619,069047	0,000015	0,000014
18629,068547	0,000007	0,000006
18639,068047	0,000006	0,000005
18649,067547	0,000006	0,000006
18659,067047	0,000006	0,000009
18669,066547	0,000006	0,000007
18679,066047	0,000009	0,000005
18689,065547	0,000008	0,000006
18699,065047	0,000004	0,000007
18709,064547	0,000004	0,000005
18719,064047	0,000005	0,000007
18729,063547	0,000006	0,000007
18739,063047	0,000010	0,000007
18749,062547	0,000014	0,000008
18759,062047	0,000012	0,000007
18769,061547	0,000005	0,000009
18779,061047	0,000016	0,000013
18789,060547	0,000024	0,000018
18799,060047	0,000019	0,000013
18809,059547	0,000009	0,000013
18819,059047	0,000005	0,000009
18829,058547	0,000009	0,000010
18839,058047	0,000003	0,000009
18849,057547	0,000006	0,000005
18859,057047	0,000009	0,000006
18869,056547	0,000012	0,000014
18879,056047	0,000009	0,000013
18889,055547	0,000009	0,000009
18899,055047	0,000007	0,000005
18909,054547	0,000007	0,000004
18919,054047	0,000006	0,000006
18929,053547	0,000004	0,000004
18939,053047	0,000015	0,000021
18949,052547	0,000013	0,000018
18959,052047	0,000003	0,000009
18969,051547	0,000009	0,000012
18979,051047	0,000005	0,000001
18989,050547	0,000004	0,000004
18999,050047	0,000006	0,000005
19009,049548	0,000003	0,000004
19019,049048	0,000012	0,000008
19029,048548	0,000014	0,000008
19039,048048	0,000017	0,000015
19049,047548	0,000010	0,000009
19059,047048	0,000012	0,000012
19069,046548	0,000007	0,000004
19079,046048	0,000005	0,000007
19089,045548	0,000004	0,000010
19099,045048	0,000004	0,000009
19109,044548	0,000005	0,000006
19119,044048	0,000009	0,000007
19129,043548	0,000005	0,000002
19139,043048	0,000001	0,000002
19149,042548	0,000003	0,000002
19159,042048	0,000005	0,000010
19169,041548	0,000011	0,000014
19179,041048	0,000009	0,000011
19189,040548	0,000004	0,000011
19199,040048	0,000007	0,000012
19209,039548	0,000009	0,000011
19219,039048	0,000010	0,000013
19229,038548	0,000008	0,000012
19239,038048	0,000006	0,000004
19249,037548	0,000007	0,000005
19259,037048	0,000002	0,000002
19269,036548	0,000006	0,000007
19279,036048	0,000008	0,000001
19289,035548	0,000007	0,000002
19299,035048	0,000012	0,000005
19309,034548	0,000013	0,000010
19319,034048	0,000006	0,000006
19329,033548	0,000003	0,000008
19339,033048	0,000003	0,000005
19349,032548	0,000007	0,000008
19359,032048	0,000010	0,000010
19369,031548	0,000004	0,000003
19379,031048	0,000006	0,000014
19389,030548	0,000003	0,000011
19399,030048	0,000010	0,000009
19409,029549	0,000018	0,000019
19419,029049	0,000022	0,000023
19429,028549	0,000013	0,000010
19439,028049	0,000007	0,000003
19449,027549	0,000010	0,000008
19459,027049	0,000009	0,000010
19469,026549	0,000013	0,000012
19479,026049	0,000019	0,000015
19489,025549	0,000009	0,000007
19499,025049	0,000004	0,000011
19509,024549	0,000011	0,000005
19519,024049	0,000019	0,000012
19529,023549	0,000013	0,000009
19539,023049	0,000005	0,000004
19549,022549	0,000007	0,000006
19559,022049	0,000005	0,000007
19569,021549	0,000006	0,000013
19579,021049	0,000009	0,000016
19589,020549	0,000020	0,000023
19599,020049	0,000019	0,000031
19609,019549	0,000015	0,000024
19619,019049	0,000016	0,000014
19629,018549	0,000015	0,000010
19639,018049	0,000012	0,000011
19649,017549	0,000011	0,000018
19659,017049	0,000012	0,000021
19669,016549	0,000012	0,000014
19679,016049	0,000012	0,000007
19689,015549	0,000020	0,000014
19699,015049	0,000019	0,000014
19709,014549	0,000014	0,000011
19719,014049	0,000015	0,000015
19729,013549	0,000003	0,000011
19739,013049	0,000011	0,000016
19749,012549	0,000008	0,000011
19759,012049	0,000004	0,000006
19769,011549	0,000009	0,000008
19779,011049	0,000005	0,000008
19789,010549	0,000011	0,000005
19799,010049	0,000012	0,000010
19809,009550	0,000014	0,000003
19819,009050	0,000015	0,000005
19829,008550	0,000008	0,000009
19839,008050	0,000003	0,000002
19849,007550	0,000008	0,000015
19859,007050	0,000012	0,000018
19869,006550	0,000012	0,000014
19879,006050	0,000016	0,000011
19889,005550	0,000006	0,000008
19899,005050	0,000006	0,000004
19909,004550	0,000018	0,000011
19919,004050	0,000018	0,000014
19929,003550	0,000012	0,000006
19939,003050	0,000009	0,000006
19949,002550	0,000001	0,000002
19959,002050	0,000007	0,000010
19969,001550	0,000009	0,000013
19979,001050	0,000009	0,000009
19989,000550	0,000008	0,000010
19999,000050	0,000007	0,000007
20008,999550	0,000005	0,000005
20018,999050	0,000002	0,000012
20028,998550	0,000006	0,000012
20038,998050	0,000005	0,000005
20048,997550	0,000006	0,000007
20058,997050	0,000006	0,000006
20068,996550	0,000013	0,000010
20078,996050	0,000023	0,000018
20088,995550	0,000020	0,000015
20098,995050	0,000011	0,000010
20108,994550	0,000008	0,000011
20118,994050	0,000008	0,000005
20128,993550	0,000014	0,000014
20138,993050	0,000010	0,000011
20148,992550	0,000009	0,000007
20158,992050	0,000006	0,000003
20168,991550	0,000003	0,000005
20178,991050	0,000005	0,000002
20188,990550	0,000010	0,000012
20198,990050	0,000013	0,000012
20208,989551	0,000010	0,000006
20218,989051	0,000008	0,000007
20228,988551	0,000011	0,000009
20238,988051	0,000008	0,000007
20248,987551	0,000016	0,000013
20258,987051	0,000010	0,000004
20268,986551	0,000003	0,000010
20278,986051	0,000000	0,000009
20288,985551	0,000003	0,000008
20298,985051	0,000005	0,000005
20308,984551	0,000009	0,000003
20318,984051	0,000009	0,000003
20328,983551	0,000008	0,000008
20338,983051	0,000010	0,000010
20348,982551	0,000015	0,000012
20358,982051	0,000010	0,000007
20368,981551	0,000015	0,000006
20378,981051	0,000010	0,000010
20388,980551	0,000015	0,000010
20398,980051	0,000012	0,000015
20408,979551	0,000009	0,000010
20418,979051	0,000008	0,000008
20428,978551	0,000002	0,000004
20438,978051	0,000003	0,000010
20448,977551	0,000005	0,000004
20458,977051	0,000003	0,000010
20468,976551	0,000006	0,000010
20478,976051	0,000004	0,000007
20488,975551	0,000003	0,000010
20498,975051	0,000000	0,000002
20508,974551	0,000005	0,000005
20518,974051	0,000005	0,000005
20528,973551	0,000017	0,000011
20538,973051	0,000011	0,000006
20548,972551	0,000008	0,000003
20558,972051	0,000011	0,000005
20568,971551	0,000009	0,000009
20578,971051	0,000012	0,000008
20588,970551	0,000007	0,000004
20598,970051	0,000005	0,000004
20608,969552	0,000011	0,000001
20618,969052	0,000002	0,000003
20628,968552	0,000016	0,000008
20638,968052	0,000018	0,000016
20648,967552	0,000015	0,000014
20658,967052	0,000003	0,000004
20668,966552	0,000009	0,000009
20678,966052	0,000009	0,000006
20688,965552	0,000010	0,000012
20698,965052	0,000005	0,000015
20708,964552	0,000006	0,000010
20718,964052	0,000006	0,000001
20728,963552	0,000012	0,000006
20738,963052	0,000011	0,000013
20748,962552	0,000005	0,000007
20758,962052	0,000005	0,000008
20768,961552	0,000005	0,000011
20778,961052	0,000007	0,000012
20788,960552	0,000004	0,000005
20798,960052	0,000015	0,000008
20808,959552	0,000024	0,000017
20818,959052	0,000022	0,000018
20828,958552	0,000021	0,000014
20838,958052	0,000011	0,000012
20848,957552	0,000012	0,000017
20858,957052	0,000008	0,000010
20868,956552	0,000010	0,000008
20878,956052	0,000001	0,000007
20888,955552	0,000007	0,000008
20898,955052	0,000010	0,000012
20908,954552	0,000011	0,000008
20918,954052	0,000002	0,000015
20928,953552	0,000013	0,000018
20938,953052	0,000012	0,000008
20948,952552	0,000005	0,000007
20958,952052	0,000009	0,000013
20968,951552	0,000004	0,000008
20978,951052	0,000009	0,000005
20988,950552	0,000008	0,000012
20998,950052	0,000005	0,000006
21008,949553	0,000007	0,000007
21018,949053	0,000010	0,000010
21028,948553	0,000013	0,000005
21038,948053	0,000009	0,000014
21048,947553	0,000008	0,000017
21058,947053	0,000006	0,000009
21068,946553	0,000008	0,000005
21078,946053	0,000013	0,000013
21088,945553	0,000008	0,000008
21098,945053	0,000009	0,000005
21108,944553	0,000007	0,000011
21118,944053	0,000010	0,000009
21128,943553	0,000016	0,000012
21138,943053	0,000013	0,000017
21148,942553	0,000007	0,000015
21158,942053	0,000006	0,000013
21168,941553	0,000004	0,000007
21178,941053	0,000001	0,000003
21188,940553	0,000002	0,000002
21198,940053	0,000009	0,000013
21208,939553	0,000002	0,000010
21218,939053	0,000003	0,000007
21228,938553	0,000009	0,000013
21238,938053	0,000012	0,000016
21248,937553	0,000004	0,000013
21258,937053	0,000007	0,000013
21268,936553	0,000006	0,000009
21278,936053	0,000008	0,000001
21288,935553	0,000009	0,000005
21298,935053	0,000008	0,000008
21308,934553	0,000023	0,000023
21318,934053	0,000028	0,000028
21328,933553	0,000016	0,000021
21338,933053	0,000003	0,000007
21348,932553	0,000006	0,000007
21358,932053	0,000011	0,000008
21368,931553	0,000011	0,000007
21378,931053	0,000010	0,000011
21388,930553	0,000011	0,000014
21398,930053	0,000013	0,000014
21408,929554	0,000008	0,000011
21418,929054	0,000008	0,000014
21428,928554	0,000005	0,000010
21438,928054	0,000009	0,000003
21448,927554	0,000010	0,000006
21458,927054	0,000009	0,000010
21468,926554	0,000014	0,000022
21478,926054	0,000007	0,000022
21488,925554	0,000004	0,000017
21498,925054	0,000005	0,000012
21508,924554	0,000010	0,000008
21518,924054	0,000006	0,000003
21528,923554	0,000006	0,000004
21538,923054	0,000008	0,000008
21548,922554	0,000006	0,000005
21558,922054	0,000003	0,000008
21568,921554	0,000007	0,000011
21578,921054	0,000010	0,000010
21588,920554	0,000014	0,000016
21598,920054	0,000013	0,000008
21608,919554	0,000008	0,000010
21618,919054	0,000009	0,000006
21628,918554	0,000012	0,000004
21638,918054	0,000005	0,000004
21648,917554	0,000014	0,000007
21658,917054	0,000008	0,000005
21668,916554	0,000003	0,000005
21678,916054	0,000005	0,000011
21688,915554	0,000002	0,000007
21698,915054	0,000008	0,000009
21708,914554	0,000014	0,000009
21718,914054	0,000012	0,000012
21728,913554	0,000008	0,000010
21738,913054	0,000010	0,000001
21748,912554	0,000010	0,000005
21758,912054	0,000006	0,000004
21768,911554	0,000003	0,000009
21778,911054	0,000006	0,000008
21788,910554	0,000004	0,000004
21798,910054	0,000005	0,000001
21808,909555	0,000007	0,000001
21818,909055	0,000006	0,000007
21828,908555	0,000010	0,000006
21838,908055	0,000003	0,000002
21848,907555	0,000008	0,000001
21858,907055	0,000008	0,000009
21868,906555	0,000004	0,000011
21878,906055	0,000003	0,000006
21888,905555	0,000003	0,000007
21898,905055	0,000002	0,000006
21908,904555	0,000003	0,000011
21918,904055	0,000012	0,000018
21928,903555	0,000011	0,000010
21938,903055	0,000003	0,000005
21948,902555	0,000009	0,000012
21958,902055	0,000009	0,000007
21968,901555	0,000008	0,000007
21978,901055	0,000009	0,000006
21988,900555	0,000002	0,000007
21998,900055	0,000012	0,000012
22008,899555	0,000015	0,000013
22018,899055	0,000007	0,000010
22028,898555	0,000003	0,000007
22038,898055	0,000007	0,000007
22048,897555	0,000008	0,000004
22058,897055	0,000007	0,000002
22068,896555	0,000011	0,000004
22078,896055	0,000009	0,000006
22088,895555	0,000002	0,000005
22098,895055	0,000005	0,000007
22108,894555	0,000008	0,000009
22118,894055	0,000004	0,000007
22128,893555	0,000005	0,000003
22138,893055	0,000010	0,000007
22148,892555	0,000008	0,000009
22158,892055	0,000003	0,000005
22168,891555	0,000003	0,000004
22178,891055	0,000006	0,000010
22188,890555	0,000016	0,000020
22198,890055	0,000017	0,000015
22208,889556	0,000012	0,000008
22218,889056	0,000008	0,000003
22228,888556	0,000003	0,000004
22238,888056	0,000005	0,000007
22248,887556	0,000003	0,000005
22258,887056	0,000012	0,000002
22268,886556	0,000014	0,000004
22278,886056	0,000006	0,000003
22288,885556	0,000012	0,000011
22298,885056	0,000010	0,000008
22308,884556	0,000009	0,000005
22318,884056	0,000010	0,000003
22328,883556	0,000008	0,000004
22338,883056	0,000019	0,000020
22348,882556	0,000025	0,000024
22358,882056	0,000010	0,000012
22368,881556	0,000001	0,000007
22378,881056	0,000005	0,000006
22388,880556	0,000005	0,000010
22398,880056	0,000012	0,000016
22408,879556	0,000011	0,000010
22418,879056	0,000007	0,000014
22428,878556	0,000013	0,000018
22438,878056	0,000016	0,000011
22448,877556	0,000011	0,000011
22458,877056	0,000004	0,000009
22468,876556	0,000008	0,000005
22478,876056	0,000015	0,000007
22488,875556	0,000011	0,000007
22498,875056	0,000009	0,000005
22508,874556	0,000003	0,000009
22518,874056	0,000005	0,000007
22528,873556	0,000007	0,000009
22538,873056	0,000011	0,000015
22548,872556	0,000019	0,000015
22558,872056	0,000017	0,000013
22568,871556	0,000011	0,000013
22578,871056	0,000005	0,000009
22588,870556	0,000014	0,000011
22598,870056	0,000005	0,000007
22608,869557	0,000005	0,000004
22618,869057	0,000001	0,000005
22628,868557	0,000002	0,000003
22638,868057	0,000007	0,000012
22648,867557	0,000009	0,000008
22658,867057	0,000003	0,000003
22668,866557	0,000008	0,000009
22678,866057	0,000011	0,000010
22688,865557	0,000001	0,000012
22698,865057	0,000003	0,000015
22708,864557	0,000005	0,000010
22718,864057	0,000014	0,000010
22728,863557	0,000011	0,000011
22738,863057	0,000007	0,000002
22748,862557	0,000008	0,000003
22758,862057	0,000013	0,000009
22768,861557	0,000006	0,000007
22778,861057	0,000005	0,000003
22788,860557	0,000007	0,000006
22798,860057	0,000022	0,000015
22808,859557	0,000016	0,000006
22818,859057	0,000007	0,000011
22828,858557	0,000013	0,000011
22838,858057	0,000012	0,000012
22848,857557	0,000011	0,000010
22858,857057	0,000007	0,000001
22868,856557	0,000004	0,000009
22878,856057	0,000001	0,000003
22888,855557	0,000013	0,000011
22898,855057	0,000021	0,000016
22908,854557	0,000013	0,000015
22918,854057	0,000002	0,000005
22928,853557	0,000005	0,000013
22938,853057	0,000007	0,000011
22948,852557	0,000002	0,000007
22958,852057	0,000012	0,000012
22968,851557	0,000019	0,000012
22978,851057	0,000018	0,000008
22988,850557	0,000009	0,000007
22998,850057	0,000010	0,000011
23008,849558	0,000008	0,000013
23018,849058	0,000006	0,000002
23028,848558	0,000007	0,000003
23038,848058	0,000006	0,000006
23048,847558	0,000010	0,000012
23058,847058	0,000008	0,000009
23068,846558	0,000013	0,000008
23078,846058	0,000004	0,000007
23088,845558	0,000010	0,000016
23098,845058	0,000013	0,000013
23108,844558	0,000010	0,000006
23118,844058	0,000007	0,000009
23128,843558	0,000009	0,000003
23138,843058	0,000003	0,000007
23148,842558	0,000001	0,000004
23158,842058	0,000005	0,000005
23168,841558	0,000003	0,000009
23178,841058	0,000002	0,000004
23188,840558	0,000006	0,000010
23198,840058	0,000007	0,000009
23208,839558	0,000002	0,000005
23218,839058	0,000009	0,000003
23228,838558	0,000013	0,000006
23238,838058	0,000006	0,000003
23248,837558	0,000009	0,000007
23258,837058	0,000004	0,000007
23268,836558	0,000011	0,000006
23278,836058	0,000004	0,000005
23288,835558	0,000006	0,000012
23298,835058	0,000009	0,000010
23308,834558	0,000013	0,000007
23318,834058	0,000009	0,000006
23328,833558	0,000006	0,000009
23338,833058	0,000005	0,000008
23348,832558	0,000002	0,000007
23358,832058	0,000002	0,000007
23368,831558	0,000003	0,000005
23378,831058	0,000005	0,000006
23388,830558	0,000003	0,000007
23398,830058	0,000002	0,000001
23408,829559	0,000005	0,000002
23418,829059	0,000012	0,000012
23428,828559	0,000013	0,000015
23438,828059	0,000005	0,000012
23448,827559	0,000005	0,000008
23458,827059	0,000003	0,000003
23468,826559	0,000010	0,000001
23478,826059	0,000017	0,000005
23488,825559	0,000016	0,000008
23498,825059	0,000006	0,000004
23508,824559	0,000004	0,000001
23518,824059	0,000004	0,000005
23528,823559	0,000004	0,000007
23538,823059	0,000007	0,000014
23548,822559	0,000014	0,000015
23558,822059	0,000004	0,000003
23568,821559	0,000004	0,000002
23578,821059	0,000003	0,000013
23588,820559	0,000004	0,000010
23598,820059	0,000012	0,000007
23608,819559	0,000014	0,000014
23618,819059	0,000007	0,000011
23628,818559	0,000004	0,000002
23638,818059	0,000007	0,000006
23648,817559	0,000006	0,000010
23658,817059	0,000007	0,000010
23668,816559	0,000004	0,000006
23678,816059	0,000003	0,000004
23688,815559	0,000015	0,000008
23698,815059	0,000013	0,000014
23708,814559	0,000003	0,000011
23718,814059	0,000004	0,000005
23728,813559	0,000008	0,000003
23738,813059	0,000010	0,000003
23748,812559	0,000013	0,000008
23758,812059	0,000011	0,000009
23768,811559	0,000006	0,000004
23778,811059	0,000010	0,000007
23788,810559	0,000005	0,000004
23798,810059	0,000011	0,000005
23808,809560	0,000019	0,000006
23818,809060	0,000006	0,000001
23828,808560	0,000006	0,000002
23838,808060	0,000006	0,000005
23848,807560	0,000005	0,000005
23858,807060	0,000008	0,000005
23868,806560	0,000014	0,000013
23878,806060	0,000013	0,000018
23888,805560	0,000010	0,000011
23898,805060	0,000014	0,000007
23908,804560	0,000011	0,000007
23918,804060	0,000007	0,000003
23928,803560	0,000005	0,000005
23938,803060	0,000002	0,000003
23948,802560	0,000008	0,000005
23958,802060	0,000014	0,000006
23968,801560	0,000015	0,000009
23978,801060	0,000011	0,000005
23988,800560	0,000004	0,000009
23998,800060	0,000005	0,000012
24008,799560	0,000005	0,000004
24018,799060	0,000008	0,000006
24028,798560	0,000004	0,000006
24038,798060	0,000001	0,000006
24048,797560	0,000001	0,000008
24058,797060	0,000006	0,000006
24068,796560	0,000012	0,000010
24078,796060	0,000013	0,000011
24088,795560	0,000009	0,000004
24098,795060	0,000001	0,000004
24108,794560	0,000003	0,000002
24118,794060	0,000002	0,000006
24128,793560	0,000007	0,000008
24138,793060	0,000004	0,000010
24148,792560	0,000005	0,000008
24158,792060	0,000006	0,000003
24168,791560	0,000000	0,000010
24178,791060	0,000008	0,000014
24188,790560	0,000012	0,000014
24198,790060	0,000012	0,000012
24208,789561	0,000006	0,000006
24218,789061	0,000002	0,000002
24228,788561	0,000001	0,000001
24238,788061	0,000004	0,000006
24248,787561	0,000010	0,000005
24258,787061	0,000003	0,000005
24268,786561	0,000007	0,000005
24278,786061	0,000005	0,000003
24288,785561	0,000002	0,000001
24298,785061	0,000006	0,000006
24308,784561	0,000006	0,000013
24318,784061	0,000004	0,000010
24328,783561	0,000004	0,000009
24338,783061	0,000003	0,000007
24348,782561	0,000004	0,000002
24358,782061	0,000007	0,000006
24368,781561	0,000003	0,000001
24378,781061	0,000019	0,000014
24388,780561	0,000035	0,000023
24398,780061	0,000017	0,000010
24408,779561	0,000016	0,000020
24418,779061	0,000010	0,000013
24428,778561	0,000007	0,000010
24438,778061	0,000008	0,000008
24448,777561	0,000011	0,000010
24458,777061	0,000019	0,000013
24468,776561	0,000013	0,000008
24478,776061	0,000003	0,000004
24488,775561	0,000003	0,000002
24498,775061	0,000006	0,000003
24508,774561	0,000007	0,000003
24518,774061	0,000005	0,000001
24528,773561	0,000007	0,000010
24538,773061	0,000009	0,000014
24548,772561	0,000005	0,000007
24558,772061	0,000005	0,000005
24568,771561	0,000005	0,000010
24578,771061	0,000003	0,000007
24588,770561	0,000005	0,000005
24598,770061	0,000004	0,000008
24608,769562	0,000010	0,000012
24618,769062	0,000012	0,000014
24628,768562	0,000008	0,000014
24638,768062	0,000004	0,000008
24648,767562	0,000007	0,000007
24658,767062	0,000002	0,000015
24668,766562	0,000013	0,000018
24678,766062	0,000015	0,000017
24688,765562	0,000009	0,000010
24698,765062	0,000002	0,000008
24708,764562	0,000004	0,000008
24718,764062	0,000002	0,000004
24728,763562	0,000006	0,000007
24738,763062	0,000010	0,000008
24748,762562	0,000009	0,000007
24758,762062	0,000011	0,000009
24768,761562	0,000013	0,000007
24778,761062	0,000012	0,000009
24788,760562	0,000011	0,000012
24798,760062	0,000011	0,000006
24808,759562	0,000010	0,000004
24818,759062	0,000011	0,000011
24828,758562	0,000006	0,000008
24838,758062	0,000003	0,000006
24848,757562	0,000008	0,000007
24858,757062	0,000009	0,000006
24868,756562	0,000016	0,000011
24878,756062	0,000013	0,000011
24888,755562	0,000012	0,000004
24898,755062	0,000009	0,000004
24908,754562	0,000002	0,000008
24918,754062	0,000006	0,000007
24928,753562	0,000011	0,000007
24938,753062	0,000012	0,000011
24948,752562	0,000009	0,000008
24958,752062	0,000006	0,000009
24968,751562	0,000005	0,000009
24978,751062	0,000009	0,000009
24988,750562	0,000009	0,000015
24998,750062	0,000007	0,000012
25008,749563	0,000004	0,000014
25018,749063	0,000002	0,000008
25028,748563	0,000006	0,000001
25038,748063	0,000005	0,000005
25048,747563	0,000004	0,000010
25058,747063	0,000003	0,000007
25068,746563	0,000003	0,000004
25078,746063	0,000005	0,000003
25088,745563	0,000007	0,000008
25098,745063	0,000007	0,000012
25108,744563	0,000007	0,000003
25118,744063	0,000007	0,000008
25128,743563	0,000004	0,000003
25138,743063	0,000008	0,000006
25148,742563	0,000010	0,000004
25158,742063	0,000004	0,000003
25168,741563	0,000005	0,000004
25178,741063	0,000014	0,000007
25188,740563	0,000015	0,000011
25198,740063	0,000009	0,000004
25208,739563	0,000008	0,000006
25218,739063	0,000005	0,000004
25228,738563	0,000007	0,000012
25238,738063	0,000010	0,000004
25248,737563	0,000007	0,000012
25258,737063	0,000004	0,000009
25268,736563	0,000010	0,000003
25278,736063	0,000014	0,000013
25288,735563	0,000012	0,000009
25298,735063	0,000006	0,000002
25308,734563	0,000003	0,000004
25318,734063	0,000005	0,000008
25328,733563	0,000009	0,000014
25338,733063	0,000003	0,000008
25348,732563	0,000007	0,000013
25358,732063	0,000009	0,000013
25368,731563	0,000014	0,000015
25378,731063	0,000013	0,000014
25388,730563	0,000014	0,000010
25398,730063	0,000016	0,000016
25408,729564	0,000015	0,000014
25418,729064	0,000016	0,000011
25428,728564	0,000013	0,000011
25438,728064	0,000002	0,000006
25448,727564	0,000004	0,000010
25458,727064	0,000007	0,000006
25468,726564	0,000011	0,000004
25478,726064	0,000012	0,000003
25488,725564	0,000006	0,000003
25498,725064	0,000007	0,000006
25508,724564	0,000006	0,000002
25518,724064	0,000007	0,000008
25528,723564	0,000009	0,000008
25538,723064	0,000008	0,000010
25548,722564	0,000003	0,000008
25558,722064	0,000002	0,000002
25568,721564	0,000014	0,000011
25578,721064	0,000018	0,000019
25588,720564	0,000010	0,000011
25598,720064	0,000007	0,000006
25608,719564	0,000012	0,000007
25618,719064	0,000008	0,000002
25628,718564	0,000006	0,000008
25638,718064	0,000013	0,000012
25648,717564	0,000005	0,000010
25658,717064	0,000004	0,000014
25668,716564	0,000016	0,000019
25678,716064	0,000011	0,000011
25688,715564	0,000007	0,000003
25698,715064	0,000011	0,000008
25708,714564	0,000010	0,000014
25718,714064	0,000011	0,000015
25728,713564	0,000006	0,000010
25738,713064	0,000009	0,000007
25748,712564	0,000009	0,000004
25758,712064	0,000008	0,000005
25768,711564	0,000001	0,000004
25778,711064	0,000006	0,000003
25788,710564	0,000006	0,000004
25798,710064	0,000010	0,000010
25808,709565	0,000011	0,000014
25818,709065	0,000001	0,000005
25828,708565	0,000010	0,000011
25838,708065	0,000011	0,000010
25848,707565	0,000012	0,000005
25858,707065	0,000012	0,000008
25868,706565	0,000007	0,000010
25878,706065	0,000007	0,000014
25888,705565	0,000010	0,000009
25898,705065	0,000005	0,000008
25908,704565	0,000005	0,000009
25918,704065	0,000005	0,000001
25928,703565	0,000018	0,000008
25938,703065	0,000016	0,000003
25948,702565	0,000006	0,000005
25958,702065	0,000004	0,000009
25968,701565	0,000006	0,000004
25978,701065	0,000006	0,000001
25988,700565	0,000009	0,000003
25998,700065	0,000015	0,000004
26008,699565	0,000013	0,000002
26018,699065	0,000006	0,000001
26028,698565	0,000007	0,000006
26038,698065	0,000009	0,000012
26048,697565	0,000004	0,000009
26058,697065	0,000005	0,000008
26068,696565	0,000015	0,000010
26078,696065	0,000010	0,000005
26088,695565	0,000005	0,000010
26098,695065	0,000013	0,000014
26108,694565	0,000011	0,000011
26118,694065	0,000002	0,000005
26128,693565	0,000005	0,000008
26138,693065	0,000010	0,000008
26148,692565	0,000004	0,000011
26158,692065	0,000005	0,000015
26168,691565	0,000014	0,000004
26178,691065	0,000013	0,000005
26188,690565	0,000004	0,000011
26198,690065	0,000014	0,000005
26208,689566	0,000010	0,000011
26218,689066	0,000009	0,000002
26228,688566	0,000007	0,000002
26238,688066	0,000021	0,000012
26248,687566	0,000025	0,000013
26258,687066	0,000012	0,000003
26268,686566	0,000003	0,000009
26278,686066	0,000006	0,000009
26288,685566	0,000003	0,000002
26298,685066	0,000011	0,000007
26308,684566	0,000007	0,000015
26318,684066	0,000006	0,000011
26328,683566	0,000002	0,000010
26338,683066	0,000009	0,000013
26348,682566	0,000006	0,000013
26358,682066	0,000005	0,000011
26368,681566	0,000009	0,000007
26378,681066	0,000005	0,000008
26388,680566	0,000007	0,000005
26398,680066	0,000008	0,000003
26408,679566	0,000008	0,000000
26418,679066	0,000007	0,000004
26428,678566	0,000008	0,000003
26438,678066	0,000014	0,000009
26448,677566	0,000017	0,000013
26458,677066	0,000012	0,000013
26468,676566	0,000010	0,000007
26478,676066	0,000009	0,000006
26488,675566	0,000009	0,000012
26498,675066	0,000002	0,000009
26508,674566	0,000005	0,000006
26518,674066	0,000002	0,000006
26528,673566	0,000011	0,000005
26538,673066	0,000009	0,000007
26548,672566	0,000007	0,000007
26558,672066	0,000001	0,000007
26568,671566	0,000007	0,000005
26578,671066	0,000016	0,000015
26588,670566	0,000020	0,000014
26598,670066	0,000010	0,000009
26608,669567	0,000004	0,000007
26618,669067	0,000008	0,000010
26628,668567	0,000003	0,000009
26638,668067	0,000006	0,000008
26648,667567	0,000004	0,000008
26658,667067	0,000007	0,000009
26668,666567	0,000008	0,000012
26678,666067	0,000007	0,000012
26688,665567	0,000007	0,000006
26698,665067	0,000006	0,000003
26708,664567	0,000007	0,000009
26718,664067	0,000012	0,000012
26728,663567	0,000005	0,000005
26738,663067	0,000006	0,000004
26748,662567	0,000004	0,000002
26758,662067	0,000006	0,000012
26768,661567	0,000011	0,000016
26778,661067	0,000008	0,000004
26788,660567	0,000006	0,000009
26798,660067	0,000004	0,000013
26808,659567	0,000006	0,000008
26818,659067	0,000005	0,000003
26828,658567	0,000007	0,000009
26838,658067	0,000002	0,000011
26848,657567	0,000006	0,000011
26858,657067	0,000007	0,000011
26868,656567	0,000005	0,000012
26878,656067	0,000004	0,000007
26888,655567	0,000006	0,000007
26898,655067	0,000005	0,000005
26908,654567	0,000006	0,000005
26918,654067	0,000006	0,000004
26928,653567	0,000003	0,000006
26938,653067	0,000003	0,000005
26948,652567	0,000006	0,000005
26958,652067	0,000013	0,000011
26968,651567	0,000020	0,000016
26978,651067	0,000015	0,000010
26988,650567	0,000014	0,000006
26998,650067	0,000015	0,000003
27008,649568	0,000014	0,000009
27018,649068	0,000010	0,000008
27028,648568	0,000004	0,000002
27038,648068	0,000004	0,000006
27048,647568	0,000006	0,000012
27058,647068	0,000004	0,000011
27068,646568	0,000002	0,000007
27078,646068	0,000005	0,000008
27088,645568	0,000002	0,000007
27098,645068	0,000005	0,000005
27108,644568	0,000003	0,000004
27118,644068	0,000006	0,000003
27128,643568	0,000005	0,000003
27138,643068	0,000001	0,000003
27148,642568	0,000008	0,000009
27158,642068	0,000010	0,000009
27168,641568	0,000001	0,000009
27178,641068	0,000008	0,000008
27188,640568	0,000009	0,000014
27198,640068	0,000004	0,000011
27208,639568	0,000005	0,000009
27218,639068	0,000008	0,000010
27228,638568	0,000007	0,000005
27238,638068	0,000006	0,000001
27248,637568	0,000004	0,000005
27258,637068	0,000004	0,000011
27268,636568	0,000012	0,000017
27278,636068	0,000011	0,000016
27288,635568	0,000004	0,000005
27298,635068	0,000008	0,000009
27308,634568	0,000007	0,000003
27318,634068	0,000002	0,000006
27328,633568	0,000003	0,000008
27338,633068	0,000003	0,000011
27348,632568	0,000003	0,000009
27358,632068	0,000004	0,000007
27368,631568	0,000001	0,000007
27378,631068	0,000005	0,000007
27388,630568	0,000008	0,000016
27398,630068	0,000007	0,000014
27408,629569	0,000005	0,000005
27418,629069	0,000009	0,000010
27428,628569	0,000005	0,000008
27438,628069	0,000001	0,000007
27448,627569	0,000001	0,000005
27458,627069	0,000006	0,000003
27468,626569	0,000004	0,000004
27478,626069	0,000005	0,000006
27488,625569	0,000006	0,000005
27498,625069	0,000004	0,000010
27508,624569	0,000002	0,000010
27518,624069	0,000004	0,000007
27528,623569	0,000005	0,000005
27538,623069	0,000004	0,000003
27548,622569	0,000008	0,000010
27558,622069	0,000007	0,000014
27568,621569	0,000007	0,000006
27578,621069	0,000010	0,000004
27588,620569	0,000008	0,000005
27598,620069	0,000005	0,000011
27608,619569	0,000004	0,000006
27618,619069	0,000008	0,000005
27628,618569	0,000004	0,000007
27638,618069	0,000014	0,000004
27648,617569	0,000014	0,000005
27658,617069	0,000009	0,000008
27668,616569	0,000004	0,000008
27678,616069	0,000006	0,000004
27688,615569	0,000005	0,000003
27698,615069	0,000009	0,000003
27708,614569	0,000010	0,000003
27718,614069	0,000008	0,000004
27728,613569	0,000013	0,000008
27738,613069	0,000017	0,000011
27748,612569	0,000015	0,000012
27758,612069	0,000007	0,000008
27768,611569	0,000004	0,000003
27778,611069	0,000013	0,000006
27788,610569	0,000013	0,000004
27798,610069	0,000007	0,000007
27808,609570	0,000006	0,000002
27818,609070	0,000007	0,000010
27828,608570	0,000016	0,000008
27838,608070	0,000007	0,000001
27848,607570	0,000002	0,000003
27858,607070	0,000006	0,000005
27868,606570	0,000008	0,000012
27878,606070	0,000003	0,000006
27888,605570	0,000002	0,000004
27898,605070	0,000002	0,000003
27908,604570	0,000008	0,000009
27918,604070	0,000016	0,000013
27928,603570	0,000011	0,000011
27938,603070	0,000000	0,000008
27948,602570	0,000004	0,000010
27958,602070	0,000004	0,000009
27968,601570	0,000007	0,000009
27978,601070	0,000002	0,000009
27988,600570	0,000005	0,000007
27998,600070	0,000006	0,000007
28008,599570	0,000012	0,000011
28018,599070	0,000012	0,000010
28028,598570	0,000008	0,000004
28038,598070	0,000005	0,000006
28048,597570	0,000001	0,000007
28058,597070	0,000006	0,000008
28068,596570	0,000003	0,000012
28078,596070	0,000003	0,000007
28088,595570	0,000007	0,000003
28098,595070	0,000007	0,000006
28108,594570	0,000009	0,000011
28118,594070	0,000016	0,000011
28128,593570	0,000017	0,000005
28138,593070	0,000009	0,000003
28148,592570	0,000004	0,000004
28158,592070	0,000005	0,000008
28168,591570	0,000006	0,000009
28178,591070	0,000010	0,000007
28188,590570	0,000014	0,000007
28198,590070	0,000007	0,000005
28208,589571	0,000008	0,000005
28218,589071	0,000012	0,000009
28228,588571	0,000008	0,000004
28238,588071	0,000003	0,000002
28248,587571	0,000001	0,000007
28258,587071	0,000003	0,000006
28268,586571	0,000008	0,000005
28278,586071	0,000007	0,000003
28288,585571	0,000002	0,000005
28298,585071	0,000005	0,000007
28308,584571	0,000008	0,000003
28318,584071	0,000004	0,000003
28328,583571	0,000008	0,000003
28338,583071	0,000007	0,000005
28348,582571	0,000005	0,000002
28358,582071	0,000012	0,000017
28368,581571	0,000011	0,000015
28378,581071	0,000012	0,000011
28388,580571	0,000019	0,000010
28398,580071	0,000019	0,000010
28408,579571	0,000010	0,000008
28418,579071	0,000007	0,000004
28428,578571	0,000004	0,000001
28438,578071	0,000009	0,000009
28448,577571	0,000013	0,000012
28458,577071	0,000004	0,000004
28468,576571	0,000004	0,000006
28478,576071	0,000005	0,000005
28488,575571	0,000004	0,000005
28498,575071	0,000004	0,000011
28508,574571	0,000005	0,000012
28518,574071	0,000003	0,000004
28528,573571	0,000003	0,000002
28538,573071	0,000007	0,000001
28548,572571	0,000008	0,000004
28558,572071	0,000010	0,000010
28568,571571	0,000006	0,000008
28578,571071	0,000002	0,000003
28588,570571	0,000002	0,000003
28598,570071	0,000006	0,000010
28608,569572	0,000007	0,000007
28618,569072	0,000004	0,000007
28628,568572	0,000006	0,000011
28638,568072	0,000001	0,000007
28648,567572	0,000005	0,000002
28658,567072	0,000009	0,000003
28668,566572	0,000005	0,000008
28678,566072	0,000004	0,000013
28688,565572	0,000013	0,000015
28698,565072	0,000015	0,000008
28708,564572	0,000008	0,000003
28718,564072	0,000006	0,000009
28728,563572	0,000007	0,000010
28738,563072	0,000007	0,000001
28748,562572	0,000008	0,000010
28758,562072	0,000009	0,000012
28768,561572	0,000005	0,000007
28778,561072	0,000007	0,000004
28788,560572	0,000012	0,000009
28798,560072	0,000007	0,000006
28808,559572	0,000008	0,000010
28818,559072	0,000005	0,000008
28828,558572	0,000003	0,000002
28838,558072	0,000005	0,000007
28848,557572	0,000004	0,000009
28858,557072	0,000006	0,000007
28868,556572	0,000010	0,000014
28878,556072	0,000007	0,000007
28888,555572	0,000006	0,000003
28898,555072	0,000002	0,000002
28908,554572	0,000004	0,000007
28918,554072	0,000010	0,000010
28928,553572	0,000013	0,000008
28938,553072	0,000010	0,000009
28948,552572	0,000011	0,000008
28958,552072	0,000002	0,000003
28968,551572	0,000002	0,000001
28978,551072	0,000002	0,000009
28988,550572	0,000005	0,000012
28998,550072	0,000007	0,000008
29008,549573	0,000005	0,000002
29018,549073	0,000001	0,000004
29028,548573	0,000005	0,000005
29038,548073	0,000009	0,000005
29048,547573	0,000017	0,000016
29058,547073	0,000011	0,000013
29068,546573	0,000005	0,000002
29078,546073	0,000007	0,000008
29088,545573	0,000004	0,000010
29098,545073	0,000005	0,000003
29108,544573	0,000003	0,000010
29118,544073	0,000009	0,000013
29128,543573	0,000016	0,000016
29138,543073	0,000019	0,000010
29148,542573	0,000012	0,000004
29158,542073	0,000006	0,000005
29168,541573	0,000004	0,000003
29178,541073	0,000007	0,000007
29188,540573	0,000008	0,000011
29198,540073	0,000007	0,000003
29208,539573	0,000010	0,000005
29218,539073	0,000008	0,000004
29228,538573	0,000006	0,000002
29238,538073	0,000007	0,000001
29248,537573	0,000009	0,000003
29258,537073	0,000012	0,000008
29268,536573	0,000005	0,000008
29278,536073	0,000004	0,000002
29288,535573	0,000006	0,000009
29298,535073	0,000012	0,000007
29308,534573	0,000008	0,000008
29318,534073	0,000003	0,000008
29328,533573	0,000009	0,000008
29338,533073	0,000010	0,000008
29348,532573	0,000004	0,000009
29358,532073	0,000005	0,000008
29368,531573	0,000005	0,000013
29378,531073	0,000008	0,000009
29388,530573	0,000012	0,000007
29398,530073	0,000003	0,000006
29408,529574	0,000005	0,000002
29418,529074	0,000004	0,000005
29428,528574	0,000008	0,000004
29438,528074	0,000010	0,000007
29448,527574	0,000012	0,000004
29458,527074	0,000015	0,000008
29468,526574	0,000009	0,000011
29478,526074	0,000005	0,000009
29488,525574	0,000008	0,000001
29498,525074	0,000004	0,000004
29508,524574	0,000004	0,000001
29518,524074	0,000009	0,000006
29528,523574	0,000005	0,000008
29538,523074	0,000006	0,000014
29548,522574	0,000007	0,000010
29558,522074	0,000012	0,000009
29568,521574	0,000009	0,000010
29578,521074	0,000010	0,000005
29588,520574	0,000010	0,000003
29598,520074	0,000011	0,000008
29608,519574	0,000007	0,000005
29618,519074	0,000004	0,000003
29628,518574	0,000004	0,000008
29638,518074	0,000002	0,000009
29648,517574	0,000004	0,000007
29658,517074	0,000003	0,000006
29668,516574	0,000008	0,000006
29678,516074	0,000007	0,000008
29688,515574	0,000006	0,000003
29698,515074	0,000009	0,000010
29708,514574	0,000001	0,000006
29718,514074	0,000002	0,000009
29728,513574	0,000002	0,000003
29738,513074	0,000000	0,000003
29748,512574	0,000001	0,000004
29758,512074	0,000004	0,000002
29768,511574	0,000006	0,000004
29778,511074	0,000003	0,000005
29788,510574	0,000002	0,000006
29798,510074	0,000005	0,000011
29808,509575	0,000008	0,000003
29818,509075	0,000004	0,000004
29828,508575	0,000004	0,000009
29838,508075	0,000003	0,000006
29848,507575	0,000010	0,000010
29858,507075	0,000006	0,000009
29868,506575	0,000005	0,000004
29878,506075	0,000005	0,000012
29888,505575	0,000003	0,000015
29898,505075	0,000003	0,000012
29908,504575	0,000001	0,000004
29918,504075	0,000005	0,000008
29928,503575	0,000005	0,000013
29938,503075	0,000007	0,000009
29948,502575	0,000013	0,000008
29958,502075	0,000014	0,000008
29968,501575	0,000010	0,000005
29978,501075	0,000004	0,000011
29988,500575	0,000004	0,000011
29998,500075	0,000005	0,000005
30008,499575	0,000007	0,000005
30018,499075	0,000008	0,000003
30028,498575	0,000008	0,000008
30038,498075	0,000002	0,000007
30048,497575	0,000010	0,000008
30058,497075	0,000009	0,000004
30068,496575	0,000005	0,000003
30078,496075	0,000006	0,000002
30088,495575	0,000010	0,000003
30098,495075	0,000007	0,000006
30108,494575	0,000003	0,000008
30118,494075	0,000008	0,000012
30128,493575	0,000007	0,000015
30138,493075	0,000002	0,000010
30148,492575	0,000006	0,000005
30158,492075	0,000004	0,000005
30168,491575	0,000004	0,000006
30178,491075	0,000009	0,000003
30188,490575	0,000012	0,000004
30198,490075	0,000005	0,000002
30208,489576	0,000003	0,000001
30218,489076	0,000003	0,000006
30228,488576	0,000005	0,000007
30238,488076	0,000004	0,000004
30248,487576	0,000007	0,000006
30258,487076	0,000005	0,000005
30268,486576	0,000008	0,000008
30278,486076	0,000002	0,000007
30288,485576	0,000011	0,000003
30298,485076	0,000010	0,000008
30308,484576	0,000003	0,000009
30318,484076	0,000006	0,000009
30328,483576	0,000013	0,000008
30338,483076	0,000009	0,000007
30348,482576	0,000008	0,000007
30358,482076	0,000013	0,000002
30368,481576	0,000012	0,000003
30378,481076	0,000005	0,000001
30388,480576	0,000006	0,000005
30398,480076	0,000009	0,000008
30408,479576	0,000004	0,000005
30418,479076	0,000008	0,000008
30428,478576	0,000012	0,000014
30438,478076	0,000003	0,000002
30448,477576	0,000003	0,000010
30458,477076	0,000002	0,000007
30468,476576	0,000006	0,000005
30478,476076	0,000009	0,000008
30488,475576	0,000013	0,000011
30498,475076	0,000011	0,000011
30508,474576	0,000008	0,000008
30518,474076	0,000008	0,000004
30528,473576	0,000009	0,000003
30538,473076	0,000004	0,000005
30548,472576	0,000002	0,000005
30558,472076	0,000002	0,000004
30568,471576	0,000004	0,000005
30578,471076	0,000008	0,000005
30588,470576	0,000004	0,000012
30598,470076	0,000004	0,000009
30608,469577	0,000010	0,000005
30618,469077	0,000006	0,000002
30628,468577	0,000006	0,000016
30638,468077	0,000011	0,000018
30648,467577	0,000012	0,000005
30658,467077	0,000006	0,000002
30668,466577	0,000007	0,000008
30678,466077	0,000012	0,000010
30688,465577	0,000012	0,000012
30698,465077	0,000008	0,000010
30708,464577	0,000005	0,000002
30718,464077	0,000009	0,000005
30728,463577	0,000016	0,000012
30738,463077	0,000016	0,000011
30748,462577	0,000005	0,000003
30758,462077	0,000005	0,000005
30768,461577	0,000002	0,000004
30778,461077	0,000003	0,000004
30788,460577	0,000001	0,000007
30798,460077	0,000007	0,000005
30808,459577	0,000008	0,000001
30818,459077	0,000003	0,000003
30828,458577	0,000010	0,000008
30838,458077	0,000016	0,000009
30848,457577	0,000009	0,000005
30858,457077	0,000010	0,000010
30868,456577	0,000014	0,000007
30878,456077	0,000009	0,000008
30888,455577	0,000002	0,000005
30898,455077	0,000008	0,000003
30908,454577	0,000003	0,000003
30918,454077	0,000005	0,000007
30928,453577	0,000007	0,000004
30938,453077	0,000011	0,000005
30948,452577	0,000005	0,000007
30958,452077	0,000008	0,000008
30968,451577	0,000006	0,000003
30978,451077	0,000014	0,000007
30988,450577	0,000015	0,000005
30998,450077	0,000014	0,000010
31008,449578	0,000009	0,000012
31018,449078	0,000007	0,000009
31028,448578	0,000009	0,000007
31038,448078	0,000008	0,000009
31048,447578	0,000013	0,000014
31058,447078	0,000015	0,000013
31068,446578	0,000011	0,000007
31078,446078	0,000008	0,000001
31088,445578	0,000009	0,000005
31098,445078	0,000008	0,000007
31108,444578	0,000005	0,000003
31118,444078	0,000004	0,000005
31128,443578	0,000006	0,000009
31138,443078	0,000014	0,000013
31148,442578	0,000011	0,000008
31158,442078	0,000010	0,000006
31168,441578	0,000011	0,000010
31178,441078	0,000006	0,000003
31188,440578	0,000007	0,000014
31198,440078	0,000007	0,000010
31208,439578	0,000007	0,000002
31218,439078	0,000004	0,000010
31228,438578	0,000002	0,000005
31238,438078	0,000004	0,000013
31248,437578	0,000008	0,000010
31258,437078	0,000009	0,000001
31268,436578	0,000006	0,000004
31278,436078	0,000004	0,000004
31288,435578	0,000004	0,000005
31298,435078	0,000009	0,000011
31308,434578	0,000014	0,000019
31318,434078	0,000006	0,000008
31328,433578	0,000003	0,000007
31338,433078	0,000007	0,000013
31348,432578	0,000008	0,000013
31358,432078	0,000006	0,000010
31368,431578	0,000005	0,000001
31378,431078	0,000006	0,000005
31388,430578	0,000003	0,000009
31398,430078	0,000007	0,000003
31408,429579	0,000008	0,000004
31418,429079	0,000004	0,000003
31428,428579	0,000003	0,000005
31438,428079	0,000004	0,000005
31448,427579	0,000006	0,000007
31458,427079	0,000006	0,000002
31468,426579	0,000002	0,000006
31478,426079	0,000006	0,000007
31488,425579	0,000006	0,000008
31498,425079	0,000006	0,000006
31508,424579	0,000008	0,000007
31518,424079	0,000005	0,000003
31528,423579	0,000004	0,000008
31538,423079	0,000007	0,000007
31548,422579	0,000014	0,000002
31558,422079	0,000009	0,000004
31568,421579	0,000008	0,000005
31578,421079	0,000010	0,000008
31588,420579	0,000006	0,000009
31598,420079	0,000006	0,000005
31608,419579	0,000004	0,000003
31618,419079	0,000002	0,000007
31628,418579	0,000004	0,000006
31638,418079	0,000005	0,000006
31648,417579	0,000006	0,000009
31658,417079	0,000003	0,000010
31668,416579	0,000000	0,000007
31678,416079	0,000002	0,000008
31688,415579	0,000009	0,000003
31698,415079	0,000009	0,000002
31708,414579	0,000012	0,000007
31718,414079	0,000009	0,000008
31728,413579	0,000003	0,000005
31738,413079	0,000007	0,000008
31748,412579	0,000007	0,000011
31758,412079	0,000006	0,000008
31768,411579	0,000005	0,000007
31778,411079	0,000008	0,000004
31788,410579	0,000003	0,000008
31798,410079	0,000010	0,000002
31808,409580	0,000013	0,000009
31818,409080	0,000010	0,000012
31828,408580	0,000011	0,000012
31838,408080	0,000008	0,000012
31848,407580	0,000007	0,000004
31858,407080	0,000008	0,000004
31868,406580	0,000001	0,000009
31878,406080	0,000004	0,000009
31888,405580	0,000004	0,000001
31898,405080	0,000010	0,000007
31908,404580	0,000003	0,000009
31918,404080	0,000016	0,000014
31928,403580	0,000016	0,000007
31938,403080	0,000009	0,000001
31948,402580	0,000008	0,000004
31958,402080	0,000007	0,000007
31968,401580	0,000006	0,000005
31978,401080	0,000006	0,000000
31988,400580	0,000007	0,000003
31998,400080	0,000007	0,000001
32008,399580	0,000010	0,000002
32018,399080	0,000017	0,000005
32028,398580	0,000021	0,000011
32038,398080	0,000011	0,000009
32048,397580	0,000005	0,000010
32058,397080	0,000004	0,000011
32068,396580	0,000003	0,000002
32078,396080	0,000005	0,000009
32088,395580	0,000004	0,000004
32098,395080	0,000009	0,000003
32108,394580	0,000014	0,000003
32118,394080	0,000002	0,000010
32128,393580	0,000010	0,000009
32138,393080	0,000009	0,000002
32148,392580	0,000004	0,000004
32158,392080	0,000004	0,000005
32168,391580	0,000005	0,000005
32178,391080	0,000008	0,000004
32188,390580	0,000013	0,000007
32198,390080	0,000004	0,000006
32208,389581	0,000012	0,000006
32218,389081	0,000009	0,000005
32228,388581	0,000007	0,000003
32238,388081	0,000007	0,000008
32248,387581	0,000007	0,000009
32258,387081	0,000010	0,000008
32268,386581	0,000008	0,000002
32278,386081	0,000008	0,000001
32288,385581	0,000007	0,000006
32298,385081	0,000001	0,000011
32308,384581	0,000006	0,000010
32318,384081	0,000004	0,000007
32328,383581	0,000004	0,000005
32338,383081	0,000001	0,000005
32348,382581	0,000007	0,000007
32358,382081	0,000009	0,000005
32368,381581	0,000017	0,000008
32378,381081	0,000016	0,000010
32388,380581	0,000006	0,000005
32398,380081	0,000008	0,000008
32408,379581	0,000012	0,000010
32418,379081	0,000012	0,000009
32428,378581	0,000003	0,000003
32438,378081	0,000004	0,000002
32448,377581	0,000008	0,000005
32458,377081	0,000002	0,000002
32468,376581	0,000005	0,000001
32478,376081	0,000008	0,000002
32488,375581	0,000006	0,000001
32498,375081	0,000004	0,000004
32508,374581	0,000005	0,000004
32518,374081	0,000003	0,000004
32528,373581	0,000009	0,000003
32538,373081	0,000009	0,000009
32548,372581	0,000009	0,000005
32558,372081	0,000008	0,000003
32568,371581	0,000001	0,000003
32578,371081	0,000007	0,000007
32588,370581	0,000010	0,000012
32598,370081	0,000009	0,000004
32608,369582	0,000008	0,000003
32618,369082	0,000008	0,000004
32628,368582	0,000002	0,000005
32638,368082	0,000002	0,000002
32648,367582	0,000011	0,000010
32658,367082	0,000013	0,000011
32668,366582	0,000007	0,000002
32678,366082	0,000005	0,000010
32688,365582	0,000005	0,000009
32698,365082	0,000002	0,000008
32708,364582	0,000002	0,000011
32718,364082	0,000002	0,000009
32728,363582	0,000003	0,000006
32738,363082	0,000004	0,000003
32748,362582	0,000002	0,000007
32758,362082	0,000003	0,000006
32768,361582	0,000006	0,000004
32778,361082	0,000007	0,000012
32788,360582	0,000013	0,000013
32798,360082	0,000009	0,000002
32808,359582	0,000005	0,000007
32818,359082	0,000006	0,000003
32828,358582	0,000003	0,000004
32838,358082	0,000002	0,000003
32848,357582	0,000004	0,000005
32858,357082	0,000004	0,000011
32868,356582	0,000006	0,000019
32878,356082	0,000006	0,000018
32888,355582	0,000001	0,000006
32898,355082	0,000001	0,000005
32908,354582	0,000002	0,000008
32918,354082	0,000005	0,000008
32928,353582	0,000002	0,000005
32938,353082	0,000001	0,000005
32948,352582	0,000004	0,000002
32958,352082	0,000012	0,000005
32968,351582	0,000012	0,000009
32978,351082	0,000003	0,000005
32988,350582	0,000001	0,000011
32998,350082	0,000003	0,000010
33008,349583	0,000006	0,000005
33018,349083	0,000005	0,000002
33028,348583	0,000013	0,000012
33038,348083	0,000005	0,000008
33048,347583	0,000005	0,000002
33058,347083	0,000008	0,000005
33068,346583	0,000010	0,000010
33078,346083	0,000007	0,000009
33088,345583	0,000003	0,000006
33098,345083	0,000004	0,000009
33108,344583	0,000009	0,000010
33118,344083	0,000005	0,000008
33128,343583	0,000003	0,000006
33138,343083	0,000004	0,000005
33148,342583	0,000003	0,000009
33158,342083	0,000003	0,000010
33168,341583	0,000003	0,000008
33178,341083	0,000008	0,000003
33188,340583	0,000008	0,000006
33198,340083	0,000005	0,000007
33208,339583	0,000002	0,000008
33218,339083	0,000011	0,000011
33228,338583	0,000010	0,000009
33238,338083	0,000003	0,000005
33248,337583	0,000005	0,000006
33258,337083	0,000007	0,000007
33268,336583	0,000005	0,000006
33278,336083	0,000006	0,000003
33288,335583	0,000014	0,000008
33298,335083	0,000016	0,000009
33308,334583	0,000008	0,000005
33318,334083	0,000002	0,000008
33328,333583	0,000005	0,000005
33338,333083	0,000003	0,000001
33348,332583	0,000005	0,000002
33358,332083	0,000008	0,000006
33368,331583	0,000011	0,000006
33378,331083	0,000009	0,000006
33388,330583	0,000006	0,000006
33398,330083	0,000009	0,000010
33408,329584	0,000006	0,000007
33418,329084	0,000012	0,000006
33428,328584	0,000015	0,000007
33438,328084	0,000005	0,000010
33448,327584	0,000005	0,000010
33458,327084	0,000006	0,000002
33468,326584	0,000006	0,000002
33478,326084	0,000013	0,000011
33488,325584	0,000012	0,000011
33498,325084	0,000008	0,000008
33508,324584	0,000008	0,000010
33518,324084	0,000005	0,000008
33528,323584	0,000006	0,000004
33538,323084	0,000004	0,000005
33548,322584	0,000002	0,000001
33558,322084	0,000004	0,000004
33568,321584	0,000012	0,000006
33578,321084	0,000008	0,000001
33588,320584	0,000007	0,000010
33598,320084	0,000011	0,000005
33608,319584	0,000011	0,000006
33618,319084	0,000011	0,000005
33628,318584	0,000005	0,000002
33638,318084	0,000004	0,000005
33648,317584	0,000010	0,000007
33658,317084	0,000012	0,000004
33668,316584	0,000013	0,000001
33678,316084	0,000011	0,000002
33688,315584	0,000005	0,000005
33698,315084	0,000006	0,000008
33708,314584	0,000009	0,000004
33718,314084	0,000007	0,000001
33728,313584	0,000005	0,000007
33738,313084	0,000007	0,000004
33748,312584	0,000003	0,000004
33758,312084	0,000008	0,000002
33768,311584	0,000007	0,000004
33778,311084	0,000004	0,000001
33788,310584	0,000002	0,000008
33798,310084	0,000007	0,000011
33808,309585	0,000004	0,000002
33818,309085	0,000002	0,000006
33828,308585	0,000005	0,000008
33838,308085	0,000006	0,000012
33848,307585	0,000008	0,000004
33858,307085	0,000017	0,000021
33868,306585	0,000015	0,000016
33878,306085	0,000006	0,000004
33888,305585	0,000008	0,000004
33898,305085	0,000005	0,000011
33908,304585	0,000001	0,000009
33918,304085	0,000001	0,000003
33928,303585	0,000003	0,000003
33938,303085	0,000001	0,000003
33948,302585	0,000003	0,000004
33958,302085	0,000003	0,000005
33968,301585	0,000007	0,000009
33978,301085	0,000010	0,000008
33988,300585	0,000010	0,000005
33998,300085	0,000010	0,000009
34008,299585	0,000006	0,000003
34018,299085	0,000008	0,000006
34028,298585	0,000008	0,000003
34038,298085	0,000004	0,000006
34048,297585	0,000005	0,000006
34058,297085	0,000008	0,000006
34068,296585	0,000005	0,000003
34078,296085	0,000002	0,000001
34088,295585	0,000004	0,000006
34098,295085	0,000006	0,000001
34108,294585	0,000009	0,000007
34118,294085	0,000009	0,000005
34128,293585	0,000005	0,000005
34138,293085	0,000001	0,000009
34148,292585	0,000008	0,000008
34158,292085	0,000010	0,000013
34168,291585	0,000005	0,000012
34178,291085	0,000003	0,000007
34188,290585	0,000002	0,000010
34198,290085	0,000001	0,000005
34208,289586	0,000006	0,000003
34218,289086	0,000002	0,000003
34228,288586	0,000009	0,000008
34238,288086	0,000004	0,000007
34248,287586	0,000008	0,000004
34258,287086	0,000006	0,000002
34268,286586	0,000004	0,000003
34278,286086	0,000001	0,000007
34288,285586	0,000004	0,000004
34298,285086	0,000007	0,000007
34308,284586	0,000006	0,000001
34318,284086	0,000003	0,000002
34328,283586	0,000002	0,000001
34338,283086	0,000002	0,000009
34348,282586	0,000007	0,000010
34358,282086	0,000007	0,000004
34368,281586	0,000007	0,000002
34378,281086	0,000001	0,000002
34388,280586	0,000005	0,000005
34398,280086	0,000007	0,000004
34408,279586	0,000008	0,000008
34418,279086	0,000008	0,000006
34428,278586	0,000006	0,000006
34438,278086	0,000004	0,000001
34448,277586	0,000001	0,000011
34458,277086	0,000002	0,000007
34468,276586	0,000004	0,000009
34478,276086	0,000004	0,000012
34488,275586	0,000007	0,000006
34498,275086	0,000007	0,000002
34508,274586	0,000006	0,000003
34518,274086	0,000002	0,000010
34528,273586	0,000002	0,000012
34538,273086	0,000000	0,000004
34548,272586	0,000005	0,000003
34558,272086	0,000005	0,000002
34568,271586	0,000006	0,000002
34578,271086	0,000012	0,000008
34588,270586	0,000007	0,000010
34598,270086	0,000002	0,000008
34608,269587	0,000003	0,000005
34618,269087	0,000003	0,000007
34628,268587	0,000001	0,000004
34638,268087	0,000001	0,000002
34648,267587	0,000001	0,000002
34658,267087	0,000002	0,000005
34668,266587	0,000004	0,000012
34678,266087	0,000002	0,000012
34688,265587	0,000006	0,000006
34698,265087	0,000004	0,000006
34708,264587	0,000003	0,000005
34718,264087	0,000006	0,000006
34728,263587	0,000003	0,000007
34738,263087	0,000003	0,000012
34748,262587	0,000002	0,000009
34758,262087	0,000003	0,000004
34768,261587	0,000002	0,000003
34778,261087	0,000002	0,000005
34788,260587	0,000005	0,000006
34798,260087	0,000009	0,000008
34808,259587	0,000007	0,000008
34818,259087	0,000003	0,000010
34828,258587	0,000006	0,000016
34838,258087	0,000002	0,000015
34848,257587	0,000001	0,000008
34858,257087	0,000004	0,000003
34868,256587	0,000005	0,000007
34878,256087	0,000006	0,000012
34888,255587	0,000008	0,000012
34898,255087	0,000001	0,000003
34908,254587	0,000011	0,000014
34918,254087	0,000014	0,000012
34928,253587	0,000011	0,000003
34938,253087	0,000013	0,000005
34948,252587	0,000011	0,000008
34958,252087	0,000010	0,000003
34968,251587	0,000010	0,000006
34978,251087	0,000006	0,000005
34988,250587	0,000007	0,000007
34998,250087	0,000010	0,000004
35008,249588	0,000007	0,000007
35018,249088	0,000004	0,000008
35028,248588	0,000005	0,000007
35038,248088	0,000004	0,000005
35048,247588	0,000011	0,000008
35058,247088	0,000012	0,000011
35068,246588	0,000008	0,000006
35078,246088	0,000005	0,000001
35088,245588	0,000007	0,000008
35098,245088	0,000011	0,000014
35108,244588	0,000009	0,000010
35118,244088	0,000006	0,000011
35128,243588	0,000005	0,000010
35138,243088	0,000005	0,000003
35148,242588	0,000006	0,000006
35158,242088	0,000001	0,000005
35168,241588	0,000002	0,000011
35178,241088	0,000004	0,000010
35188,240588	0,000005	0,000008
35198,240088	0,000003	0,000004
35208,239588	0,000004	0,000002
35218,239088	0,000003	0,000004
35228,238588	0,000002	0,000004
35238,238088	0,000006	0,000006
35248,237588	0,000004	0,000005
35258,237088	0,000002	0,000002
35268,236588	0,000006	0,000005
35278,236088	0,000002	0,000004
35288,235588	0,000004	0,000009
35298,235088	0,000005	0,000005
35308,234588	0,000010	0,000003
35318,234088	0,000008	0,000003
35328,233588	0,000006	0,000002
35338,233088	0,000008	0,000004
35348,232588	0,000012	0,000004
35358,232088	0,000012	0,000008
35368,231588	0,000004	0,000007
35378,231088	0,000003	0,000004
35388,230588	0,000003	0,000003
35398,230088	0,000001	0,000009
35408,229589	0,000007	0,000013
35418,229089	0,000006	0,000012
35428,228589	0,000005	0,000007
35438,228089	0,000007	0,000005
35448,227589	0,000004	0,000004
35458,227089	0,000008	0,000005
35468,226589	0,000008	0,000006
35478,226089	0,000008	0,000005
35488,225589	0,000012	0,000004
35498,225089	0,000007	0,000008
35508,224589	0,000009	0,000008
35518,224089	0,000008	0,000009
35528,223589	0,000005	0,000002
35538,223089	0,000008	0,000005
35548,222589	0,000010	0,000004
35558,222089	0,000003	0,000008
35568,221589	0,000009	0,000012
35578,221089	0,000012	0,000009
35588,220589	0,000009	0,000005
35598,220089	0,000012	0,000003
35608,219589	0,000005	0,000003
35618,219089	0,000002	0,000003
35628,218589	0,000008	0,000008
35638,218089	0,000008	0,000007
35648,217589	0,000003	0,000004
35658,217089	0,000001	0,000008
35668,216589	0,000001	0,000009
35678,216089	0,000003	0,000011
35688,215589	0,000006	0,000013
35698,215089	0,000009	0,000011
35708,214589	0,000006	0,000007
35718,214089	0,000004	0,000005
35728,213589	0,000008	0,000002
35738,213089	0,000001	0,000003
35748,212589	0,000005	0,000007
35758,212089	0,000004	0,000010
35768,211589	0,000004	0,000013
35778,211089	0,000007	0,000011
35788,210589	0,000004	0,000007
35798,210089	0,000005	0,000008
35808,209590	0,000005	0,000008
35818,209090	0,000009	0,000007
35828,208590	0,000008	0,000007
35838,208090	0,000011	0,000007
35848,207590	0,000009	0,000011
35858,207090	0,000005	0,000007
35868,206590	0,000002	0,000005
35878,206090	0,000003	0,000006
35888,205590	0,000007	0,000003
35898,205090	0,000010	0,000005
35908,204590	0,000005	0,000008
35918,204090	0,000005	0,000006
35928,203590	0,000002	0,000005
35938,203090	0,000006	0,000004
35948,202590	0,000005	0,000007
35958,202090	0,000006	0,000004
35968,201590	0,000007	0,000003
35978,201090	0,000005	0,000008
35988,200590	0,000012	0,000009
35998,200090	0,000009	0,000011
36008,199590	0,000014	0,000011
36018,199090	0,000012	0,000010
36028,198590	0,000007	0,000012
36038,198090	0,000009	0,000013
36048,197590	0,000009	0,000010
36058,197090	0,000004	0,000002
36068,196590	0,000005	0,000002
36078,196090	0,000005	0,000003
36088,195590	0,000003	0,000004
36098,195090	0,000005	0,000003
36108,194590	0,000011	0,000011
36118,194090	0,000001	0,000008
36128,193590	0,000009	0,000004
36138,193090	0,000010	0,000004
36148,192590	0,000006	0,000002
36158,192090	0,000006	0,000005
36168,191590	0,000009	0,000004
36178,191090	0,000011	0,000006
36188,190590	0,000012	0,000000
36198,190090	0,000008	0,000005
36208,189591	0,000003	0,000003
36218,189091	0,000003	0,000005
36228,188591	0,000008	0,000005
36238,188091	0,000009	0,000007
36248,187591	0,000005	0,000007
36258,187091	0,000002	0,000004
36268,186591	0,000006	0,000006
36278,186091	0,000008	0,000007
36288,185591	0,000004	0,000006
36298,185091	0,000006	0,000004
36308,184591	0,000012	0,000008
36318,184091	0,000010	0,000009
36328,183591	0,000009	0,000008
36338,183091	0,000003	0,000008
36348,182591	0,000004	0,000009
36358,182091	0,000007	0,000007
36368,181591	0,000008	0,000003
36378,181091	0,000011	0,000008
36388,180591	0,000015	0,000012
36398,180091	0,000011	0,000012
36408,179591	0,000005	0,000016
36418,179091	0,000007	0,000014
36428,178591	0,000005	0,000008
36438,178091	0,000003	0,000005
36448,177591	0,000005	0,000015
36458,177091	0,000010	0,000011
36468,176591	0,000009	0,000001
36478,176091	0,000009	0,000004
36488,175591	0,000010	0,000005
36498,175091	0,000008	0,000004
36508,174591	0,000002	0,000006
36518,174091	0,000005	0,000005
36528,173591	0,000006	0,000004
36538,173091	0,000003	0,000006
36548,172591	0,000008	0,000004
36558,172091	0,000006	0,000006
36568,171591	0,000002	0,000012
36578,171091	0,000005	0,000011
36588,170591	0,000005	0,000005
36598,170091	0,000001	0,000004
36608,169592	0,000007	0,000006
36618,169092	0,000013	0,000002
36628,168592	0,000009	0,000006
36638,168092	0,000004	0,000009
36648,167592	0,000009	0,000007
36658,167092	0,000010	0,000006
36668,166592	0,000009	0,000008
36678,166092	0,000010	0,000009
36688,165592	0,000022	0,000012
36698,165092	0,000024	0,000010
36708,164592	0,000009	0,000009
36718,164092	0,000004	0,000009
36728,163592	0,000009	0,000007
36738,163092	0,000009	0,000006
36748,162592	0,000008	0,000012
36758,162092	0,000007	0,000014
36768,161592	0,000006	0,000007
36778,161092	0,000003	0,000004
36788,160592	0,000007	0,000010
36798,160092	0,000005	0,000009
36808,159592	0,000004	0,000004
36818,159092	0,000008	0,000009
36828,158592	0,000005	0,000002
36838,158092	0,000002	0,000005
36848,157592	0,000004	0,000006
36858,157092	0,000005	0,000002
36868,156592	0,000005	0,000005
36878,156092	0,000003	0,000003
36888,155592	0,000004	0,000003
36898,155092	0,000001	0,000004
36908,154592	0,000003	0,000007
36918,154092	0,000003	0,000007
36928,153592	0,000004	0,000009
36938,153092	0,000001	0,000004
36948,152592	0,000005	0,000005
36958,152092	0,000012	0,000007
36968,151592	0,000013	0,000005
36978,151092	0,000003	0,000007
36988,150592	0,000003	0,000006
36998,150092	0,000002	0,000004
37008,149593	0,000004	0,000003
37018,149093	0,000003	0,000008
37028,148593	0,000005	0,000010
37038,148093	0,000006	0,000012
37048,147593	0,000010	0,000014
37058,147093	0,000008	0,000015
37068,146593	0,000007	0,000009
37078,146093	0,000008	0,000002
37088,145593	0,000011	0,000006
37098,145093	0,000005	0,000004
37108,144593	0,000009	0,000005
37118,144093	0,000007	0,000012
37128,143593	0,000003	0,000012
37138,143093	0,000011	0,000010
37148,142593	0,000010	0,000010
37158,142093	0,000007	0,000006
37168,141593	0,000006	0,000002
37178,141093	0,000004	0,000005
37188,140593	0,000004	0,000005
37198,140093	0,000008	0,000004
37208,139593	0,000012	0,000008
37218,139093	0,000010	0,000007
37228,138593	0,000002	0,000002
37238,138093	0,000003	0,000002
37248,137593	0,000005	0,000007
37258,137093	0,000008	0,000006
37268,136593	0,000009	0,000003
37278,136093	0,000008	0,000005
37288,135593	0,000005	0,000004
37298,135093	0,000004	0,000005
37308,134593	0,000007	0,000007
37318,134093	0,000005	0,000005
37328,133593	0,000005	0,000005
37338,133093	0,000007	0,000004
37348,132593	0,000006	0,000006
37358,132093	0,000003	0,000008
37368,131593	0,000011	0,000006
37378,131093	0,000016	0,000005
37388,130593	0,000013	0,000004
37398,130093	0,000011	0,000011
37408,129594	0,000014	0,000013
37418,129094	0,000009	0,000009
37428,128594	0,000009	0,000003
37438,128094	0,000009	0,000004
37448,127594	0,000010	0,000007
37458,127094	0,000010	0,000006
37468,126594	0,000007	0,000014
37478,126094	0,000006	0,000010
37488,125594	0,000006	0,000007
37498,125094	0,000006	0,000004
37508,124594	0,000007	0,000006
37518,124094	0,000006	0,000007
37528,123594	0,000004	0,000011
37538,123094	0,000005	0,000016
37548,122594	0,000006	0,000017
37558,122094	0,000006	0,000014
37568,121594	0,000005	0,000011
37578,121094	0,000005	0,000013
37588,120594	0,000004	0,000011
37598,120094	0,000007	0,000002
37608,119594	0,000003	0,000007
37618,119094	0,000004	0,000009
37628,118594	0,000004	0,000002
37638,118094	0,000006	0,000007
37648,117594	0,000005	0,000001
37658,117094	0,000008	0,000006
37668,116594	0,000005	0,000002
37678,116094	0,000008	0,000002
37688,115594	0,000008	0,000004
37698,115094	0,000007	0,000005
37708,114594	0,000012	0,000004
37718,114094	0,000005	0,000006
37728,113594	0,000005	0,000006
37738,113094	0,000008	0,000006
37748,112594	0,000007	0,000009
37758,112094	0,000001	0,000006
37768,111594	0,000002	0,000008
37778,111094	0,000004	0,000011
37788,110594	0,000010	0,000009
37798,110094	0,000009	0,000005
37808,109595	0,000006	0,000004
37818,109095	0,000007	0,000006
37828,108595	0,000004	0,000009
37838,108095	0,000001	0,000005
37848,107595	0,000006	0,000002
37858,107095	0,000009	0,000006
37868,106595	0,000001	0,000004
37878,106095	0,000006	0,000005
37888,105595	0,000007	0,000004
37898,105095	0,000015	0,000014
37908,104595	0,000006	0,000009
37918,104095	0,000006	0,000005
37928,103595	0,000008	0,000006
37938,103095	0,000006	0,000006
37948,102595	0,000004	0,000002
37958,102095	0,000008	0,000008
37968,101595	0,000006	0,000005
37978,101095	0,000004	0,000002
37988,100595	0,000004	0,000009
37998,100095	0,000006	0,000012
38008,099595	0,000004	0,000010
38018,099095	0,000002	0,000004
38028,098595	0,000004	0,000004
38038,098095	0,000008	0,000008
38048,097595	0,000007	0,000002
38058,097095	0,000004	0,000001
38068,096595	0,000007	0,000007
38078,096095	0,000010	0,000007
38088,095595	0,000004	0,000003
38098,095095	0,000011	0,000007
38108,094595	0,000008	0,000014
38118,094095	0,000004	0,000008
38128,093595	0,000003	0,000004
38138,093095	0,000003	0,000004
38148,092595	0,000003	0,000003
38158,092095	0,000008	0,000002
38168,091595	0,000007	0,000004
38178,091095	0,000004	0,000002
38188,090595	0,000007	0,000007
38198,090095	0,000004	0,000006
38208,089596	0,000009	0,000006
38218,089096	0,000013	0,000005
38228,088596	0,000008	0,000002
38238,088096	0,000004	0,000005
38248,087596	0,000002	0,000003
38258,087096	0,000003	0,000003
38268,086596	0,000003	0,000003
38278,086096	0,000005	0,000004
38288,085596	0,000003	0,000002
38298,085096	0,000002	0,000002
38308,084596	0,000003	0,000010
38318,084096	0,000005	0,000011
38328,083596	0,000004	0,000004
38338,083096	0,000005	0,000011
38348,082596	0,000004	0,000008
38358,082096	0,000004	0,000005
38368,081596	0,000004	0,000009
38378,081096	0,000004	0,000009
38388,080596	0,000005	0,000008
38398,080096	0,000005	0,000002
38408,079596	0,000008	0,000004
38418,079096	0,000004	0,000004
38428,078596	0,000004	0,000006
38438,078096	0,000001	0,000005
38448,077596	0,000002	0,000005
38458,077096	0,000003	0,000010
38468,076596	0,000003	0,000008
38478,076096	0,000004	0,000002
38488,075596	0,000007	0,000010
38498,075096	0,000014	0,000008
38508,074596	0,000006	0,000003
38518,074096	0,000011	0,000014
38528,073596	0,000012	0,000012
38538,073096	0,000005	0,000001
38548,072596	0,000003	0,000008
38558,072096	0,000008	0,000008
38568,071596	0,000008	0,000006
38578,071096	0,000007	0,000005
38588,070596	0,000006	0,000007
38598,070096	0,000007	0,000012
38608,069597	0,000010	0,000012
38618,069097	0,000007	0,000006
38628,068597	0,000001	0,000004
38638,068097	0,000004	0,000002
38648,067597	0,000003	0,000010
38658,067097	0,000007	0,000004
38668,066597	0,000008	0,000007
38678,066097	0,000002	0,000007
38688,065597	0,000004	0,000004
38698,065097	0,000005	0,000004
38708,064597	0,000007	0,000012
38718,064097	0,000003	0,000014
38728,063597	0,000000	0,000005
38738,063097	0,000002	0,000002
38748,062597	0,000001	0,000006
38758,062097	0,000004	0,000010
38768,061597	0,000007	0,000006
38778,061097	0,000010	0,000002
38788,060597	0,000011	0,000001
38798,060097	0,000008	0,000001
38808,059597	0,000006	0,000005
38818,059097	0,000002	0,000009
38828,058597	0,000005	0,000008
38838,058097	0,000004	0,000006
38848,057597	0,000005	0,000005
38858,057097	0,000003	0,000006
38868,056597	0,000005	0,000006
38878,056097	0,000013	0,000010
38888,055597	0,000013	0,000004
38898,055097	0,000004	0,000004
38908,054597	0,000008	0,000006
38918,054097	0,000006	0,000009
38928,053597	0,000002	0,000003
38938,053097	0,000003	0,000004
38948,052597	0,000001	0,000002
38958,052097	0,000007	0,000006
38968,051597	0,000009	0,000005
38978,051097	0,000011	0,000008
38988,050597	0,000010	0,000005
38998,050097	0,000007	0,000006
39008,049598	0,000003	0,000012
39018,049098	0,000003	0,000008
39028,048598	0,000005	0,000003
39038,048098	0,000012	0,000005
39048,047598	0,000012	0,000013
39058,047098	0,000009	0,000011
39068,046598	0,000007	0,000001
39078,046098	0,000005	0,000007
39088,045598	0,000009	0,000006
39098,045098	0,000009	0,000002
39108,044598	0,000004	0,000008
39118,044098	0,000006	0,000003
39128,043598	0,000004	0,000002
39138,043098	0,000003	0,000004
39148,042598	0,000004	0,000003
39158,042098	0,000004	0,000001
39168,041598	0,000004	0,000001
39178,041098	0,000003	0,000003
39188,040598	0,000002	0,000003
39198,040098	0,000001	0,000004
39208,039598	0,000004	0,000005
39218,039098	0,000001	0,000004
39228,038598	0,000001	0,000006
39238,038098	0,000007	0,000003
39248,037598	0,000008	0,000002
39258,037098	0,000006	0,000003
39268,036598	0,000010	0,000003
39278,036098	0,000008	0,000001
39288,035598	0,000005	0,000008
39298,035098	0,000003	0,000008
39308,034598	0,000005	0,000003
39318,034098	0,000008	0,000005
39328,033598	0,000007	0,000013
39338,033098	0,000003	0,000009
39348,032598	0,000005	0,000001
39358,032098	0,000007	0,000006
39368,031598	0,000010	0,000010
39378,031098	0,000012	0,000014
39388,030598	0,000004	0,000008
39398,030098	0,000003	0,000003
39408,029599	0,000007	0,000006
39418,029099	0,000012	0,000013
39428,028599	0,000010	0,000013
39438,028099	0,000002	0,000009
39448,027599	0,000002	0,000003
39458,027099	0,000001	0,000010
39468,026599	0,000008	0,000008
39478,026099	0,000012	0,000003
39488,025599	0,000006	0,000002
39498,025099	0,000001	0,000002
39508,024599	0,000004	0,000004
39518,024099	0,000007	0,000007
39528,023599	0,000004	0,000008
39538,023099	0,000001	0,000006
39548,022599	0,000002	0,000001
39558,022099	0,000001	0,000004
39568,021599	0,000004	0,000003
39578,021099	0,000009	0,000004
39588,020599	0,000006	0,000009
39598,020099	0,000008	0,000012
39608,019599	0,000002	0,000009
39618,019099	0,000006	0,000005
39628,018599	0,000004	0,000004
39638,018099	0,000001	0,000000
39648,017599	0,000001	0,000004
39658,017099	0,000003	0,000009
39668,016599	0,000007	0,000007
39678,016099	0,000007	0,000006
39688,015599	0,000014	0,000011
39698,015099	0,000011	0,000007
39708,014599	0,000003	0,000002
39718,014099	0,000006	0,000002
39728,013599	0,000010	0,000008
39738,013099	0,000002	0,000018
39748,012599	0,000009	0,000018
39758,012099	0,000006	0,000007
39768,011599	0,000004	0,000002
39778,011099	0,000001	0,000003
39788,010599	0,000002	0,000003
39798,010099	0,000007	0,000002
39808,009600	0,000005	0,000004
39818,009100	0,000008	0,000009
39828,008600	0,000010	0,000010
39838,008100	0,000002	0,000002
39848,007600	0,000005	0,000005
39858,007100	0,000005	0,000008
39868,006600	0,000007	0,000014
39878,006100	0,000006	0,000009
39888,005600	0,000004	0,000006
39898,005100	0,000010	0,000005
39908,004600	0,000008	0,000006
39918,004100	0,000002	0,000005
39928,003600	0,000003	0,000003
39938,003100	0,000008	0,000006
39948,002600	0,000011	0,000009
39958,002100	0,000007	0,000009
39968,001600	0,000004	0,000006
39978,001100	0,000009	0,000008
39988,000600	0,000010	0,000010
39998,000100	0,000005	0,000004
40007,999600	0,000008	0,000005
40017,999100	0,000015	0,000007
40027,998600	0,000010	0,000003
40037,998100	0,000006	0,000011
40047,997600	0,000013	0,000016
40057,997100	0,000009	0,000010
40067,996600	0,000003	0,000007
40077,996100	0,000003	0,000002
40087,995600	0,000003	0,000002
40097,995100	0,000004	0,000002
40107,994600	0,000012	0,000008
40117,994100	0,000009	0,000005
40127,993600	0,000004	0,000007
40137,993100	0,000007	0,000010
40147,992600	0,000002	0,000008
40157,992100	0,000005	0,000006
40167,991600	0,000006	0,000004
40177,991100	0,000004	0,000004
40187,990600	0,000002	0,000007
40197,990100	0,000003	0,000006
40207,989601	0,000007	0,000004
40217,989101	0,000004	0,000002
40227,988601	0,000002	0,000002
40237,988101	0,000003	0,000005
40247,987601	0,000006	0,000005
40257,987101	0,000005	0,000004
40267,986601	0,000003	0,000008
40277,986101	0,000006	0,000007
40287,985601	0,000005	0,000009
40297,985101	0,000004	0,000012
40307,984601	0,000007	0,000011
40317,984101	0,000003	0,000004
40327,983601	0,000007	0,000005
40337,983101	0,000004	0,000009
40347,982601	0,000005	0,000008
40357,982101	0,000002	0,000004
40367,981601	0,000007	0,000004
40377,981101	0,000005	0,000004
40387,980601	0,000005	0,000009
40397,980101	0,000007	0,000009
40407,979601	0,000007	0,000003
40417,979101	0,000005	0,000004
40427,978601	0,000000	0,000006
40437,978101	0,000006	0,000003
40447,977601	0,000007	0,000005
40457,977101	0,000005	0,000001
40467,976601	0,000006	0,000005
40477,976101	0,000004	0,000008
40487,975601	0,000003	0,000006
40497,975101	0,000005	0,000008
40507,974601	0,000011	0,000010
40517,974101	0,000006	0,000004
40527,973601	0,000009	0,000009
40537,973101	0,000006	0,000006
40547,972601	0,000002	0,000001
40557,972101	0,000001	0,000001
40567,971601	0,000002	0,000003
40577,971101	0,000006	0,000007
40587,970601	0,000007	0,000008
40597,970101	0,000005	0,000007
40607,969602	0,000004	0,000009
40617,969102	0,000007	0,000010
40627,968602	0,000003	0,000007
40637,968102	0,000002	0,000005
40647,967602	0,000002	0,000008
40657,967102	0,000004	0,000013
40667,966602	0,000005	0,000012
40677,966102	0,000004	0,000006
40687,965602	0,000002	0,000005
40697,965102	0,000008	0,000008
40707,964602	0,000009	0,000008
40717,964102	0,000004	0,000009
40727,963602	0,000003	0,000011
40737,963102	0,000002	0,000010
40747,962602	0,000005	0,000008
40757,962102	0,000007	0,000000
40767,961602	0,000008	0,000006
40777,961102	0,000003	0,000003
40787,960602	0,000000	0,000005
40797,960102	0,000002	0,000001
40807,959602	0,000002	0,000006
40817,959102	0,000003	0,000006
40827,958602	0,000006	0,000005
40837,958102	0,000008	0,000006
40847,957602	0,000010	0,000006
40857,957102	0,000011	0,000005
40867,956602	0,000005	0,000004
40877,956102	0,000008	0,000003
40887,955602	0,000010	0,000008
40897,955102	0,000001	0,000008
40907,954602	0,000005	0,000001
40917,954102	0,000004	0,000006
40927,953602	0,000006	0,000002
40937,953102	0,000003	0,000004
40947,952602	0,000005	0,000004
40957,952102	0,000003	0,000004
40967,951602	0,000003	0,000005
40977,951102	0,000003	0,000004
40987,950602	0,000009	0,000002
40997,950102	0,000009	0,000007
41007,949603	0,000001	0,000010
41017,949103	0,000009	0,000003
41027,948603	0,000008	0,000003
41037,948103	0,000003	0,000003
41047,947603	0,000001	0,000011
41057,947103	0,000006	0,000016
41067,946603	0,000007	0,000012
41077,946103	0,000010	0,000009
41087,945603	0,000008	0,000007
41097,945103	0,000005	0,000008
41107,944603	0,000008	0,000003
41117,944103	0,000007	0,000004
41127,943603	0,000003	0,000003
41137,943103	0,000003	0,000001
41147,942603	0,000001	0,000003
41157,942103	0,000004	0,000006
41167,941603	0,000006	0,000006
41177,941103	0,000003	0,000005
41187,940603	0,000002	0,000011
41197,940103	0,000004	0,000012
41207,939603	0,000008	0,000008
41217,939103	0,000006	0,000008
41227,938603	0,000005	0,000005
41237,938103	0,000003	0,000002
41247,937603	0,000008	0,000002
41257,937103	0,000004	0,000005
41267,936603	0,000005	0,000006
41277,936103	0,000005	0,000005
41287,935603	0,000003	0,000006
41297,935103	0,000008	0,000009
41307,934603	0,000010	0,000008
41317,934103	0,000007	0,000001
41327,933603	0,000006	0,000003
41337,933103	0,000008	0,000003
41347,932603	0,000010	0,000006
41357,932103	0,000007	0,000006
41367,931603	0,000006	0,000007
41377,931103	0,000004	0,000008
41387,930603	0,000008	0,000007
41397,930103	0,000005	0,000005
41407,929604	0,000005	0,000008
41417,929104	0,000002	0,000004
41427,928604	0,000006	0,000006
41437,928104	0,000008	0,000006
41447,927604	0,000007	0,000003
41457,927104	0,000007	0,000003
41467,926604	0,000007	0,000004
41477,926104	0,000004	0,000001
41487,925604	0,000001	0,000008
41497,925104	0,000001	0,000009
41507,924604	0,000003	0,000006
41517,924104	0,000007	0,000004
41527,923604	0,000005	0,000004
41537,923104	0,000009	0,000003
41547,922604	0,000012	0,000008
41557,922104	0,000007	0,000009
41567,921604	0,000002	0,000004
41577,921104	0,000005	0,000005
41587,920604	0,000003	0,000005
41597,920104	0,000003	0,000002
41607,919604	0,000004	0,000001
41617,919104	0,000005	0,000005
41627,918604	0,000000	0,000003
41637,918104	0,000002	0,000009
41647,917604	0,000002	0,000011
41657,917104	0,000004	0,000005
41667,916604	0,000003	0,000003
41677,916104	0,000002	0,000002
41687,915604	0,000008	0,000003
41697,915104	0,000009	0,000007
41707,914604	0,000004	0,000007
41717,914104	0,000007	0,000004
41727,913604	0,000011	0,000005
41737,913104	0,000003	0,000006
41747,912604	0,000005	0,000005
41757,912104	0,000005	0,000003
41767,911604	0,000009	0,000008
41777,911104	0,000010	0,000007
41787,910604	0,000010	0,000010
41797,910104	0,000005	0,000004
41807,909605	0,000002	0,000006
41817,909105	0,000005	0,000007
41827,908605	0,000004	0,000003
41837,908105	0,000001	0,000006
41847,907605	0,000001	0,000010
41857,907105	0,000005	0,000010
41867,906605	0,000008	0,000005
41877,906105	0,000008	0,000006
41887,905605	0,000006	0,000007
41897,905105	0,000002	0,000003
41907,904605	0,000005	0,000004
41917,904105	0,000006	0,000006
41927,903605	0,000008	0,000007
41937,903105	0,000008	0,000012
41947,902605	0,000007	0,000013
41957,902105	0,000004	0,000006
41967,901605	0,000002	0,000005
41977,901105	0,000008	0,000014
41987,900605	0,000012	0,000015
41997,900105	0,000005	0,000007
42007,899605	0,000005	0,000003
42017,899105	0,000004	0,000005
42027,898605	0,000003	0,000010
42037,898105	0,000006	0,000013
42047,897605	0,000006	0,000012
42057,897105	0,000001	0,000006
42067,896605	0,000004	0,000004
42077,896105	0,000010	0,000007
42087,895605	0,000009	0,000007
42097,895105	0,000007	0,000005
42107,894605	0,000004	0,000005
42117,894105	0,000003	0,000006
42127,893605	0,000006	0,000009
42137,893105	0,000003	0,000010
42147,892605	0,000006	0,000007
42157,892105	0,000006	0,000006
42167,891605	0,000007	0,000007
42177,891105	0,000011	0,000002
42187,890605	0,000005	0,000006
42197,890105	0,000002	0,000007
42207,889606	0,000004	0,000003
42217,889106	0,000003	0,000007
42227,888606	0,000003	0,000012
42237,888106	0,000004	0,000008
42247,887606	0,000005	0,000005
42257,887106	0,000009	0,000005
42267,886606	0,000008	0,000005
42277,886106	0,000005	0,000004
42287,885606	0,000004	0,000006
42297,885106	0,000004	0,000003
42307,884606	0,000002	0,000002
42317,884106	0,000005	0,000005
42327,883606	0,000007	0,000006
42337,883106	0,000003	0,000004
42347,882606	0,000007	0,000009
42357,882106	0,000007	0,000010
42367,881606	0,000010	0,000007
42377,881106	0,000008	0,000008
42387,880606	0,000006	0,000010
42397,880106	0,000009	0,000004
42407,879606	0,000012	0,000003
42417,879106	0,000006	0,000001
42427,878606	0,000003	0,000005
42437,878106	0,000002	0,000006
42447,877606	0,000003	0,000004
42457,877106	0,000003	0,000004
42467,876606	0,000005	0,000006
42477,876106	0,000004	0,000008
42487,875606	0,000004	0,000004
42497,875106	0,000005	0,000004
42507,874606	0,000002	0,000004
42517,874106	0,000007	0,000007
42527,873606	0,000014	0,000002
42537,873106	0,000011	0,000005
42547,872606	0,000008	0,000006
42557,872106	0,000003	0,000002
42567,871606	0,000001	0,000006
42577,871106	0,000003	0,000003
42587,870606	0,000004	0,000011
42597,870106	0,000003	0,000010
42607,869607	0,000003	0,000008
42617,869107	0,000004	0,000007
42627,868607	0,000007	0,000003
42637,868107	0,000002	0,000007
42647,867607	0,000006	0,000010
42657,867107	0,000011	0,000004
42667,866607	0,000005	0,000007
42677,866107	0,000004	0,000007
42687,865607	0,000008	0,000006
42697,865107	0,000005	0,000010
42707,864607	0,000003	0,000004
42717,864107	0,000009	0,000002
42727,863607	0,000007	0,000007
42737,863107	0,000005	0,000010
42747,862607	0,000002	0,000012
42757,862107	0,000007	0,000007
42767,861607	0,000004	0,000003
42777,861107	0,000005	0,000003
42787,860607	0,000005	0,000007
42797,860107	0,000007	0,000005
42807,859607	0,000007	0,000011
42817,859107	0,000004	0,000010
42827,858607	0,000001	0,000006
42837,858107	0,000005	0,000008
42847,857607	0,000013	0,000010
42857,857107	0,000011	0,000007
42867,856607	0,000004	0,000006
42877,856107	0,000003	0,000006
42887,855607	0,000004	0,000006
42897,855107	0,000004	0,000003
42907,854607	0,000004	0,000005
42917,854107	0,000004	0,000010
42927,853607	0,000006	0,000008
42937,853107	0,000010	0,000004
42947,852607	0,000008	0,000006
42957,852107	0,000002	0,000006
42967,851607	0,000005	0,000008
42977,851107	0,000007	0,000013
42987,850607	0,000004	0,000006
42997,850107	0,000005	0,000004
43007,849608	0,000006	0,000002
43017,849108	0,000012	0,000001
43027,848608	0,000016	0,000007
43037,848108	0,000016	0,000009
43047,847608	0,000009	0,000006
43057,847108	0,000006	0,000005
43067,846608	0,000007	0,000003
43077,846108	0,000005	0,000003
43087,845608	0,000001	0,000003
43097,845108	0,000007	0,000004
43107,844608	0,000007	0,000006
43117,844108	0,000006	0,000005
43127,843608	0,000005	0,000003
43137,843108	0,000005	0,000001
43147,842608	0,000008	0,000002
43157,842108	0,000007	0,000003
43167,841608	0,000000	0,000008
43177,841108	0,000008	0,000006
43187,840608	0,000010	0,000001
43197,840108	0,000006	0,000005
43207,839608	0,000003	0,000007
43217,839108	0,000002	0,000006
43227,838608	0,000004	0,000002
43237,838108	0,000004	0,000002
43247,837608	0,000009	0,000003
43257,837108	0,000007	0,000008
43267,836608	0,000012	0,000008
43277,836108	0,000007	0,000009
43287,835608	0,000012	0,000009
43297,835108	0,000010	0,000007
43307,834608	0,000004	0,000002
43317,834108	0,000005	0,000009
43327,833608	0,000003	0,000005
43337,833108	0,000004	0,000006
43347,832608	0,000004	0,000007
43357,832108	0,000005	0,000002
43367,831608	0,000002	0,000005
43377,831108	0,000007	0,000005
43387,830608	0,000005	0,000007
43397,830108	0,000008	0,000008
43407,829609	0,000008	0,000009
43417,829109	0,000007	0,000009
43427,828609	0,000006	0,000012
43437,828109	0,000006	0,000008
43447,827609	0,000004	0,000008
43457,827109	0,000008	0,000009
43467,826609	0,000008	0,000006
43477,826109	0,000004	0,000006
43487,825609	0,000004	0,000006
43497,825109	0,000001	0,000010
43507,824609	0,000007	0,000004
43517,824109	0,000008	0,000004
43527,823609	0,000003	0,000005
43537,823109	0,000006	0,000002
43547,822609	0,000002	0,000005
43557,822109	0,000004	0,000004
43567,821609	0,000008	0,000006
43577,821109	0,000012	0,000006
43587,820609	0,000011	0,000007
43597,820109	0,000002	0,000007
43607,819609	0,000002	0,000010
43617,819109	0,000005	0,000011
43627,818609	0,000007	0,000004
43637,818109	0,000004	0,000002
43647,817609	0,000005	0,000001
43657,817109	0,000004	0,000002
43667,816609	0,000001	0,000005
43677,816109	0,000003	0,000005
43687,815609	0,000006	0,000005
43697,815109	0,000010	0,000006
43707,814609	0,000004	0,000004
43717,814109	0,000008	0,000005
43727,813609	0,000010	0,000003
43737,813109	0,000011	0,000013
43747,812609	0,000009	0,000016
43757,812109	0,000009	0,000010
43767,811609	0,000011	0,000003
43777,811109	0,000013	0,000007
43787,810609	0,000016	0,000011
43797,810109	0,000009	0,000008
43807,809610	0,000003	0,000003
43817,809110	0,000006	0,000008
43827,808610	0,000002	0,000009
43837,808110	0,000009	0,000012
43847,807610	0,000010	0,000015
43857,807110	0,000010	0,000011
43867,806610	0,000006	0,000004
43877,806110	0,000005	0,000006
43887,805610	0,000005	0,000008
43897,805110	0,000002	0,000006
43907,804610	0,000006	0,000006
43917,804110	0,000002	0,000003
43927,803610	0,000004	0,000002
43937,803110	0,000003	0,000004
43947,802610	0,000003	0,000002
43957,802110	0,000005	0,000002
43967,801610	0,000006	0,000006
43977,801110	0,000008	0,000010
43987,800610	0,000009	0,000008
43997,800110	0,000010	0,000007
44007,799610	0,000007	0,000003
44017,799110	0,000003	0,000007
44027,798610	0,000003	0,000006
44037,798110	0,000003	0,000007
44047,797610	0,000003	0,000008
44057,797110	0,000007	0,000002
44067,796610	0,000007	0,000003
44077,796110	0,000005	0,000003
44087,795610	0,000006	0,000002
44097,795110	0,000011	0,000005
44107,794610	0,000007	0,000008
44117,794110	0,000004	0,000012
44127,793610	0,000002	0,000006
44137,793110	0,000004	0,000002
44147,792610	0,000004	0,000003
44157,792110	0,000007	0,000007
44167,791610	0,000008	0,000003
44177,791110	0,000008	0,000005
44187,790610	0,000005	0,000005
44197,790110	0,000007	0,000002
44207,789611	0,000006	0,000003
44217,789111	0,000003	0,000009
44227,788611	0,000008	0,000012
44237,788111	0,000008	0,000004
44247,787611	0,000007	0,000003
44257,787111	0,000004	0,000004
44267,786611	0,000003	0,000003
44277,786111	0,000005	0,000002
44287,785611	0,000001	0,000010
44297,785111	0,000008	0,000016
44307,784611	0,000006	0,000012
44317,784111	0,000005	0,000007
44327,783611	0,000011	0,000007
44337,783111	0,000013	0,000009
44347,782611	0,000012	0,000009
44357,782111	0,000005	0,000003
44367,781611	0,000003	0,000004
44377,781111	0,000006	0,000011
44387,780611	0,000005	0,000013
44397,780111	0,000002	0,000010
44407,779611	0,000006	0,000003
44417,779111	0,000008	0,000009
44427,778611	0,000004	0,000009
44437,778111	0,000003	0,000004
44447,777611	0,000005	0,000005
44457,777111	0,000005	0,000007
44467,776611	0,000005	0,000003
44477,776111	0,000011	0,000005
44487,775611	0,000011	0,000004
44497,775111	0,000010	0,000012
44507,774611	0,000007	0,000010
44517,774111	0,000007	0,000006
44527,773611	0,000010	0,000007
44537,773111	0,000009	0,000004
44547,772611	0,000008	0,000001
44557,772111	0,000001	0,000003
44567,771611	0,000008	0,000001
44577,771111	0,000003	0,000003
44587,770611	0,000003	0,000008
44597,770111	0,000002	0,000008
44607,769612	0,000006	0,000008
44617,769112	0,000006	0,000007
44627,768612	0,000008	0,000003
44637,768112	0,000006	0,000004
44647,767612	0,000004	0,000004
44657,767112	0,000008	0,000003
44667,766612	0,000007	0,000005
44677,766112	0,000002	0,000007
44687,765612	0,000002	0,000007
44697,765112	0,000008	0,000003
44707,764612	0,000005	0,000001
44717,764112	0,000009	0,000002
44727,763612	0,000010	0,000002
44737,763112	0,000008	0,000006
44747,762612	0,000012	0,000011
44757,762112	0,000010	0,000007
44767,761612	0,000005	0,000003
44777,761112	0,000005	0,000003
44787,760612	0,000002	0,000006
44797,760112	0,000003	0,000005
44807,759612	0,000001	0,000005
44817,759112	0,000004	0,000005
44827,758612	0,000004	0,000003
44837,758112	0,000008	0,000006
44847,757612	0,000009	0,000000
44857,757112	0,000004	0,000003
44867,756612	0,000004	0,000004
44877,756112	0,000006	0,000006
44887,755612	0,000007	0,000006
44897,755112	0,000004	0,000007
44907,754612	0,000004	0,000006
44917,754112	0,000005	0,000007
44927,753612	0,000004	0,000010
44937,753112	0,000006	0,000007
44947,752612	0,000003	0,000005
44957,752112	0,000001	0,000006
44967,751612	0,000001	0,000003
44977,751112	0,000004	0,000001
44987,750612	0,000002	0,000002
44997,750112	0,000003	0,000006
45007,749613	0,000006	0,000002
45017,749113	0,000004	0,000004
45027,748613	0,000002	0,000001
45037,748113	0,000004	0,000005
45047,747613	0,000008	0,000006
45057,747113	0,000003	0,000008
45067,746613	0,000009	0,000007
45077,746113	0,000012	0,000005
45087,745613	0,000009	0,000006
45097,745113	0,000008	0,000007
45107,744613	0,000008	0,000003
45117,744113	0,000008	0,000003
45127,743613	0,000009	0,000003
45137,743113	0,000006	0,000003
45147,742613	0,000006	0,000003
45157,742113	0,000002	0,000004
45167,741613	0,000003	0,000007
45177,741113	0,000008	0,000007
45187,740613	0,000012	0,000005
45197,740113	0,000006	0,000005
45207,739613	0,000006	0,000010
45217,739113	0,000004	0,000012
45227,738613	0,000008	0,000004
45237,738113	0,000010	0,000005
45247,737613	0,000005	0,000006
45257,737113	0,000007	0,000006
45267,736613	0,000009	0,000003
45277,736113	0,000012	0,000002
45287,735613	0,000007	0,000003
45297,735113	0,000006	0,000005
45307,734613	0,000008	0,000008
45317,734113	0,000004	0,000002
45327,733613	0,000002	0,000004
45337,733113	0,000005	0,000004
45347,732613	0,000007	0,000007
45357,732113	0,000002	0,000004
45367,731613	0,000002	0,000003
45377,731113	0,000001	0,000004
45387,730613	0,000004	0,000002
45397,730113	0,000003	0,000004
45407,729614	0,000008	0,000003
45417,729114	0,000010	0,000005
45427,728614	0,000011	0,000007
45437,728114	0,000006	0,000009
45447,727614	0,000008	0,000004
45457,727114	0,000012	0,000006
45467,726614	0,000009	0,000010
45477,726114	0,000003	0,000003
45487,725614	0,000005	0,000006
45497,725114	0,000004	0,000009
45507,724614	0,000005	0,000010
45517,724114	0,000008	0,000009
45527,723614	0,000006	0,000006
45537,723114	0,000008	0,000005
45547,722614	0,000010	0,000008
45557,722114	0,000009	0,000009
45567,721614	0,000004	0,000007
45577,721114	0,000008	0,000004
45587,720614	0,000009	0,000006
45597,720114	0,000002	0,000007
45607,719614	0,000005	0,000005
45617,719114	0,000005	0,000004
45627,718614	0,000003	0,000003
45637,718114	0,000005	0,000005
45647,717614	0,000008	0,000008
45657,717114	0,000007	0,000007
45667,716614	0,000006	0,000006
45677,716114	0,000007	0,000009
45687,715614	0,000007	0,000006
45697,715114	0,000003	0,000004
45707,714614	0,000005	0,000004
45717,714114	0,000011	0,000007
45727,713614	0,000011	0,000009
45737,713114	0,000006	0,000004
45747,712614	0,000004	0,000003
45757,712114	0,000005	0,000002
45767,711614	0,000008	0,000005
45777,711114	0,000006	0,000008
45787,710614	0,000000	0,000005
45797,710114	0,000002	0,000004
45807,709615	0,000007	0,000007
45817,709115	0,000005	0,000007
45827,708615	0,000001	0,000006
45837,708115	0,000004	0,000004
45847,707615	0,000004	0,000002
45857,707115	0,000001	0,000004
45867,706615	0,000003	0,000004
45877,706115	0,000003	0,000005
45887,705615	0,000001	0,000004
45897,705115	0,000001	0,000002
45907,704615	0,000001	0,000004
45917,704115	0,000003	0,000006
45927,703615	0,000005	0,000007
45937,703115	0,000003	0,000002
45947,702615	0,000004	0,000007
45957,702115	0,000002	0,000010
45967,701615	0,000007	0,000002
45977,701115	0,000008	0,000006
45987,700615	0,000006	0,000008
45997,700115	0,000003	0,000007
46007,699615	0,000005	0,000002
46017,699115	0,000005	0,000014
46027,698615	0,000007	0,000012
46037,698115	0,000007	0,000008
46047,697615	0,000009	0,000007
46057,697115	0,000009	0,000005
46067,696615	0,000005	0,000006
46077,696115	0,000003	0,000005
46087,695615	0,000001	0,000004
46097,695115	0,000001	0,000004
46107,694615	0,000002	0,000004
46117,694115	0,000007	0,000003
46127,693615	0,000011	0,000004
46137,693115	0,000009	0,000005
46147,692615	0,000006	0,000006
46157,692115	0,000003	0,000003
46167,691615	0,000003	0,000007
46177,691115	0,000002	0,000006
46187,690615	0,000005	0,000006
46197,690115	0,000005	0,000005
46207,689616	0,000004	0,000003
46217,689116	0,000002	0,000005
46227,688616	0,000007	0,000007
46237,688116	0,000010	0,000007
46247,687616	0,000007	0,000001
46257,687116	0,000002	0,000003
46267,686616	0,000006	0,000007
46277,686116	0,000014	0,000017
46287,685616	0,000009	0,000012
46297,685116	0,000001	0,000002
46307,684616	0,000004	0,000003
46317,684116	0,000001	0,000002
46327,683616	0,000005	0,000009
46337,683116	0,000003	0,000008
46347,682616	0,000003	0,000009
46357,682116	0,000002	0,000010
46367,681616	0,000005	0,000003
46377,681116	0,000006	0,000007
46387,680616	0,000001	0,000015
46397,680116	0,000005	0,000010
46407,679616	0,000009	0,000005
46417,679116	0,000007	0,000007
46427,678616	0,000004	0,000004
46437,678116	0,000003	0,000003
46447,677616	0,000005	0,000003
46457,677116	0,000007	0,000005
46467,676616	0,000006	0,000003
46477,676116	0,000004	0,000004
46487,675616	0,000006	0,000006
46497,675116	0,000009	0,000003
46507,674616	0,000010	0,000005
46517,674116	0,000006	0,000008
46527,673616	0,000006	0,000007
46537,673116	0,000004	0,000010
46547,672616	0,000004	0,000009
46557,672116	0,000003	0,000003
46567,671616	0,000004	0,000009
46577,671116	0,000004	0,000008
46587,670616	0,000007	0,000003
46597,670116	0,000002	0,000008
46607,669617	0,000001	0,000006
46617,669117	0,000003	0,000006
46627,668617	0,000004	0,000007
46637,668117	0,000002	0,000003
46647,667617	0,000003	0,000010
46657,667117	0,000001	0,000006
46667,666617	0,000002	0,000006
46677,666117	0,000005	0,000007
46687,665617	0,000009	0,000004
46697,665117	0,000007	0,000006
46707,664617	0,000009	0,000010
46717,664117	0,000008	0,000004
46727,663617	0,000000	0,000001
46737,663117	0,000005	0,000002
46747,662617	0,000001	0,000002
46757,662117	0,000007	0,000001
46767,661617	0,000008	0,000004
46777,661117	0,000003	0,000003
46787,660617	0,000011	0,000002
46797,660117	0,000014	0,000005
46807,659617	0,000008	0,000005
46817,659117	0,000008	0,000007
46827,658617	0,000002	0,000006
46837,658117	0,000003	0,000004
46847,657617	0,000007	0,000001
46857,657117	0,000008	0,000001
46867,656617	0,000003	0,000002
46877,656117	0,000003	0,000003
46887,655617	0,000000	0,000007
46897,655117	0,000007	0,000009
46907,654617	0,000007	0,000010
46917,654117	0,000006	0,000004
46927,653617	0,000002	0,000007
46937,653117	0,000005	0,000005
46947,652617	0,000004	0,000004
46957,652117	0,000006	0,000002
46967,651617	0,000007	0,000004
46977,651117	0,000005	0,000004
46987,650617	0,000001	0,000002
46997,650117	0,000009	0,000006
47007,649618	0,000012	0,000008
47017,649118	0,000006	0,000007
47027,648618	0,000007	0,000007
47037,648118	0,000008	0,000009
47047,647618	0,000013	0,000009
47057,647118	0,000013	0,000007
47067,646618	0,000005	0,000010
47077,646118	0,000002	0,000007
47087,645618	0,000005	0,000004
47097,645118	0,000001	0,000005
47107,644618	0,000001	0,000003
47117,644118	0,000007	0,000006
47127,643618	0,000005	0,000004
47137,643118	0,000003	0,000003
47147,642618	0,000000	0,000001
47157,642118	0,000004	0,000005
47167,641618	0,000006	0,000002
47177,641118	0,000002	0,000004
47187,640618	0,000003	0,000001
47197,640118	0,000002	0,000004
47207,639618	0,000006	0,000006
47217,639118	0,000003	0,000006
47227,638618	0,000002	0,000004
47237,638118	0,000003	0,000001
47247,637618	0,000002	0,000001
47257,637118	0,000002	0,000005
47267,636618	0,000002	0,000012
47277,636118	0,000004	0,000014
47287,635618	0,000000	0,000008
47297,635118	0,000007	0,000007
47307,634618	0,000010	0,000003
47317,634118	0,000007	0,000003
47327,633618	0,000002	0,000005
47337,633118	0,000003	0,000004
47347,632618	0,000004	0,000005
47357,632118	0,000006	0,000003
47367,631618	0,000002	0,000002
47377,631118	0,000006	0,000005
47387,630618	0,000004	0,000007
47397,630118	0,000005	0,000006
47407,629619	0,000007	0,000009
47417,629119	0,000003	0,000008
47427,628619	0,000005	0,000004
47437,628119	0,000005	0,000003
47447,627619	0,000005	0,000001
47457,627119	0,000005	0,000004
47467,626619	0,000011	0,000004
47477,626119	0,000008	0,000004
47487,625619	0,000004	0,000001
47497,625119	0,000000	0,000003
47507,624619	0,000004	0,000004
47517,624119	0,000006	0,000004
47527,623619	0,000005	0,000005
47537,623119	0,000009	0,000002
47547,622619	0,000009	0,000005
47557,622119	0,000005	0,000010
47567,621619	0,000001	0,000007
47577,621119	0,000006	0,000003
47587,620619	0,000004	0,000009
47597,620119	0,000006	0,000007
47607,619619	0,000008	0,000005
47617,619119	0,000005	0,000008
47627,618619	0,000004	0,000003
47637,618119	0,000004	0,000002
47647,617619	0,000007	0,000004
47657,617119	0,000005	0,000007
47667,616619	0,000003	0,000001
47677,616119	0,000004	0,000004
47687,615619	0,000003	0,000005
47697,615119	0,000008	0,000007
47707,614619	0,000004	0,000008
47717,614119	0,000004	0,000005
47727,613619	0,000003	0,000004
47737,613119	0,000002	0,000007
47747,612619	0,000009	0,000005
47757,612119	0,000011	0,000003
47767,611619	0,000006	0,000008
47777,611119	0,000003	0,000007
47787,610619	0,000006	0,000010
47797,610119	0,000008	0,000010
47807,609620	0,000010	0,000005
47817,609120	0,000009	0,000003
47827,608620	0,000004	0,000003
47837,608120	0,000004	0,000005
47847,607620	0,000005	0,000008
47857,607120	0,000002	0,000004
47867,606620	0,000004	0,000001
47877,606120	0,000006	0,000005
47887,605620	0,000005	0,000010
47897,605120	0,000009	0,000010
47907,604620	0,000008	0,000006
47917,604120	0,000002	0,000003
47927,603620	0,000002	0,000005
47937,603120	0,000004	0,000003
47947,602620	0,000001	0,000010
47957,602120	0,000010	0,000008
47967,601620	0,000009	0,000006
47977,601120	0,000002	0,000007
47987,600620	0,000001	0,000006
47997,600120	0,000003	0,000004
48007,599620	0,000003	0,000006
48017,599120	0,000008	0,000006
48027,598620	0,000007	0,000004
48037,598120	0,000009	0,000006
48047,597620	0,000008	0,000006
48057,597120	0,000000	0,000005
48067,596620	0,000009	0,000007
48077,596120	0,000007	0,000008
48087,595620	0,000004	0,000005
48097,595120	0,000006	0,000011
48107,594620	0,000010	0,000014
48117,594120	0,000011	0,000010
48127,593620	0,000007	0,000006
48137,593120	0,000006	0,000004
48147,592620	0,000005	0,000004
48157,592120	0,000002	0,000004
48167,591620	0,000006	0,000001
48177,591120	0,000005	0,000004
48187,590620	0,000003	0,000003
48197,590120	0,000002	0,000002
48207,589621	0,000005	0,000002
48217,589121	0,000002	0,000003
48227,588621	0,000008	0,000007
48237,588121	0,000009	0,000013
48247,587621	0,000003	0,000009
48257,587121	0,000007	0,000009
48267,586621	0,000004	0,000008
48277,586121	0,000004	0,000003
48287,585621	0,000002	0,000002
48297,585121	0,000002	0,000003
48307,584621	0,000005	0,000001
48317,584121	0,000006	0,000003
48327,583621	0,000007	0,000002
48337,583121	0,000012	0,000007
48347,582621	0,000009	0,000007
48357,582121	0,000007	0,000011
48367,581621	0,000005	0,000013
48377,581121	0,000003	0,000004
48387,580621	0,000001	0,000005
48397,580121	0,000008	0,000004
48407,579621	0,000007	0,000005
48417,579121	0,000002	0,000007
48427,578621	0,000002	0,000005
48437,578121	0,000003	0,000004
48447,577621	0,000005	0,000002
48457,577121	0,000008	0,000005
48467,576621	0,000003	0,000002
48477,576121	0,000003	0,000007
48487,575621	0,000001	0,000009
48497,575121	0,000001	0,000009
48507,574621	0,000003	0,000012
48517,574121	0,000006	0,000009
48527,573621	0,000005	0,000001
48537,573121	0,000005	0,000006
48547,572621	0,000004	0,000007
48557,572121	0,000005	0,000006
48567,571621	0,000006	0,000005
48577,571121	0,000003	0,000002
48587,570621	0,000008	0,000002
48597,570121	0,000008	0,000008
48607,569622	0,000006	0,000006
48617,569122	0,000003	0,000002
48627,568622	0,000007	0,000003
48637,568122	0,000012	0,000004
48647,567622	0,000012	0,000002
48657,567122	0,000010	0,000004
48667,566622	0,000011	0,000008
48677,566122	0,000004	0,000005
48687,565622	0,000007	0,000002
48697,565122	0,000004	0,000003
48707,564622	0,000001	0,000001
48717,564122	0,000005	0,000004
48727,563622	0,000005	0,000005
48737,563122	0,000007	0,000004
48747,562622	0,000006	0,000010
48757,562122	0,000003	0,000010
48767,561622	0,000008	0,000003
48777,561122	0,000026	0,000026
48787,560622	0,000021	0,000024
48797,560122	0,000002	0,000006
48807,559622	0,000003	0,000000
48817,559122	0,000010	0,000006
48827,558622	0,000006	0,000007
48837,558122	0,000002	0,000005
48847,557622	0,000007	0,000002
48857,557122	0,000007	0,000005
48867,556622	0,000003	0,000002
48877,556122	0,000002	0,000002
48887,555622	0,000007	0,000004
48897,555122	0,000010	0,000003
48907,554622	0,000009	0,000002
48917,554122	0,000002	0,000003
48927,553622	0,000007	0,000001
48937,553122	0,000009	0,000007
48947,552622	0,000002	0,000007
48957,552122	0,000003	0,000009
48967,551622	0,000002	0,000003
48977,551122	0,000007	0,000011
48987,550622	0,000008	0,000014
48997,550122	0,000007	0,000007
49007,549623	0,000007	0,000003
49017,549123	0,000009	0,000005
49027,548623	0,000009	0,000009
49037,548123	0,000008	0,000006
49047,547623	0,000006	0,000001
49057,547123	0,000006	0,000001
49067,546623	0,000010	0,000009
49077,546123	0,000009	0,000013
49087,545623	0,000001	0,000004
49097,545123	0,000002	0,000012
49107,544623	0,000003	0,000007
49117,544123	0,000001	0,000004
49127,543623	0,000006	0,000005
49137,543123	0,000008	0,000005
49147,542623	0,000009	0,000009
49157,542123	0,000009	0,000007
49167,541623	0,000004	0,000007
49177,541123	0,000012	0,000003
49187,540623	0,000014	0,000001
49197,540123	0,000007	0,000002
49207,539623	0,000004	0,000007
49217,539123	0,000007	0,000003
49227,538623	0,000006	0,000002
49237,538123	0,000005	0,000002
49247,537623	0,000003	0,000001
49257,537123	0,000009	0,000002
49267,536623	0,000004	0,000003
49277,536123	0,000007	0,000005
49287,535623	0,000005	0,000003
49297,535123	0,000002	0,000007
49307,534623	0,000005	0,000001
49317,534123	0,000005	0,000010
49327,533623	0,000007	0,000011
49337,533123	0,000005	0,000003
49347,532623	0,000009	0,000005
49357,532123	0,000007	0,000001
49367,531623	0,000002	0,000007
49377,531123	0,000007	0,000010
49387,530623	0,000007	0,000009
49397,530123	0,000004	0,000006
49407,529624	0,000007	0,000001
49417,529124	0,000006	0,000006
49427,528624	0,000003	0,000008
49437,528124	0,000004	0,000002
49447,527624	0,000007	0,000005
49457,527124	0,000000	0,000002
49467,526624	0,000010	0,000008
49477,526124	0,000005	0,000008
49487,525624	0,000008	0,000004
49497,525124	0,000007	0,000005
49507,524624	0,000003	0,000007
49517,524124	0,000002	0,000006
49527,523624	0,000003	0,000007
49537,523124	0,000002	0,000003
49547,522624	0,000004	0,000007
49557,522124	0,000004	0,000009
49567,521624	0,000002	0,000007
49577,521124	0,000005	0,000004
49587,520624	0,000007	0,000009
49597,520124	0,000008	0,000010
49607,519624	0,000009	0,000009
49617,519124	0,000007	0,000007
49627,518624	0,000004	0,000002
49637,518124	0,000009	0,000003
49647,517624	0,000008	0,000011
49657,517124	0,000005	0,000010
49667,516624	0,000006	0,000006
49677,516124	0,000002	0,000006
49687,515624	0,000004	0,000006
49697,515124	0,000004	0,000002
49707,514624	0,000007	0,000007
49717,514124	0,000007	0,000007
49727,513624	0,000005	0,000001
49737,513124	0,000003	0,000002
49747,512624	0,000002	0,000001
49757,512124	0,000006	0,000002
49767,511624	0,000006	0,000008
49777,511124	0,000005	0,000004
49787,510624	0,000002	0,000003
49797,510124	0,000004	0,000004
49807,509625	0,000005	0,000003
49817,509125	0,000010	0,000003
49827,508625	0,000005	0,000005
49837,508125	0,000007	0,000006
49847,507625	0,000007	0,000003
49857,507125	0,000003	0,000001
49867,506625	0,000001	0,000005
49877,506125	0,000004	0,000006
49887,505625	0,000007	0,000005
49897,505125	0,000006	0,000004
49907,504625	0,000004	0,000001
49917,504125	0,000004	0,000001
49927,503625	0,000003	0,000004
49937,503125	0,000001	0,000005
49947,502625	0,000002	0,000004
49957,502125	0,000006	0,000008
49967,501625	0,000007	0,000012
49977,501125	0,000008	0,000008
49987,500625	0,000006	0,000006
49997,500125	0,000004	0,000010
50007,499625	0,000004	0,000010
50017,499125	0,000004	0,000007
50027,498625	0,000005	0,000005
50037,498125	0,000006	0,000002
50047,497625	0,000004	0,000001
50057,497125	0,000005	0,000001
50067,496625	0,000006	0,000003
50077,496125	0,000006	0,000004
50087,495625	0,000003	0,000005
50097,495125	0,000001	0,000006
50107,494625	0,000004	0,000007
50117,494125	0,000007	0,000009
50127,493625	0,000006	0,000003
50137,493125	0,000002	0,000008
50147,492625	0,000003	0,000010
50157,492125	0,000003	0,000004
50167,491625	0,000003	0,000004
50177,491125	0,000003	0,000005
50187,490625	0,000004	0,000004
50197,490125	0,000005	0,000007
50207,489626	0,000005	0,000005
50217,489126	0,000004	0,000003
50227,488626	0,000004	0,000006
50237,488126	0,000005	0,000004
50247,487626	0,000001	0,000003
50257,487126	0,000005	0,000004
50267,486626	0,000006	0,000005
50277,486126	0,000004	0,000005
50287,485626	0,000007	0,000006
50297,485126	0,000003	0,000009
50307,484626	0,000005	0,000006
50317,484126	0,000006	0,000008
50327,483626	0,000004	0,000004
50337,483126	0,000003	0,000006
50347,482626	0,000004	0,000007
50357,482126	0,000004	0,000006
50367,481626	0,000004	0,000004
50377,481126	0,000002	0,000002
50387,480626	0,000004	0,000003
50397,480126	0,000006	0,000005
50407,479626	0,000010	0,000008
50417,479126	0,000007	0,000004
50427,478626	0,000005	0,000003
50437,478126	0,000005	0,000008
50447,477626	0,000005	0,000012
50457,477126	0,000005	0,000011
50467,476626	0,000005	0,000010
50477,476126	0,000002	0,000011
50487,475626	0,000006	0,000011
50497,475126	0,000008	0,000005
50507,474626	0,000005	0,000008
50517,474126	0,000004	0,000016
50527,473626	0,000002	0,000016
50537,473126	0,000002	0,000009
50547,472626	0,000004	0,000011
50557,472126	0,000002	0,000008
50567,471626	0,000005	0,000002
50577,471126	0,000005	0,000003
50587,470626	0,000006	0,000002
50597,470126	0,000004	0,000002
50607,469627	0,000002	0,000002
50617,469127	0,000004	0,000004
50627,468627	0,000005	0,000003
50637,468127	0,000006	0,000003
50647,467627	0,000002	0,000003
50657,467127	0,000003	0,000003
50667,466627	0,000006	0,000001
50677,466127	0,000006	0,000004
50687,465627	0,000004	0,000007
50697,465127	0,000004	0,000003
50707,464627	0,000006	0,000003
50717,464127	0,000005	0,000002
50727,463627	0,000002	0,000007
50737,463127	0,000005	0,000011
50747,462627	0,000007	0,000008
50757,462127	0,000004	0,000007
50767,461627	0,000002	0,000002
50777,461127	0,000004	0,000004
50787,460627	0,000006	0,000007
50797,460127	0,000007	0,000003
50807,459627	0,000007	0,000002
50817,459127	0,000003	0,000003
50827,458627	0,000003	0,000008
50837,458127	0,000003	0,000006
50847,457627	0,000000	0,000003
50857,457127	0,000003	0,000004
50867,456627	0,000007	0,000002
50877,456127	0,000007	0,000003
50887,455627	0,000006	0,000002
50897,455127	0,000004	0,000006
50907,454627	0,000005	0,000006
50917,454127	0,000002	0,000001
50927,453627	0,000005	0,000008
50937,453127	0,000011	0,000007
50947,452627	0,000010	0,000005
50957,452127	0,000002	0,000013
50967,451627	0,000002	0,000013
50977,451127	0,000005	0,000002
50987,450627	0,000007	0,000003
50997,450127	0,000008	0,000006
51007,449628	0,000006	0,000003
51017,449128	0,000005	0,000002
51027,448628	0,000007	0,000007
51037,448128	0,000008	0,000006
51047,447628	0,000004	0,000005
51057,447128	0,000005	0,000005
51067,446628	0,000007	0,000006
51077,446128	0,000011	0,000011
51087,445628	0,000015	0,000012
51097,445128	0,000010	0,000011
51107,444628	0,000003	0,000014
51117,444128	0,000004	0,000011
51127,443628	0,000004	0,000004
51137,443128	0,000004	0,000007
51147,442628	0,000005	0,000009
51157,442128	0,000012	0,000006
51167,441628	0,000009	0,000005
51177,441128	0,000003	0,000004
51187,440628	0,000008	0,000009
51197,440128	0,000001	0,000008
51207,439628	0,000007	0,000004
51217,439128	0,000003	0,000005
51227,438628	0,000003	0,000005
51237,438128	0,000000	0,000001
51247,437628	0,000005	0,000002
51257,437128	0,000006	0,000004
51267,436628	0,000002	0,000005
51277,436128	0,000006	0,000002
51287,435628	0,000006	0,000001
51297,435128	0,000003	0,000002
51307,434628	0,000007	0,000002
51317,434128	0,000005	0,000001
51327,433628	0,000004	0,000007
51337,433128	0,000006	0,000007
51347,432628	0,000012	0,000001
51357,432128	0,000005	0,000005
51367,431628	0,000010	0,000003
51377,431128	0,000008	0,000006
51387,430628	0,000001	0,000002
51397,430128	0,000003	0,000007
51407,429629	0,000002	0,000008
51417,429129	0,000005	0,000009
51427,428629	0,000013	0,000007
51437,428129	0,000009	0,000002
51447,427629	0,000002	0,000003
51457,427129	0,000005	0,000009
51467,426629	0,000004	0,000009
51477,426129	0,000006	0,000005
51487,425629	0,000007	0,000009
51497,425129	0,000004	0,000009
51507,424629	0,000002	0,000007
51517,424129	0,000002	0,000012
51527,423629	0,000007	0,000008
51537,423129	0,000010	0,000004
51547,422629	0,000004	0,000005
51557,422129	0,000006	0,000006
51567,421629	0,000004	0,000005
51577,421129	0,000002	0,000005
51587,420629	0,000006	0,000004
51597,420129	0,000007	0,000011
51607,419629	0,000006	0,000009
51617,419129	0,000002	0,000005
51627,418629	0,000006	0,000003
51637,418129	0,000006	0,000004
51647,417629	0,000006	0,000004
51657,417129	0,000003	0,000001
51667,416629	0,000006	0,000002
51677,416129	0,000005	0,000009
51687,415629	0,000003	0,000012
51697,415129	0,000003	0,000007
51707,414629	0,000001	0,000005
51717,414129	0,000004	0,000001
51727,413629	0,000007	0,000003
51737,413129	0,000006	0,000002
51747,412629	0,000005	0,000006
51757,412129	0,000010	0,000009
51767,411629	0,000009	0,000000
51777,411129	0,000004	0,000003
51787,410629	0,000005	0,000004
51797,410129	0,000004	0,000005
51807,409630	0,000004	0,000007
51817,409130	0,000008	0,000004
51827,408630	0,000010	0,000002
51837,408130	0,000010	0,000004
51847,407630	0,000006	0,000005
51857,407130	0,000003	0,000007
51867,406630	0,000001	0,000005
51877,406130	0,000004	0,000003
51887,405630	0,000005	0,000007
51897,405130	0,000004	0,000003
51907,404630	0,000006	0,000007
51917,404130	0,000008	0,000012
51927,403630	0,000008	0,000009
51937,403130	0,000006	0,000006
51947,402630	0,000002	0,000005
51957,402130	0,000006	0,000002
51967,401630	0,000004	0,000003
51977,401130	0,000004	0,000006
51987,400630	0,000005	0,000006
51997,400130	0,000003	0,000004
52007,399630	0,000009	0,000002
52017,399130	0,000005	0,000012
52027,398630	0,000004	0,000012
52037,398130	0,000005	0,000004
52047,397630	0,000007	0,000005
52057,397130	0,000003	0,000004
52067,396630	0,000004	0,000003
52077,396130	0,000007	0,000003
52087,395630	0,000010	0,000006
52097,395130	0,000010	0,000013
52107,394630	0,000009	0,000008
52117,394130	0,000008	0,000001
52127,393630	0,000005	0,000002
52137,393130	0,000006	0,000002
52147,392630	0,000002	0,000007
52157,392130	0,000006	0,000010
52167,391630	0,000005	0,000006
52177,391130	0,000007	0,000002
52187,390630	0,000006	0,000002
52197,390130	0,000009	0,000003
52207,389631	0,000009	0,000003
52217,389131	0,000005	0,000007
52227,388631	0,000001	0,000008
52237,388131	0,000002	0,000011
52247,387631	0,000002	0,000007
52257,387131	0,000004	0,000002
52267,386631	0,000004	0,000001
52277,386131	0,000007	0,000006
52287,385631	0,000008	0,000008
52297,385131	0,000006	0,000006
52307,384631	0,000005	0,000005
52317,384131	0,000004	0,000002
52327,383631	0,000006	0,000002
52337,383131	0,000008	0,000004
52347,382631	0,000005	0,000003
52357,382131	0,000005	0,000008
52367,381631	0,000007	0,000009
52377,381131	0,000007	0,000005
52387,380631	0,000004	0,000008
52397,380131	0,000004	0,000005
52407,379631	0,000004	0,000001
52417,379131	0,000001	0,000001
52427,378631	0,000004	0,000006
52437,378131	0,000002	0,000008
52447,377631	0,000004	0,000010
52457,377131	0,000008	0,000008
52467,376631	0,000009	0,000003
52477,376131	0,000003	0,000007
52487,375631	0,000009	0,000010
52497,375131	0,000006	0,000010
52507,374631	0,000006	0,000007
52517,374131	0,000009	0,000004
52527,373631	0,000007	0,000002
52537,373131	0,000005	0,000006
52547,372631	0,000009	0,000007
52557,372131	0,000011	0,000005
52567,371631	0,000013	0,000005
52577,371131	0,000008	0,000002
52587,370631	0,000002	0,000004
52597,370131	0,000004	0,000008
52607,369632	0,000007	0,000004
52617,369132	0,000008	0,000009
52627,368632	0,000011	0,000011
52637,368132	0,000012	0,000008
52647,367632	0,000003	0,000007
52657,367132	0,000008	0,000006
52667,366632	0,000006	0,000006
52677,366132	0,000006	0,000005
52687,365632	0,000003	0,000000
52697,365132	0,000003	0,000002
52707,364632	0,000003	0,000002
52717,364132	0,000005	0,000004
52727,363632	0,000005	0,000010
52737,363132	0,000005	0,000007
52747,362632	0,000010	0,000005
52757,362132	0,000008	0,000011
52767,361632	0,000003	0,000008
52777,361132	0,000004	0,000006
52787,360632	0,000001	0,000007
52797,360132	0,000005	0,000005
52807,359632	0,000004	0,000004
52817,359132	0,000002	0,000001
52827,358632	0,000008	0,000006
52837,358132	0,000008	0,000004
52847,357632	0,000004	0,000003
52857,357132	0,000004	0,000006
52867,356632	0,000005	0,000002
52877,356132	0,000003	0,000003
52887,355632	0,000001	0,000007
52897,355132	0,000001	0,000008
52907,354632	0,000005	0,000008
52917,354132	0,000006	0,000006
52927,353632	0,000008	0,000006
52937,353132	0,000008	0,000005
52947,352632	0,000009	0,000003
52957,352132	0,000003	0,000005
52967,351632	0,000005	0,000003
52977,351132	0,000003	0,000009
52987,350632	0,000004	0,000007
52997,350132	0,000001	0,000003
53007,349633	0,000009	0,000005
53017,349133	0,000009	0,000003
53027,348633	0,000004	0,000003
53037,348133	0,000003	0,000002
53047,347633	0,000005	0,000004
53057,347133	0,000006	0,000001
53067,346633	0,000004	0,000005
53077,346133	0,000005	0,000005
53087,345633	0,000008	0,000002
53097,345133	0,000006	0,000001
53107,344633	0,000002	0,000004
53117,344133	0,000001	0,000005
53127,343633	0,000005	0,000008
53137,343133	0,000008	0,000008
53147,342633	0,000006	0,000010
53157,342133	0,000002	0,000010
53167,341633	0,000003	0,000011
53177,341133	0,000002	0,000015
53187,340633	0,000004	0,000010
53197,340133	0,000002	0,000007
53207,339633	0,000002	0,000006
53217,339133	0,000005	0,000005
53227,338633	0,000005	0,000001
53237,338133	0,000009	0,000003
53247,337633	0,000008	0,000003
53257,337133	0,000006	0,000003
53267,336633	0,000011	0,000004
53277,336133	0,000008	0,000008
53287,335633	0,000005	0,000009
53297,335133	0,000012	0,000004
53307,334633	0,000009	0,000007
53317,334133	0,000004	0,000006
53327,333633	0,000006	0,000007
53337,333133	0,000009	0,000008
53347,332633	0,000008	0,000009
53357,332133	0,000005	0,000011
53367,331633	0,000003	0,000004
53377,331133	0,000007	0,000003
53387,330633	0,000008	0,000003
53397,330133	0,000006	0,000006
53407,329634	0,000002	0,000003
53417,329134	0,000002	0,000001
53427,328634	0,000003	0,000007
53437,328134	0,000002	0,000003
53447,327634	0,000004	0,000004
53457,327134	0,000009	0,000005
53467,326634	0,000006	0,000007
53477,326134	0,000004	0,000001
53487,325634	0,000006	0,000002
53497,325134	0,000007	0,000003
53507,324634	0,000002	0,000001
53517,324134	0,000004	0,000005
53527,323634	0,000005	0,000004
53537,323134	0,000006	0,000007
53547,322634	0,000008	0,000011
53557,322134	0,000005	0,000009
53567,321634	0,000007	0,000005
53577,321134	0,000011	0,000007
53587,320634	0,000004	0,000006
53597,320134	0,000004	0,000002
53607,319634	0,000007	0,000005
53617,319134	0,000004	0,000006
53627,318634	0,000008	0,000007
53637,318134	0,000011	0,000001
53647,317634	0,000003	0,000001
53657,317134	0,000005	0,000003
53667,316634	0,000005	0,000006
53677,316134	0,000003	0,000007
53687,315634	0,000006	0,000006
53697,315134	0,000009	0,000004
53707,314634	0,000012	0,000003
53717,314134	0,000009	0,000003
53727,313634	0,000005	0,000005
53737,313134	0,000004	0,000004
53747,312634	0,000002	0,000006
53757,312134	0,000006	0,000007
53767,311634	0,000008	0,000007
53777,311134	0,000001	0,000007
53787,310634	0,000004	0,000007
53797,310134	0,000007	0,000009
53807,309635	0,000008	0,000009
53817,309135	0,000004	0,000004
53827,308635	0,000003	0,000003
53837,308135	0,000005	0,000004
53847,307635	0,000007	0,000004
53857,307135	0,000007	0,000006
53867,306635	0,000001	0,000008
53877,306135	0,000004	0,000002
53887,305635	0,000001	0,000003
53897,305135	0,000005	0,000005
53907,304635	0,000007	0,000010
53917,304135	0,000006	0,000014
53927,303635	0,000004	0,000012
53937,303135	0,000006	0,000005
53947,302635	0,000006	0,000004
53957,302135	0,000002	0,000007
53967,301635	0,000002	0,000011
53977,301135	0,000007	0,000011
53987,300635	0,000010	0,000010
53997,300135	0,000003	0,000011
54007,299635	0,000005	0,000008
54017,299135	0,000003	0,000000
54027,298635	0,000003	0,000003
54037,298135	0,000003	0,000004
54047,297635	0,000003	0,000002
54057,297135	0,000002	0,000002
54067,296635	0,000001	0,000003
54077,296135	0,000005	0,000002
54087,295635	0,000002	0,000001
54097,295135	0,000004	0,000002
54107,294635	0,000001	0,000001
54117,294135	0,000003	0,000003
54127,293635	0,000001	0,000006
54137,293135	0,000006	0,000005
54147,292635	0,000007	0,000003
54157,292135	0,000008	0,000001
54167,291635	0,000007	0,000003
54177,291135	0,000004	0,000004
54187,290635	0,000009	0,000004
54197,290135	0,000007	0,000003
54207,289636	0,000002	0,000001
54217,289136	0,000006	0,000003
54227,288636	0,000005	0,000005
54237,288136	0,000004	0,000003
54247,287636	0,000004	0,000003
54257,287136	0,000003	0,000002
54267,286636	0,000004	0,000002
54277,286136	0,000003	0,000004
54287,285636	0,000010	0,000003
54297,285136	0,000008	0,000004
54307,284636	0,000002	0,000004
54317,284136	0,000004	0,000004
54327,283636	0,000002	0,000005
54337,283136	0,000003	0,000006
54347,282636	0,000004	0,000005
54357,282136	0,000001	0,000001
54367,281636	0,000003	0,000003
54377,281136	0,000006	0,000007
54387,280636	0,000002	0,000005
54397,280136	0,000012	0,000006
54407,279636	0,000005	0,000004
54417,279136	0,000010	0,000004
54427,278636	0,000015	0,000001
54437,278136	0,000007	0,000002
54447,277636	0,000004	0,000008
54457,277136	0,000006	0,000007
54467,276636	0,000010	0,000006
54477,276136	0,000009	0,000003
54487,275636	0,000005	0,000004
54497,275136	0,000009	0,000001
54507,274636	0,000005	0,000005
54517,274136	0,000006	0,000004
54527,273636	0,000004	0,000002
54537,273136	0,000003	0,000004
54547,272636	0,000003	0,000005
54557,272136	0,000002	0,000006
54567,271636	0,000001	0,000008
54577,271136	0,000003	0,000004
54587,270636	0,000005	0,000004
54597,270136	0,000004	0,000006
54607,269637	0,000007	0,000006
54617,269137	0,000006	0,000009
54627,268637	0,000008	0,000005
54637,268137	0,000004	0,000002
54647,267637	0,000006	0,000002
54657,267137	0,000006	0,000002
54667,266637	0,000007	0,000001
54677,266137	0,000001	0,000005
54687,265637	0,000002	0,000006
54697,265137	0,000007	0,000006
54707,264637	0,000007	0,000005
54717,264137	0,000005	0,000008
54727,263637	0,000003	0,000012
54737,263137	0,000007	0,000005
54747,262637	0,000009	0,000003
54757,262137	0,000006	0,000001
54767,261637	0,000005	0,000003
54777,261137	0,000007	0,000005
54787,260637	0,000006	0,000003
54797,260137	0,000006	0,000006
54807,259637	0,000008	0,000003
54817,259137	0,000006	0,000005
54827,258637	0,000012	0,000011
54837,258137	0,000008	0,000009
54847,257637	0,000003	0,000004
54857,257137	0,000005	0,000001
54867,256637	0,000003	0,000003
54877,256137	0,000008	0,000006
54887,255637	0,000011	0,000010
54897,255137	0,000009	0,000012
54907,254637	0,000003	0,000013
54917,254137	0,000001	0,000005
54927,253637	0,000006	0,000002
54937,253137	0,000007	0,000004
54947,252637	0,000002	0,000006
54957,252137	0,000002	0,000003
54967,251637	0,000004	0,000008
54977,251137	0,000005	0,000011
54987,250637	0,000006	0,000007
54997,250137	0,000007	0,000003
55007,249638	0,000007	0,000004
55017,249138	0,000005	0,000002
55027,248638	0,000003	0,000004
55037,248138	0,000002	0,000012
55047,247638	0,000003	0,000008
55057,247138	0,000005	0,000002
55067,246638	0,000003	0,000005
55077,246138	0,000007	0,000002
55087,245638	0,000006	0,000001
55097,245138	0,000002	0,000001
55107,244638	0,000001	0,000007
55117,244138	0,000002	0,000008
55127,243638	0,000004	0,000004
55137,243138	0,000006	0,000001
55147,242638	0,000004	0,000003
55157,242138	0,000004	0,000004
55167,241638	0,000002	0,000004
55177,241138	0,000003	0,000002
55187,240638	0,000006	0,000002
55197,240138	0,000006	0,000006
55207,239638	0,000006	0,000005
55217,239138	0,000002	0,000007
55227,238638	0,000006	0,000008
55237,238138	0,000005	0,000002
55247,237638	0,000005	0,000005
55257,237138	0,000007	0,000006
55267,236638	0,000006	0,000004
55277,236138	0,000006	0,000002
55287,235638	0,000006	0,000002
55297,235138	0,000002	0,000007
55307,234638	0,000004	0,000006
55317,234138	0,000004	0,000005
55327,233638	0,000008	0,000002
55337,233138	0,000004	0,000005
55347,232638	0,000003	0,000012
55357,232138	0,000003	0,000009
55367,231638	0,000008	0,000004
55377,231138	0,000009	0,000005
55387,230638	0,000004	0,000005
55397,230138	0,000002	0,000001
55407,229639	0,000006	0,000006
55417,229139	0,000004	0,000009
55427,228639	0,000001	0,000009
55437,228139	0,000004	0,000005
55447,227639	0,000003	0,000004
55457,227139	0,000003	0,000006
55467,226639	0,000007	0,000002
55477,226139	0,000005	0,000005
55487,225639	0,000007	0,000004
55497,225139	0,000011	0,000010
55507,224639	0,000005	0,000009
55517,224139	0,000004	0,000011
55527,223639	0,000005	0,000010
55537,223139	0,000003	0,000005
55547,222639	0,000005	0,000004
55557,222139	0,000007	0,000004
55567,221639	0,000007	0,000002
55577,221139	0,000005	0,000004
55587,220639	0,000005	0,000007
55597,220139	0,000005	0,000003
55607,219639	0,000001	0,000002
55617,219139	0,000002	0,000004
55627,218639	0,000006	0,000002
55637,218139	0,000003	0,000004
55647,217639	0,000008	0,000003
55657,217139	0,000010	0,000007
55667,216639	0,000003	0,000004
55677,216139	0,000003	0,000001
55687,215639	0,000005	0,000003
55697,215139	0,000004	0,000002
55707,214639	0,000004	0,000002
55717,214139	0,000006	0,000003
55727,213639	0,000003	0,000007
55737,213139	0,000001	0,000007
55747,212639	0,000001	0,000006
55757,212139	0,000001	0,000005
55767,211639	0,000005	0,000003
55777,211139	0,000011	0,000008
55787,210639	0,000009	0,000007
55797,210139	0,000002	0,000000
55807,209640	0,000005	0,000004
55817,209140	0,000005	0,000006
55827,208640	0,000003	0,000002
55837,208140	0,000002	0,000006
55847,207640	0,000008	0,000001
55857,207140	0,000008	0,000007
55867,206640	0,000005	0,000009
55877,206140	0,000004	0,000008
55887,205640	0,000010	0,000007
55897,205140	0,000013	0,000012
55907,204640	0,000009	0,000011
55917,204140	0,000010	0,000004
55927,203640	0,000005	0,000002
55937,203140	0,000003	0,000002
55947,202640	0,000006	0,000003
55957,202140	0,000001	0,000007
55967,201640	0,000006	0,000007
55977,201140	0,000006	0,000004
55987,200640	0,000005	0,000005
55997,200140	0,000002	0,000003
56007,199640	0,000004	0,000002
56017,199140	0,000005	0,000005
56027,198640	0,000005	0,000011
56037,198140	0,000009	0,000012
56047,197640	0,000012	0,000009
56057,197140	0,000010	0,000005
56067,196640	0,000002	0,000001
56077,196140	0,000003	0,000004
56087,195640	0,000004	0,000004
56097,195140	0,000005	0,000005
56107,194640	0,000010	0,000008
56117,194140	0,000009	0,000005
56127,193640	0,000003	0,000003
56137,193140	0,000003	0,000004
56147,192640	0,000002	0,000004
56157,192140	0,000003	0,000002
56167,191640	0,000007	0,000006
56177,191140	0,000007	0,000009
56187,190640	0,000004	0,000006
56197,190140	0,000005	0,000003
56207,189641	0,000004	0,000003
56217,189141	0,000002	0,000005
56227,188641	0,000005	0,000005
56237,188141	0,000005	0,000005
56247,187641	0,000002	0,000003
56257,187141	0,000005	0,000005
56267,186641	0,000006	0,000003
56277,186141	0,000008	0,000007
56287,185641	0,000011	0,000006
56297,185141	0,000003	0,000010
56307,184641	0,000007	0,000009
56317,184141	0,000014	0,000007
56327,183641	0,000015	0,000005
56337,183141	0,000007	0,000005
56347,182641	0,000003	0,000006
56357,182141	0,000005	0,000006
56367,181641	0,000004	0,000008
56377,181141	0,000002	0,000006
56387,180641	0,000003	0,000003
56397,180141	0,000005	0,000006
56407,179641	0,000004	0,000009
56417,179141	0,000005	0,000009
56427,178641	0,000007	0,000009
56437,178141	0,000005	0,000008
56447,177641	0,000001	0,000006
56457,177141	0,000003	0,000005
56467,176641	0,000001	0,000003
56477,176141	0,000002	0,000006
56487,175641	0,000006	0,000002
56497,175141	0,000011	0,000004
56507,174641	0,000002	0,000006
56517,174141	0,000010	0,000007
56527,173641	0,000007	0,000006
56537,173141	0,000003	0,000012
56547,172641	0,000005	0,000012
56557,172141	0,000008	0,000011
56567,171641	0,000008	0,000010
56577,171141	0,000010	0,000006
56587,170641	0,000005	0,000002
56597,170141	0,000007	0,000002
56607,169642	0,000005	0,000006
56617,169142	0,000005	0,000005
56627,168642	0,000004	0,000007
56637,168142	0,000003	0,000005
56647,167642	0,000002	0,000001
56657,167142	0,000002	0,000005
56667,166642	0,000001	0,000007
56677,166142	0,000005	0,000005
56687,165642	0,000013	0,000005
56697,165142	0,000013	0,000003
56707,164642	0,000008	0,000008
56717,164142	0,000006	0,000006
56727,163642	0,000003	0,000006
56737,163142	0,000006	0,000007
56747,162642	0,000005	0,000003
56757,162142	0,000007	0,000008
56767,161642	0,000007	0,000005
56777,161142	0,000003	0,000006
56787,160642	0,000002	0,000007
56797,160142	0,000005	0,000008
56807,159642	0,000006	0,000011
56817,159142	0,000006	0,000014
56827,158642	0,000001	0,000010
56837,158142	0,000004	0,000002
56847,157642	0,000010	0,000006
56857,157142	0,000008	0,000004
56867,156642	0,000004	0,000004
56877,156142	0,000005	0,000007
56887,155642	0,000002	0,000004
56897,155142	0,000001	0,000003
56907,154642	0,000001	0,000004
56917,154142	0,000003	0,000011
56927,153642	0,000003	0,000009
56937,153142	0,000002	0,000002
56947,152642	0,000002	0,000009
56957,152142	0,000006	0,000005
56967,151642	0,000009	0,000003
56977,151142	0,000007	0,000004
56987,150642	0,000003	0,000005
56997,150142	0,000005	0,000007
57007,149643	0,000005	0,000002
57017,149143	0,000003	0,000002
57027,148643	0,000002	0,000004
57037,148143	0,000001	0,000003
57047,147643	0,000004	0,000002
57057,147143	0,000005	0,000002
57067,146643	0,000004	0,000000
57077,146143	0,000001	0,000002
57087,145643	0,000005	0,000004
57097,145143	0,000005	0,000003
57107,144643	0,000004	0,000005
57117,144143	0,000006	0,000001
57127,143643	0,000001	0,000003
57137,143143	0,000004	0,000002
57147,142643	0,000005	0,000003
57157,142143	0,000006	0,000007
57167,141643	0,000006	0,000009
57177,141143	0,000009	0,000005
57187,140643	0,000013	0,000007
57197,140143	0,000007	0,000006
57207,139643	0,000006	0,000010
57217,139143	0,000009	0,000011
57227,138643	0,000008	0,000008
57237,138143	0,000008	0,000003
57247,137643	0,000005	0,000005
57257,137143	0,000002	0,000009
57267,136643	0,000003	0,000008
57277,136143	0,000005	0,000008
57287,135643	0,000002	0,000005
57297,135143	0,000005	0,000003
57307,134643	0,000007	0,000004
57317,134143	0,000007	0,000007
57327,133643	0,000003	0,000005
57337,133143	0,000003	0,000002
57347,132643	0,000007	0,000002
57357,132143	0,000008	0,000002
57367,131643	0,000006	0,000002
57377,131143	0,000004	0,000009
57387,130643	0,000007	0,000013
57397,130143	0,000001	0,000008
57407,129644	0,000005	0,000002
57417,129144	0,000008	0,000005
57427,128644	0,000010	0,000005
57437,128144	0,000003	0,000004
57447,127644	0,000008	0,000002
57457,127144	0,000011	0,000001
57467,126644	0,000006	0,000001
57477,126144	0,000008	0,000004
57487,125644	0,000004	0,000006
57497,125144	0,000004	0,000003
57507,124644	0,000000	0,000004
57517,124144	0,000004	0,000006
57527,123644	0,000004	0,000002
57537,123144	0,000005	0,000010
57547,122644	0,000001	0,000005
57557,122144	0,000005	0,000005
57567,121644	0,000005	0,000008
57577,121144	0,000004	0,000010
57587,120644	0,000004	0,000011
57597,120144	0,000007	0,000007
57607,119644	0,000007	0,000005
57617,119144	0,000004	0,000009
57627,118644	0,000003	0,000009
57637,118144	0,000001	0,000004
57647,117644	0,000003	0,000006
57657,117144	0,000004	0,000006
57667,116644	0,000010	0,000003
57677,116144	0,000006	0,000003
57687,115644	0,000001	0,000004
57697,115144	0,000005	0,000007
57707,114644	0,000006	0,000002
57717,114144	0,000006	0,000008
57727,113644	0,000008	0,000004
57737,113144	0,000006	0,000003
57747,112644	0,000005	0,000004
57757,112144	0,000003	0,000003
57767,111644	0,000000	0,000008
57777,111144	0,000004	0,000009
57787,110644	0,000005	0,000006
57797,110144	0,000008	0,000005
57807,109645	0,000006	0,000001
57817,109145	0,000001	0,000003
57827,108645	0,000003	0,000002
57837,108145	0,000000	0,000005
57847,107645	0,000002	0,000005
57857,107145	0,000005	0,000008
57867,106645	0,000007	0,000006
57877,106145	0,000005	0,000001
57887,105645	0,000002	0,000005
57897,105145	0,000002	0,000004
57907,104645	0,000005	0,000002
57917,104145	0,000002	0,000003
57927,103645	0,000006	0,000004
57937,103145	0,000005	0,000005
57947,102645	0,000010	0,000007
57957,102145	0,000007	0,000004
57967,101645	0,000006	0,000005
57977,101145	0,000007	0,000003
57987,100645	0,000002	0,000004
57997,100145	0,000004	0,000003
58007,099645	0,000006	0,000001
58017,099145	0,000003	0,000004
58027,098645	0,000000	0,000001
58037,098145	0,000002	0,000003
58047,097645	0,000003	0,000006
58057,097145	0,000006	0,000010
58067,096645	0,000012	0,000006
58077,096145	0,000009	0,000001
58087,095645	0,000002	0,000001
58097,095145	0,000004	0,000001
58107,094645	0,000007	0,000002
58117,094145	0,000008	0,000006
58127,093645	0,000004	0,000004
58137,093145	0,000006	0,000002
58147,092645	0,000009	0,000004
58157,092145	0,000008	0,000007
58167,091645	0,000008	0,000010
58177,091145	0,000009	0,000005
58187,090645	0,000004	0,000001
58197,090145	0,000003	0,000006
58207,089646	0,000004	0,000007
58217,089146	0,000005	0,000008
58227,088646	0,000004	0,000001
58237,088146	0,000006	0,000004
58247,087646	0,000009	0,000002
58257,087146	0,000009	0,000003
58267,086646	0,000005	0,000007
58277,086146	0,000008	0,000006
58287,085646	0,000010	0,000007
58297,085146	0,000003	0,000013
58307,084646	0,000006	0,000012
58317,084146	0,000006	0,000008
58327,083646	0,000004	0,000005
58337,083146	0,000004	0,000004
58347,082646	0,000005	0,000003
58357,082146	0,000003	0,000003
58367,081646	0,000003	0,000003
58377,081146	0,000007	0,000006
58387,080646	0,000008	0,000004
58397,080146	0,000008	0,000002
58407,079646	0,000009	0,000004
58417,079146	0,000004	0,000005
58427,078646	0,000007	0,000006
58437,078146	0,000008	0,000003
58447,077646	0,000003	0,000003
58457,077146	0,000003	0,000010
58467,076646	0,000006	0,000012
58477,076146	0,000009	0,000010
58487,075646	0,000006	0,000010
58497,075146	0,000001	0,000011
58507,074646	0,000005	0,000008
58517,074146	0,000006	0,000005
58527,073646	0,000004	0,000010
58537,073146	0,000007	0,000007
58547,072646	0,000007	0,000006
58557,072146	0,000003	0,000003
58567,071646	0,000009	0,000002
58577,071146	0,000006	0,000003
58587,070646	0,000001	0,000003
58597,070146	0,000004	0,000004
58607,069647	0,000009	0,000007
58617,069147	0,000005	0,000006
58627,068647	0,000003	0,000003
58637,068147	0,000001	0,000003
58647,067647	0,000004	0,000004
58657,067147	0,000008	0,000004
58667,066647	0,000008	0,000002
58677,066147	0,000003	0,000006
58687,065647	0,000003	0,000004
58697,065147	0,000006	0,000008
58707,064647	0,000010	0,000006
58717,064147	0,000008	0,000006
58727,063647	0,000005	0,000007
58737,063147	0,000001	0,000005
58747,062647	0,000004	0,000004
58757,062147	0,000004	0,000006
58767,061647	0,000006	0,000006
58777,061147	0,000003	0,000004
58787,060647	0,000003	0,000005
58797,060147	0,000002	0,000010
58807,059647	0,000005	0,000007
58817,059147	0,000006	0,000003
58827,058647	0,000002	0,000006
58837,058147	0,000004	0,000006
58847,057647	0,000003	0,000004
58857,057147	0,000004	0,000004
58867,056647	0,000009	0,000007
58877,056147	0,000012	0,000007
58887,055647	0,000012	0,000004
58897,055147	0,000009	0,000003
58907,054647	0,000002	0,000002
58917,054147	0,000004	0,000003
58927,053647	0,000007	0,000003
58937,053147	0,000008	0,000010
58947,052647	0,000004	0,000014
58957,052147	0,000006	0,000008
58967,051647	0,000011	0,000003
58977,051147	0,000011	0,000002
58987,050647	0,000007	0,000002
58997,050147	0,000006	0,000000
59007,049648	0,000007	0,000005
59017,049148	0,000009	0,000004
59027,048648	0,000008	0,000008
59037,048148	0,000003	0,000006
59047,047648	0,000001	0,000006
59057,047148	0,000004	0,000008
59067,046648	0,000007	0,000009
59077,046148	0,000008	0,000008
59087,045648	0,000009	0,000009
59097,045148	0,000010	0,000006
59107,044648	0,000006	0,000003
59117,044148	0,000004	0,000006
59127,043648	0,000005	0,000005
59137,043148	0,000008	0,000003
59147,042648	0,000007	0,000008
59157,042148	0,000006	0,000001
59167,041648	0,000008	0,000008
59177,041148	0,000010	0,000007
59187,040648	0,000007	0,000003
59197,040148	0,000008	0,000003
59207,039648	0,000010	0,000001
59217,039148	0,000008	0,000002
59227,038648	0,000007	0,000001
59237,038148	0,000006	0,000002
59247,037648	0,000002	0,000003
59257,037148	0,000000	0,000001
59267,036648	0,000004	0,000006
59277,036148	0,000003	0,000008
59287,035648	0,000002	0,000008
59297,035148	0,000006	0,000007
59307,034648	0,000010	0,000003
59317,034148	0,000009	0,000004
59327,033648	0,000007	0,000003
59337,033148	0,000005	0,000003
59347,032648	0,000003	0,000003
59357,032148	0,000003	0,000004
59367,031648	0,000003	0,000008
59377,031148	0,000002	0,000005
59387,030648	0,000001	0,000004
59397,030148	0,000001	0,000006
59407,029649	0,000003	0,000004
59417,029149	0,000004	0,000002
59427,028649	0,000003	0,000009
59437,028149	0,000003	0,000008
59447,027649	0,000002	0,000004
59457,027149	0,000001	0,000003
59467,026649	0,000002	0,000001
59477,026149	0,000003	0,000007
59487,025649	0,000004	0,000007
59497,025149	0,000006	0,000006
59507,024649	0,000010	0,000004
59517,024149	0,000008	0,000005
59527,023649	0,000003	0,000008
59537,023149	0,000002	0,000004
59547,022649	0,000007	0,000003
59557,022149	0,000010	0,000005
59567,021649	0,000003	0,000009
59577,021149	0,000005	0,000006
59587,020649	0,000005	0,000002
59597,020149	0,000006	0,000002
59607,019649	0,000005	0,000006
59617,019149	0,000004	0,000008
59627,018649	0,000003	0,000007
59637,018149	0,000003	0,000007
59647,017649	0,000008	0,000002
59657,017149	0,000011	0,000005
59667,016649	0,000009	0,000005
59677,016149	0,000006	0,000005
59687,015649	0,000005	0,000005
59697,015149	0,000002	0,000013
59707,014649	0,000003	0,000008
59717,014149	0,000003	0,000008
59727,013649	0,000003	0,000007
59737,013149	0,000004	0,000003
59747,012649	0,000007	0,000005
59757,012149	0,000010	0,000006
59767,011649	0,000008	0,000002
59777,011149	0,000006	0,000005
59787,010649	0,000004	0,000005
59797,010149	0,000005	0,000005
59807,009650	0,000008	0,000001
59817,009150	0,000006	0,000005
59827,008650	0,000003	0,000006
59837,008150	0,000003	0,000007
59847,007650	0,000003	0,000005
59857,007150	0,000006	0,000003
59867,006650	0,000006	0,000002
59877,006150	0,000006	0,000002
59887,005650	0,000004	0,000005
59897,005150	0,000004	0,000007
59907,004650	0,000003	0,000008
59917,004150	0,000001	0,000003
59927,003650	0,000003	0,000011
59937,003150	0,000003	0,000011
59947,002650	0,000008	0,000004
59957,002150	0,000008	0,000002
59967,001650	0,000004	0,000002
59977,001150	0,000005	0,000004
59987,000650	0,000002	0,000006
59997,000150	0,000007	0,000009
60006,999650	0,000009	0,000004
60016,999150	0,000007	0,000006
60026,998650	0,000003	0,000007
60036,998150	0,000007	0,000007
60046,997650	0,000010	0,000010
60056,997150	0,000004	0,000012
60066,996650	0,000005	0,000008
60076,996150	0,000002	0,000004
60086,995650	0,000002	0,000004
60096,995150	0,000002	0,000001
60106,994650	0,000005	0,000005
60116,994150	0,000006	0,000005
60126,993650	0,000004	0,000005
60136,993150	0,000005	0,000008
60146,992650	0,000005	0,000004
60156,992150	0,000006	0,000003
60166,991650	0,000005	0,000007
60176,991150	0,000006	0,000006
60186,990650	0,000004	0,000006
60196,990150	0,000004	0,000005
60206,989651	0,000004	0,000004
60216,989151	0,000004	0,000004
60226,988651	0,000000	0,000005
60236,988151	0,000006	0,000008
60246,987651	0,000009	0,000004
60256,987151	0,000005	0,000005
60266,986651	0,000002	0,000005
60276,986151	0,000004	0,000005
60286,985651	0,000003	0,000003
60296,985151	0,000004	0,000005
60306,984651	0,000009	0,000010
60316,984151	0,000011	0,000007
60326,983651	0,000006	0,000006
60336,983151	0,000001	0,000005
60346,982651	0,000008	0,000007
60356,982151	0,000007	0,000008
60366,981651	0,000004	0,000010
60376,981151	0,000007	0,000008
60386,980651	0,000012	0,000010
60396,980151	0,000011	0,000007
60406,979651	0,000005	0,000003
60416,979151	0,000002	0,000007
60426,978651	0,000002	0,000007
60436,978151	0,000005	0,000004
60446,977651	0,000004	0,000003
60456,977151	0,000004	0,000005
60466,976651	0,000011	0,000000
60476,976151	0,000009	0,000006
60486,975651	0,000009	0,000003
60496,975151	0,000004	0,000006
60506,974651	0,000004	0,000009
60516,974151	0,000003	0,000002
60526,973651	0,000001	0,000005
60536,973151	0,000002	0,000005
60546,972651	0,000007	0,000004
60556,972151	0,000008	0,000004
60566,971651	0,000004	0,000009
60576,971151	0,000003	0,000004
60586,970651	0,000006	0,000002
60596,970151	0,000005	0,000003
60606,969652	0,000001	0,000002
60616,969152	0,000011	0,000005
60626,968652	0,000009	0,000004
60636,968152	0,000007	0,000004
60646,967652	0,000004	0,000005
60656,967152	0,000005	0,000006
60666,966652	0,000003	0,000008
60676,966152	0,000006	0,000010
60686,965652	0,000003	0,000006
60696,965152	0,000008	0,000004
60706,964652	0,000010	0,000007
60716,964152	0,000008	0,000006
60726,963652	0,000006	0,000006
60736,963152	0,000006	0,000010
60746,962652	0,000003	0,000011
60756,962152	0,000010	0,000013
60766,961652	0,000007	0,000006
60776,961152	0,000003	0,000005
60786,960652	0,000003	0,000007
60796,960152	0,000004	0,000002
60806,959652	0,000003	0,000003
60816,959152	0,000005	0,000003
60826,958652	0,000002	0,000001
60836,958152	0,000007	0,000006
60846,957652	0,000003	0,000005
60856,957152	0,000001	0,000004
60866,956652	0,000003	0,000002
60876,956152	0,000006	0,000010
60886,955652	0,000006	0,000007
60896,955152	0,000004	0,000005
60906,954652	0,000009	0,000006
60916,954152	0,000006	0,000007
60926,953652	0,000003	0,000011
60936,953152	0,000007	0,000008
60946,952652	0,000011	0,000001
60956,952152	0,000005	0,000008
60966,951652	0,000010	0,000012
60976,951152	0,000006	0,000006
60986,950652	0,000002	0,000005
60996,950152	0,000004	0,000006
61006,949653	0,000003	0,000005
61016,949153	0,000009	0,000003
61026,948653	0,000007	0,000004
61036,948153	0,000004	0,000004
61046,947653	0,000003	0,000005
61056,947153	0,000001	0,000008
61066,946653	0,000009	0,000004
61076,946153	0,000008	0,000003
61086,945653	0,000004	0,000003
61096,945153	0,000010	0,000007
61106,944653	0,000010	0,000009
61116,944153	0,000003	0,000005
61126,943653	0,000007	0,000004
61136,943153	0,000004	0,000003
61146,942653	0,000005	0,000002
61156,942153	0,000003	0,000003
61166,941653	0,000002	0,000005
61176,941153	0,000005	0,000009
61186,940653	0,000007	0,000007
61196,940153	0,000010	0,000003
61206,939653	0,000009	0,000004
61216,939153	0,000005	0,000008
61226,938653	0,000012	0,000006
61236,938153	0,000007	0,000004
61246,937653	0,000005	0,000001
61256,937153	0,000009	0,000006
61266,936653	0,000003	0,000007
61276,936153	0,000005	0,000004
61286,935653	0,000009	0,000007
61296,935153	0,000007	0,000005
61306,934653	0,000010	0,000006
61316,934153	0,000006	0,000008
61326,933653	0,000004	0,000006
61336,933153	0,000002	0,000006
61346,932653	0,000002	0,000005
61356,932153	0,000003	0,000003
61366,931653	0,000005	0,000001
61376,931153	0,000005	0,000003
61386,930653	0,000009	0,000004
61396,930153	0,000006	0,000004
61406,929654	0,000004	0,000001
61416,929154	0,000003	0,000004
61426,928654	0,000003	0,000003
61436,928154	0,000001	0,000004
61446,927654	0,000004	0,000002
61456,927154	0,000009	0,000003
61466,926654	0,000010	0,000008
61476,926154	0,000007	0,000007
61486,925654	0,000004	0,000002
61496,925154	0,000007	0,000003
61506,924654	0,000007	0,000005
61516,924154	0,000007	0,000005
61526,923654	0,000005	0,000003
61536,923154	0,000009	0,000004
61546,922654	0,000005	0,000003
61556,922154	0,000003	0,000004
61566,921654	0,000006	0,000003
61576,921154	0,000005	0,000006
61586,920654	0,000003	0,000009
61596,920154	0,000002	0,000008
61606,919654	0,000005	0,000010
61616,919154	0,000006	0,000007
61626,918654	0,000004	0,000007
61636,918154	0,000006	0,000005
61646,917654	0,000008	0,000007
61656,917154	0,000009	0,000004
61666,916654	0,000009	0,000006
61676,916154	0,000005	0,000010
61686,915654	0,000003	0,000008
61696,915154	0,000004	0,000006
61706,914654	0,000003	0,000008
61716,914154	0,000003	0,000000
61726,913654	0,000006	0,000001
61736,913154	0,000006	0,000002
61746,912654	0,000005	0,000003
61756,912154	0,000008	0,000005
61766,911654	0,000006	0,000001
61776,911154	0,000003	0,000003
61786,910654	0,000002	0,000008
61796,910154	0,000001	0,000007
61806,909655	0,000003	0,000005
61816,909155	0,000005	0,000004
61826,908655	0,000004	0,000002
61836,908155	0,000001	0,000000
61846,907655	0,000003	0,000000
61856,907155	0,000007	0,000002
61866,906655	0,000009	0,000003
61876,906155	0,000007	0,000002
61886,905655	0,000007	0,000007
61896,905155	0,000007	0,000003
61906,904655	0,000006	0,000004
61916,904155	0,000005	0,000009
61926,903655	0,000009	0,000007
61936,903155	0,000006	0,000004
61946,902655	0,000005	0,000005
61956,902155	0,000009	0,000002
61966,901655	0,000007	0,000003
61976,901155	0,000005	0,000002
61986,900655	0,000006	0,000001
61996,900155	0,000006	0,000001
62006,899655	0,000010	0,000003
62016,899155	0,000013	0,000004
62026,898655	0,000012	0,000004
62036,898155	0,000007	0,000006
62046,897655	0,000009	0,000003
62056,897155	0,000005	0,000003
62066,896655	0,000004	0,000006
62076,896155	0,000004	0,000007
62086,895655	0,000005	0,000005
62096,895155	0,000002	0,000001
62106,894655	0,000007	0,000005
62116,894155	0,000004	0,000006
62126,893655	0,000004	0,000004
62136,893155	0,000005	0,000006
62146,892655	0,000008	0,000007
62156,892155	0,000007	0,000002
62166,891655	0,000003	0,000004
62176,891155	0,000002	0,000006
62186,890655	0,000006	0,000006
62196,890155	0,000004	0,000007
62206,889656	0,000006	0,000003
62216,889156	0,000006	0,000004
62226,888656	0,000008	0,000008
62236,888156	0,000005	0,000006
62246,887656	0,000007	0,000003
62256,887156	0,000008	0,000004
62266,886656	0,000005	0,000005
62276,886156	0,000008	0,000007
62286,885656	0,000008	0,000006
62296,885156	0,000003	0,000004
62306,884656	0,000003	0,000001
62316,884156	0,000002	0,000003
62326,883656	0,000001	0,000001
62336,883156	0,000002	0,000001
62346,882656	0,000006	0,000001
62356,882156	0,000006	0,000001
62366,881656	0,000005	0,000001
62376,881156	0,000006	0,000003
62386,880656	0,000008	0,000005
62396,880156	0,000007	0,000004
62406,879656	0,000004	0,000003
62416,879156	0,000002	0,000003
62426,878656	0,000004	0,000002
62436,878156	0,000007	0,000003
62446,877656	0,000004	0,000008
62456,877156	0,000002	0,000008
62466,876656	0,000002	0,000003
62476,876156	0,000005	0,000001
62486,875656	0,000006	0,000003
62496,875156	0,000004	0,000005
62506,874656	0,000002	0,000004
62516,874156	0,000004	0,000003
62526,873656	0,000005	0,000005
62536,873156	0,000005	0,000009
62546,872656	0,000007	0,000006
62556,872156	0,000004	0,000006
62566,871656	0,000004	0,000011
62576,871156	0,000003	0,000005
62586,870656	0,000003	0,000003
62596,870156	0,000004	0,000003
62606,869657	0,000001	0,000002
62616,869157	0,000006	0,000001
62626,868657	0,000009	0,000003
62636,868157	0,000006	0,000003
62646,867657	0,000004	0,000003
62656,867157	0,000001	0,000004
62666,866657	0,000004	0,000002
62676,866157	0,000005	0,000003
62686,865657	0,000002	0,000004
62696,865157	0,000006	0,000007
62706,864657	0,000003	0,000008
62716,864157	0,000003	0,000007
62726,863657	0,000004	0,000002
62736,863157	0,000005	0,000003
62746,862657	0,000005	0,000001
62756,862157	0,000003	0,000003
62766,861657	0,000004	0,000001
62776,861157	0,000003	0,000003
62786,860657	0,000004	0,000001
62796,860157	0,000005	0,000002
62806,859657	0,000009	0,000007
62816,859157	0,000010	0,000001
62826,858657	0,000006	0,000009
62836,858157	0,000004	0,000009
62846,857657	0,000005	0,000007
62856,857157	0,000003	0,000003
62866,856657	0,000002	0,000003
62876,856157	0,000007	0,000005
62886,855657	0,000008	0,000004
62896,855157	0,000008	0,000002
62906,854657	0,000006	0,000001
62916,854157	0,000002	0,000007
62926,853657	0,000006	0,000011
62936,853157	0,000011	0,000004
62946,852657	0,000008	0,000003
62956,852157	0,000005	0,000004
62966,851657	0,000002	0,000007
62976,851157	0,000002	0,000005
62986,850657	0,000003	0,000010
62996,850157	0,000009	0,000008
63006,849658	0,000007	0,000004
63016,849158	0,000007	0,000005
63026,848658	0,000006	0,000004
63036,848158	0,000005	0,000006
63046,847658	0,000003	0,000007
63056,847158	0,000002	0,000006
63066,846658	0,000001	0,000008
63076,846158	0,000004	0,000014
63086,845658	0,000004	0,000017
63096,845158	0,000008	0,000013
63106,844658	0,000004	0,000004
63116,844158	0,000006	0,000010
63126,843658	0,000010	0,000006
63136,843158	0,000004	0,000005
63146,842658	0,000003	0,000008
63156,842158	0,000006	0,000005
63166,841658	0,000002	0,000006
63176,841158	0,000008	0,000006
63186,840658	0,000005	0,000004
63196,840158	0,000005	0,000004
63206,839658	0,000003	0,000002
63216,839158	0,000003	0,000004
63226,838658	0,000007	0,000004
63236,838158	0,000007	0,000004
63246,837658	0,000006	0,000008
63256,837158	0,000002	0,000005
63266,836658	0,000002	0,000004
63276,836158	0,000002	0,000005
63286,835658	0,000001	0,000002
63296,835158	0,000002	0,000002
63306,834658	0,000006	0,000001
63316,834158	0,000010	0,000000
63326,833658	0,000005	0,000002
63336,833158	0,000003	0,000002
63346,832658	0,000007	0,000008
63356,832158	0,000008	0,000010
63366,831658	0,000007	0,000009
63376,831158	0,000003	0,000004
63386,830658	0,000008	0,000004
63396,830158	0,000008	0,000002
63406,829659	0,000003	0,000001
63416,829159	0,000006	0,000002
63426,828659	0,000006	0,000003
63436,828159	0,000003	0,000002
63446,827659	0,000001	0,000008
63456,827159	0,000002	0,000007
63466,826659	0,000000	0,000001
63476,826159	0,000003	0,000001
63486,825659	0,000003	0,000004
63496,825159	0,000003	0,000005
63506,824659	0,000007	0,000005
63516,824159	0,000008	0,000009
63526,823659	0,000002	0,000002
63536,823159	0,000012	0,000005
63546,822659	0,000015	0,000005
63556,822159	0,000006	0,000003
63566,821659	0,000004	0,000006
63576,821159	0,000002	0,000007
63586,820659	0,000002	0,000004
63596,820159	0,000002	0,000003
63606,819659	0,000005	0,000003
63616,819159	0,000008	0,000002
63626,818659	0,000008	0,000006
63636,818159	0,000002	0,000006
63646,817659	0,000003	0,000008
63656,817159	0,000003	0,000009
63666,816659	0,000008	0,000002
63676,816159	0,000008	0,000004
63686,815659	0,000006	0,000004
63696,815159	0,000004	0,000009
63706,814659	0,000003	0,000009
63716,814159	0,000007	0,000004
63726,813659	0,000009	0,000003
63736,813159	0,000005	0,000005
63746,812659	0,000003	0,000005
63756,812159	0,000004	0,000004
63766,811659	0,000007	0,000007
63776,811159	0,000005	0,000004
63786,810659	0,000001	0,000005
63796,810159	0,000004	0,000007
63806,809660	0,000008	0,000013
63816,809160	0,000005	0,000013
63826,808660	0,000004	0,000003
63836,808160	0,000003	0,000008
63846,807660	0,000006	0,000006
63856,807160	0,000006	0,000002
63866,806660	0,000008	0,000006
63876,806160	0,000006	0,000010
63886,805660	0,000003	0,000011
63896,805160	0,000006	0,000008
63906,804660	0,000004	0,000004
63916,804160	0,000002	0,000007
63926,803660	0,000004	0,000004
63936,803160	0,000005	0,000003
63946,802660	0,000004	0,000003
63956,802160	0,000006	0,000001
63966,801660	0,000003	0,000005
63976,801160	0,000001	0,000005
63986,800660	0,000002	0,000002
63996,800160	0,000002	0,000008
64006,799660	0,000006	0,000010
64016,799160	0,000004	0,000007
64026,798660	0,000002	0,000008
64036,798160	0,000003	0,000005
64046,797660	0,000008	0,000005
64056,797160	0,000009	0,000003
64066,796660	0,000007	0,000001
64076,796160	0,000003	0,000007
64086,795660	0,000002	0,000011
64096,795160	0,000004	0,000005
64106,794660	0,000003	0,000006
64116,794160	0,000002	0,000003
64126,793660	0,000003	0,000005
64136,793160	0,000004	0,000004
64146,792660	0,000004	0,000001
64156,792160	0,000006	0,000004
64166,791660	0,000012	0,000009
64176,791160	0,000013	0,000004
64186,790660	0,000009	0,000005
64196,790160	0,000004	0,000003
64206,789661	0,000006	0,000004
64216,789161	0,000010	0,000004
64226,788661	0,000010	0,000008
64236,788161	0,000011	0,000005
64246,787661	0,000014	0,000004
64256,787161	0,000015	0,000003
64266,786661	0,000011	0,000010
64276,786161	0,000003	0,000011
64286,785661	0,000002	0,000008
64296,785161	0,000004	0,000007
64306,784661	0,000004	0,000010
64316,784161	0,000003	0,000006
64326,783661	0,000004	0,000003
64336,783161	0,000008	0,000006
64346,782661	0,000003	0,000006
64356,782161	0,000002	0,000008
64366,781661	0,000001	0,000009
64376,781161	0,000006	0,000009
64386,780661	0,000008	0,000007
64396,780161	0,000007	0,000009
64406,779661	0,000005	0,000008
64416,779161	0,000003	0,000005
64426,778661	0,000004	0,000003
64436,778161	0,000008	0,000006
64446,777661	0,000009	0,000008
64456,777161	0,000005	0,000001
64466,776661	0,000007	0,000003
64476,776161	0,000006	0,000002
64486,775661	0,000008	0,000007
64496,775161	0,000004	0,000012
64506,774661	0,000004	0,000010
64516,774161	0,000005	0,000007
64526,773661	0,000003	0,000005
64536,773161	0,000012	0,000003
64546,772661	0,000009	0,000004
64556,772161	0,000002	0,000005
64566,771661	0,000005	0,000005
64576,771161	0,000006	0,000002
64586,770661	0,000003	0,000002
64596,770161	0,000003	0,000004
64606,769662	0,000003	0,000003
64616,769162	0,000003	0,000002
64626,768662	0,000006	0,000005
64636,768162	0,000008	0,000005
64646,767662	0,000006	0,000006
64656,767162	0,000006	0,000004
64666,766662	0,000002	0,000003
64676,766162	0,000004	0,000003
64686,765662	0,000005	0,000006
64696,765162	0,000002	0,000005
64706,764662	0,000008	0,000002
64716,764162	0,000011	0,000003
64726,763662	0,000005	0,000003
64736,763162	0,000006	0,000004
64746,762662	0,000004	0,000004
64756,762162	0,000001	0,000006
64766,761662	0,000003	0,000004
64776,761162	0,000004	0,000004
64786,760662	0,000002	0,000001
64796,760162	0,000001	0,000006
64806,759662	0,000004	0,000002
64816,759162	0,000002	0,000003
64826,758662	0,000006	0,000006
64836,758162	0,000009	0,000004
64846,757662	0,000004	0,000005
64856,757162	0,000002	0,000005
64866,756662	0,000003	0,000005
64876,756162	0,000002	0,000009
64886,755662	0,000003	0,000005
64896,755162	0,000004	0,000001
64906,754662	0,000007	0,000005
64916,754162	0,000006	0,000003
64926,753662	0,000003	0,000004
64936,753162	0,000004	0,000007
64946,752662	0,000006	0,000005
64956,752162	0,000004	0,000003
64966,751662	0,000000	0,000007
64976,751162	0,000005	0,000006
64986,750662	0,000004	0,000005
64996,750162	0,000004	0,000005
65006,749663	0,000001	0,000009
65016,749163	0,000007	0,000005
65026,748663	0,000009	0,000003
65036,748163	0,000006	0,000003
65046,747663	0,000008	0,000006
65056,747163	0,000005	0,000009
65066,746663	0,000002	0,000008
65076,746163	0,000007	0,000003
65086,745663	0,000013	0,000002
65096,745163	0,000011	0,000007
65106,744663	0,000009	0,000009
65116,744163	0,000007	0,000006
65126,743663	0,000007	0,000004
65136,743163	0,000005	0,000004
65146,742663	0,000006	0,000002
65156,742163	0,000003	0,000008
65166,741663	0,000001	0,000009
65176,741163	0,000001	0,000004
65186,740663	0,000001	0,000006
65196,740163	0,000004	0,000001
65206,739663	0,000007	0,000005
65216,739163	0,000010	0,000003
65226,738663	0,000007	0,000003
65236,738163	0,000005	0,000006
65246,737663	0,000005	0,000005
65256,737163	0,000009	0,000006
65266,736663	0,000008	0,000005
65276,736163	0,000010	0,000006
65286,735663	0,000005	0,000012
65296,735163	0,000003	0,000010
65306,734663	0,000004	0,000007
65316,734163	0,000004	0,000005
65326,733663	0,000005	0,000002
65336,733163	0,000003	0,000002
65346,732663	0,000006	0,000002
65356,732163	0,000003	0,000003
65366,731663	0,000000	0,000004
65376,731163	0,000002	0,000007
65386,730663	0,000004	0,000006
65396,730163	0,000006	0,000001
65406,729664	0,000006	0,000003
65416,729164	0,000006	0,000003
65426,728664	0,000005	0,000004
65436,728164	0,000004	0,000003
65446,727664	0,000003	0,000005
65456,727164	0,000004	0,000007
65466,726664	0,000001	0,000008
65476,726164	0,000004	0,000006
65486,725664	0,000002	0,000001
65496,725164	0,000006	0,000004
65506,724664	0,000003	0,000005
65516,724164	0,000001	0,000011
65526,723664	0,000002	0,000012
65536,723164	0,000006	0,000008
65546,722664	0,000005	0,000007
65556,722164	0,000002	0,000004
65566,721664	0,000007	0,000004
65576,721164	0,000005	0,000007
65586,720664	0,000003	0,000006
65596,720164	0,000001	0,000001
65606,719664	0,000004	0,000004
65616,719164	0,000005	0,000004
65626,718664	0,000005	0,000002
65636,718164	0,000004	0,000006
65646,717664	0,000005	0,000011
65656,717164	0,000006	0,000011
65666,716664	0,000004	0,000006
65676,716164	0,000004	0,000002
65686,715664	0,000003	0,000005
65696,715164	0,000003	0,000004
65706,714664	0,000006	0,000001
65716,714164	0,000006	0,000007
65726,713664	0,000007	0,000008
65736,713164	0,000005	0,000006
65746,712664	0,000009	0,000005
65756,712164	0,000011	0,000001
65766,711664	0,000003	0,000006
65776,711164	0,000004	0,000006
65786,710664	0,000008	0,000006
65796,710164	0,000006	0,000006
65806,709665	0,000003	0,000005
65816,709165	0,000002	0,000002
65826,708665	0,000004	0,000003
65836,708165	0,000003	0,000001
65846,707665	0,000006	0,000002
65856,707165	0,000005	0,000001
65866,706665	0,000002	0,000007
65876,706165	0,000006	0,000007
65886,705665	0,000005	0,000001
65896,705165	0,000003	0,000002
65906,704665	0,000004	0,000003
65916,704165	0,000003	0,000001
65926,703665	0,000003	0,000004
65936,703165	0,000005	0,000008
65946,702665	0,000003	0,000010
65956,702165	0,000002	0,000008
65966,701665	0,000001	0,000008
65976,701165	0,000003	0,000008
65986,700665	0,000003	0,000006
65996,700165	0,000001	0,000005
66006,699665	0,000001	0,000008
66016,699165	0,000003	0,000009
66026,698665	0,000005	0,000005
66036,698165	0,000001	0,000001
66046,697665	0,000002	0,000003
66056,697165	0,000006	0,000001
66066,696665	0,000006	0,000004
66076,696165	0,000005	0,000003
66086,695665	0,000009	0,000002
66096,695165	0,000011	0,000001
66106,694665	0,000006	0,000008
66116,694165	0,000001	0,000009
66126,693665	0,000003	0,000005
66136,693165	0,000006	0,000003
66146,692665	0,000009	0,000001
66156,692165	0,000008	0,000002
66166,691665	0,000009	0,000003
66176,691165	0,000010	0,000003
66186,690665	0,000005	0,000002
66196,690165	0,000002	0,000003
66206,689666	0,000001	0,000006
66216,689166	0,000001	0,000011
66226,688666	0,000002	0,000009
66236,688166	0,000006	0,000002
66246,687666	0,000000	0,000002
66256,687166	0,000008	0,000005
66266,686666	0,000006	0,000005
66276,686166	0,000003	0,000004
66286,685666	0,000003	0,000005
66296,685166	0,000003	0,000005
66306,684666	0,000006	0,000010
66316,684166	0,000003	0,000011
66326,683666	0,000005	0,000007
66336,683166	0,000004	0,000004
66346,682666	0,000006	0,000003
66356,682166	0,000005	0,000000
66366,681666	0,000007	0,000006
66376,681166	0,000009	0,000001
66386,680666	0,000004	0,000009
66396,680166	0,000004	0,000007
66406,679666	0,000007	0,000002
66416,679166	0,000006	0,000005
66426,678666	0,000006	0,000008
66436,678166	0,000007	0,000008
66446,677666	0,000004	0,000006
66456,677166	0,000006	0,000004
66466,676666	0,000008	0,000002
66476,676166	0,000012	0,000005
66486,675666	0,000008	0,000001
66496,675166	0,000004	0,000005
66506,674666	0,000003	0,000002
66516,674166	0,000007	0,000002
66526,673666	0,000005	0,000004
66536,673166	0,000004	0,000003
66546,672666	0,000006	0,000002
66556,672166	0,000002	0,000003
66566,671666	0,000003	0,000004
66576,671166	0,000005	0,000010
66586,670666	0,000004	0,000012
66596,670166	0,000005	0,000008
66606,669667	0,000008	0,000002
66616,669167	0,000004	0,000003
66626,668667	0,000007	0,000004
66636,668167	0,000007	0,000002
66646,667667	0,000007	0,000003
66656,667167	0,000012	0,000006
66666,666667	0,000010	0,000009
66676,666167	0,000010	0,000007
66686,665667	0,000007	0,000005
66696,665167	0,000004	0,000001
66706,664667	0,000008	0,000005
66716,664167	0,000005	0,000008
66726,663667	0,000003	0,000003
66736,663167	0,000003	0,000002
66746,662667	0,000006	0,000006
66756,662167	0,000003	0,000004
66766,661667	0,000002	0,000005
66776,661167	0,000003	0,000008
66786,660667	0,000002	0,000006
66796,660167	0,000003	0,000003
66806,659667	0,000003	0,000003
66816,659167	0,000005	0,000007
66826,658667	0,000007	0,000007
66836,658167	0,000001	0,000003
66846,657667	0,000006	0,000005
66856,657167	0,000003	0,000003
66866,656667	0,000002	0,000001
66876,656167	0,000004	0,000001
66886,655667	0,000006	0,000006
66896,655167	0,000003	0,000011
66906,654667	0,000002	0,000003
66916,654167	0,000001	0,000004
66926,653667	0,000001	0,000005
66936,653167	0,000003	0,000004
66946,652667	0,000001	0,000002
66956,652167	0,000005	0,000001
66966,651667	0,000006	0,000005
66976,651167	0,000005	0,000007
66986,650667	0,000002	0,000005
66996,650167	0,000001	0,000004
67006,649668	0,000003	0,000007
67016,649168	0,000006	0,000005
67026,648668	0,000012	0,000003
67036,648168	0,000011	0,000000
67046,647668	0,000006	0,000002
67056,647168	0,000001	0,000002
67066,646668	0,000004	0,000002
67076,646168	0,000003	0,000001
67086,645668	0,000005	0,000004
67096,645168	0,000004	0,000007
67106,644668	0,000004	0,000005
67116,644168	0,000006	0,000006
67126,643668	0,000006	0,000004
67136,643168	0,000003	0,000006
67146,642668	0,000007	0,000002
67156,642168	0,000008	0,000007
67166,641668	0,000006	0,000004
67176,641168	0,000002	0,000008
67186,640668	0,000004	0,000010
67196,640168	0,000002	0,000004
67206,639668	0,000005	0,000007
67216,639168	0,000008	0,000007
67226,638668	0,000007	0,000003
67236,638168	0,000003	0,000003
67246,637668	0,000002	0,000007
67256,637168	0,000003	0,000005
67266,636668	0,000006	0,000002
67276,636168	0,000005	0,000003
67286,635668	0,000005	0,000003
67296,635168	0,000004	0,000004
67306,634668	0,000006	0,000007
67316,634168	0,000010	0,000007
67326,633668	0,000006	0,000005
67336,633168	0,000003	0,000005
67346,632668	0,000008	0,000004
67356,632168	0,000005	0,000004
67366,631668	0,000002	0,000003
67376,631168	0,000004	0,000002
67386,630668	0,000009	0,000003
67396,630168	0,000006	0,000004
67406,629669	0,000005	0,000008
67416,629169	0,000008	0,000007
67426,628669	0,000002	0,000004
67436,628169	0,000003	0,000006
67446,627669	0,000005	0,000003
67456,627169	0,000001	0,000002
67466,626669	0,000006	0,000002
67476,626169	0,000006	0,000007
67486,625669	0,000003	0,000009
67496,625169	0,000003	0,000005
67506,624669	0,000004	0,000005
67516,624169	0,000004	0,000005
67526,623669	0,000007	0,000002
67536,623169	0,000006	0,000006
67546,622669	0,000002	0,000010
67556,622169	0,000008	0,000005
67566,621669	0,000008	0,000001
67576,621169	0,000007	0,000009
67586,620669	0,000009	0,000007
67596,620169	0,000009	0,000004
67606,619669	0,000005	0,000003
67616,619169	0,000007	0,000003
67626,618669	0,000004	0,000008
67636,618169	0,000001	0,000009
67646,617669	0,000005	0,000006
67656,617169	0,000005	0,000002
67666,616669	0,000004	0,000006
67676,616169	0,000006	0,000005
67686,615669	0,000009	0,000005
67696,615169	0,000010	0,000001
67706,614669	0,000007	0,000004
67716,614169	0,000005	0,000003
67726,613669	0,000004	0,000005
67736,613169	0,000001	0,000006
67746,612669	0,000004	0,000002
67756,612169	0,000007	0,000003
67766,611669	0,000004	0,000004
67776,611169	0,000004	0,000005
67786,610669	0,000004	0,000003
67796,610169	0,000004	0,000007
67806,609670	0,000010	0,000006
67816,609170	0,000011	0,000004
67826,608670	0,000007	0,000002
67836,608170	0,000004	0,000002
67846,607670	0,000005	0,000006
67856,607170	0,000005	0,000005
67866,606670	0,000006	0,000006
67876,606170	0,000005	0,000004
67886,605670	0,000002	0,000003
67896,605170	0,000005	0,000004
67906,604670	0,000006	0,000008
67916,604170	0,000005	0,000010
67926,603670	0,000006	0,000012
67936,603170	0,000004	0,000011
67946,602670	0,000003	0,000005
67956,602170	0,000009	0,000003
67966,601670	0,000008	0,000008
67976,601170	0,000002	0,000012
67986,600670	0,000002	0,000009
67996,600170	0,000002	0,000002
68006,599670	0,000004	0,000003
68016,599170	0,000002	0,000004
68026,598670	0,000005	0,000002
68036,598170	0,000010	0,000002
68046,597670	0,000011	0,000002
68056,597170	0,000009	0,000003
68066,596670	0,000007	0,000000
68076,596170	0,000001	0,000005
68086,595670	0,000006	0,000004
68096,595170	0,000012	0,000003
68106,594670	0,000014	0,000006
68116,594170	0,000006	0,000012
68126,593670	0,000005	0,000010
68136,593170	0,000006	0,000003
68146,592670	0,000005	0,000008
68156,592170	0,000007	0,000009
68166,591670	0,000005	0,000007
68176,591170	0,000006	0,000007
68186,590670	0,000008	0,000003
68196,590170	0,000006	0,000006
68206,589671	0,000001	0,000004
68216,589171	0,000003	0,000007
68226,588671	0,000004	0,000004
68236,588171	0,000002	0,000003
68246,587671	0,000002	0,000003
68256,587171	0,000003	0,000004
68266,586671	0,000002	0,000003
68276,586171	0,000002	0,000003
68286,585671	0,000005	0,000003
68296,585171	0,000005	0,000006
68306,584671	0,000002	0,000005
68316,584171	0,000004	0,000006
68326,583671	0,000004	0,000006
68336,583171	0,000006	0,000004
68346,582671	0,000005	0,000005
68356,582171	0,000003	0,000004
68366,581671	0,000004	0,000003
68376,581171	0,000004	0,000003
68386,580671	0,000006	0,000003
68396,580171	0,000008	0,000004
68406,579671	0,000010	0,000007
68416,579171	0,000007	0,000004
68426,578671	0,000004	0,000003
68436,578171	0,000003	0,000005
68446,577671	0,000004	0,000005
68456,577171	0,000006	0,000004
68466,576671	0,000007	0,000004
68476,576171	0,000002	0,000004
68486,575671	0,000007	0,000006
68496,575171	0,000006	0,000004
68506,574671	0,000007	0,000002
68516,574171	0,000005	0,000005
68526,573671	0,000009	0,000008
68536,573171	0,000015	0,000005
68546,572671	0,000010	0,000015
68556,572171	0,000007	0,000012
68566,571671	0,000009	0,000003
68576,571171	0,000008	0,000003
68586,570671	0,000001	0,000004
68596,570171	0,000006	0,000007
68606,569672	0,000008	0,000006
68616,569172	0,000007	0,000004
68626,568672	0,000005	0,000003
68636,568172	0,000002	0,000004
68646,567672	0,000006	0,000003
68656,567172	0,000005	0,000002
68666,566672	0,000007	0,000003
68676,566172	0,000006	0,000007
68686,565672	0,000005	0,000008
68696,565172	0,000004	0,000006
68706,564672	0,000002	0,000005
68716,564172	0,000004	0,000006
68726,563672	0,000003	0,000004
68736,563172	0,000002	0,000003
68746,562672	0,000003	0,000005
68756,562172	0,000003	0,000004
68766,561672	0,000004	0,000005
68776,561172	0,000005	0,000005
68786,560672	0,000010	0,000008
68796,560172	0,000009	0,000005
68806,559672	0,000010	0,000003
68816,559172	0,000006	0,000003
68826,558672	0,000004	0,000007
68836,558172	0,000002	0,000007
68846,557672	0,000004	0,000003
68856,557172	0,000002	0,000002
68866,556672	0,000005	0,000006
68876,556172	0,000004	0,000011
68886,555672	0,000010	0,000011
68896,555172	0,000009	0,000011
68906,554672	0,000003	0,000012
68916,554172	0,000001	0,000007
68926,553672	0,000007	0,000007
68936,553172	0,000009	0,000008
68946,552672	0,000003	0,000007
68956,552172	0,000002	0,000004
68966,551672	0,000003	0,000003
68976,551172	0,000001	0,000003
68986,550672	0,000003	0,000003
68996,550172	0,000005	0,000002
69006,549673	0,000007	0,000002
69016,549173	0,000002	0,000003
69026,548673	0,000006	0,000007
69036,548173	0,000007	0,000003
69046,547673	0,000006	0,000004
69056,547173	0,000003	0,000002
69066,546673	0,000004	0,000002
69076,546173	0,000003	0,000002
69086,545673	0,000003	0,000003
69096,545173	0,000003	0,000005
69106,544673	0,000005	0,000013
69116,544173	0,000005	0,000011
69126,543673	0,000004	0,000004
69136,543173	0,000004	0,000004
69146,542673	0,000003	0,000002
69156,542173	0,000008	0,000004
69166,541673	0,000009	0,000007
69176,541173	0,000005	0,000006
69186,540673	0,000002	0,000006
69196,540173	0,000001	0,000006
69206,539673	0,000002	0,000003
69216,539173	0,000002	0,000002
69226,538673	0,000005	0,000008
69236,538173	0,000005	0,000004
69246,537673	0,000001	0,000008
69256,537173	0,000005	0,000005
69266,536673	0,000005	0,000001
69276,536173	0,000002	0,000006
69286,535673	0,000006	0,000012
69296,535173	0,000008	0,000008
69306,534673	0,000008	0,000004
69316,534173	0,000004	0,000002
69326,533673	0,000002	0,000005
69336,533173	0,000005	0,000005
69346,532673	0,000005	0,000002
69356,532173	0,000003	0,000003
69366,531673	0,000007	0,000005
69376,531173	0,000006	0,000004
69386,530673	0,000001	0,000000
69396,530173	0,000003	0,000002
69406,529674	0,000006	0,000002
69416,529174	0,000009	0,000006
69426,528674	0,000006	0,000005
69436,528174	0,000011	0,000001
69446,527674	0,000010	0,000002
69456,527174	0,000005	0,000002
69466,526674	0,000005	0,000005
69476,526174	0,000006	0,000004
69486,525674	0,000008	0,000004
69496,525174	0,000009	0,000007
69506,524674	0,000009	0,000009
69516,524174	0,000005	0,000008
69526,523674	0,000003	0,000006
69536,523174	0,000002	0,000006
69546,522674	0,000003	0,000004
69556,522174	0,000001	0,000004
69566,521674	0,000003	0,000007
69576,521174	0,000002	0,000006
69586,520674	0,000002	0,000005
69596,520174	0,000003	0,000001
69606,519674	0,000001	0,000001
69616,519174	0,000004	0,000005
69626,518674	0,000006	0,000003
69636,518174	0,000003	0,000003
69646,517674	0,000003	0,000005
69656,517174	0,000006	0,000005
69666,516674	0,000006	0,000003
69676,516174	0,000005	0,000006
69686,515674	0,000005	0,000010
69696,515174	0,000001	0,000008
69706,514674	0,000006	0,000004
69716,514174	0,000007	0,000009
69726,513674	0,000004	0,000008
69736,513174	0,000005	0,000003
69746,512674	0,000001	0,000004
69756,512174	0,000006	0,000009
69766,511674	0,000005	0,000007
69776,511174	0,000005	0,000004
69786,510674	0,000001	0,000005
69796,510174	0,000004	0,000007
69806,509675	0,000004	0,000005
69816,509175	0,000012	0,000005
69826,508675	0,000014	0,000003
69836,508175	0,000005	0,000005
69846,507675	0,000007	0,000005
69856,507175	0,000008	0,000004
69866,506675	0,000002	0,000005
69876,506175	0,000002	0,000004
69886,505675	0,000001	0,000004
69896,505175	0,000008	0,000006
69906,504675	0,000012	0,000006
69916,504175	0,000004	0,000006
69926,503675	0,000001	0,000004
69936,503175	0,000001	0,000002
69946,502675	0,000001	0,000001
69956,502175	0,000002	0,000007
69966,501675	0,000002	0,000008
69976,501175	0,000003	0,000007
69986,500675	0,000004	0,000005
69996,500175	0,000001	0,000002
70006,499675	0,000004	0,000003
70016,499175	0,000007	0,000001
70026,498675	0,000009	0,000004
70036,498175	0,000012	0,000003
70046,497675	0,000008	0,000005
70056,497175	0,000004	0,000004
70066,496675	0,000004	0,000005
70076,496175	0,000003	0,000002
70086,495675	0,000004	0,000004
70096,495175	0,000005	0,000007
70106,494675	0,000006	0,000010
70116,494175	0,000003	0,000005
70126,493675	0,000009	0,000003
70136,493175	0,000009	0,000001
70146,492675	0,000005	0,000001
70156,492175	0,000007	0,000002
70166,491675	0,000009	0,000006
70176,491175	0,000008	0,000009
70186,490675	0,000008	0,000004
70196,490175	0,000005	0,000006
70206,489676	0,000002	0,000003
70216,489176	0,000003	0,000004
70226,488676	0,000002	0,000003
70236,488176	0,000003	0,000005
70246,487676	0,000002	0,000004
70256,487176	0,000002	0,000004
70266,486676	0,000008	0,000008
70276,486176	0,000007	0,000009
70286,485676	0,000003	0,000007
70296,485176	0,000000	0,000004
70306,484676	0,000003	0,000008
70316,484176	0,000004	0,000009
70326,483676	0,000006	0,000006
70336,483176	0,000006	0,000005
70346,482676	0,000004	0,000008
70356,482176	0,000003	0,000009
70366,481676	0,000005	0,000007
70376,481176	0,000008	0,000007
70386,480676	0,000008	0,000007
70396,480176	0,000004	0,000001
70406,479676	0,000002	0,000005
70416,479176	0,000003	0,000005
70426,478676	0,000001	0,000004
70436,478176	0,000002	0,000004
70446,477676	0,000005	0,000001
70456,477176	0,000007	0,000001
70466,476676	0,000005	0,000002
70476,476176	0,000001	0,000001
70486,475676	0,000004	0,000003
70496,475176	0,000004	0,000001
70506,474676	0,000009	0,000001
70516,474176	0,000006	0,000008
70526,473676	0,000002	0,000012
70536,473176	0,000003	0,000007
70546,472676	0,000002	0,000003
70556,472176	0,000003	0,000004
70566,471676	0,000007	0,000006
70576,471176	0,000004	0,000004
70586,470676	0,000008	0,000001
70596,470176	0,000009	0,000002
70606,469677	0,000003	0,000004
70616,469177	0,000002	0,000004
70626,468677	0,000005	0,000002
70636,468177	0,000006	0,000003
70646,467677	0,000011	0,000002
70656,467177	0,000015	0,000002
70666,466677	0,000015	0,000002
70676,466177	0,000010	0,000006
70686,465677	0,000006	0,000003
70696,465177	0,000004	0,000005
70706,464677	0,000007	0,000008
70716,464177	0,000011	0,000006
70726,463677	0,000007	0,000004
70736,463177	0,000002	0,000001
70746,462677	0,000009	0,000005
70756,462177	0,000011	0,000002
70766,461677	0,000006	0,000006
70776,461177	0,000006	0,000006
70786,460677	0,000007	0,000002
70796,460177	0,000006	0,000001
70806,459677	0,000004	0,000005
70816,459177	0,000007	0,000000
70826,458677	0,000006	0,000005
70836,458177	0,000005	0,000002
70846,457677	0,000007	0,000004
70856,457177	0,000010	0,000008
70866,456677	0,000006	0,000006
70876,456177	0,000004	0,000003
70886,455677	0,000003	0,000004
70896,455177	0,000009	0,000004
70906,454677	0,000012	0,000006
70916,454177	0,000007	0,000011
70926,453677	0,000004	0,000010
70936,453177	0,000005	0,000008
70946,452677	0,000001	0,000003
70956,452177	0,000004	0,000006
70966,451677	0,000006	0,000004
70976,451177	0,000006	0,000005
70986,450677	0,000004	0,000002
70996,450177	0,000004	0,000004
71006,449678	0,000004	0,000006
71016,449178	0,000004	0,000008
71026,448678	0,000004	0,000007
71036,448178	0,000005	0,000002
71046,447678	0,000006	0,000003
71056,447178	0,000007	0,000003
71066,446678	0,000005	0,000005
71076,446178	0,000009	0,000006
71086,445678	0,000004	0,000001
71096,445178	0,000003	0,000003
71106,444678	0,000004	0,000004
71116,444178	0,000007	0,000011
71126,443678	0,000006	0,000007
71136,443178	0,000001	0,000006
71146,442678	0,000003	0,000004
71156,442178	0,000001	0,000004
71166,441678	0,000003	0,000002
71176,441178	0,000003	0,000001
71186,440678	0,000005	0,000002
71196,440178	0,000008	0,000005
71206,439678	0,000005	0,000004
71216,439178	0,000005	0,000006
71226,438678	0,000007	0,000010
71236,438178	0,000010	0,000010
71246,437678	0,000010	0,000007
71256,437178	0,000007	0,000003
71266,436678	0,000003	0,000003
71276,436178	0,000008	0,000004
71286,435678	0,000008	0,000001
71296,435178	0,000005	0,000000
71306,434678	0,000005	0,000001
71316,434178	0,000006	0,000002
71326,433678	0,000001	0,000005
71336,433178	0,000001	0,000009
71346,432678	0,000005	0,000008
71356,432178	0,000007	0,000007
71366,431678	0,000002	0,000006
71376,431178	0,000007	0,000007
71386,430678	0,000009	0,000006
71396,430178	0,000008	0,000003
71406,429679	0,000004	0,000007
71416,429179	0,000005	0,000004
71426,428679	0,000004	0,000002
71436,428179	0,000006	0,000002
71446,427679	0,000006	0,000005
71456,427179	0,000004	0,000008
71466,426679	0,000008	0,000007
71476,426179	0,000012	0,000006
71486,425679	0,000007	0,000002
71496,425179	0,000002	0,000005
71506,424679	0,000005	0,000004
71516,424179	0,000006	0,000006
71526,423679	0,000003	0,000005
71536,423179	0,000005	0,000004
71546,422679	0,000003	0,000003
71556,422179	0,000005	0,000006
71566,421679	0,000008	0,000007
71576,421179	0,000006	0,000003
71586,420679	0,000001	0,000004
71596,420179	0,000003	0,000007
71606,419679	0,000004	0,000007
71616,419179	0,000007	0,000002
71626,418679	0,000004	0,000006
71636,418179	0,000009	0,000001
71646,417679	0,000013	0,000003
71656,417179	0,000009	0,000004
71666,416679	0,000008	0,000008
71676,416179	0,000008	0,000002
71686,415679	0,000005	0,000003
71696,415179	0,000000	0,000004
71706,414679	0,000003	0,000008
71716,414179	0,000004	0,000008
71726,413679	0,000002	0,000003
71736,413179	0,000003	0,000006
71746,412679	0,000007	0,000002
71756,412179	0,000008	0,000005
71766,411679	0,000007	0,000005
71776,411179	0,000003	0,000006
71786,410679	0,000005	0,000004
71796,410179	0,000008	0,000002
71806,409680	0,000006	0,000005
71816,409180	0,000006	0,000003
71826,408680	0,000003	0,000002
71836,408180	0,000006	0,000005
71846,407680	0,000009	0,000008
71856,407180	0,000006	0,000010
71866,406680	0,000007	0,000010
71876,406180	0,000005	0,000004
71886,405680	0,000004	0,000003
71896,405180	0,000004	0,000006
71906,404680	0,000006	0,000002
71916,404180	0,000004	0,000005
71926,403680	0,000007	0,000000
71936,403180	0,000006	0,000003
71946,402680	0,000001	0,000001
71956,402180	0,000007	0,000003
71966,401680	0,000006	0,000001
71976,401180	0,000002	0,000001
71986,400680	0,000005	0,000004
71996,400180	0,000003	0,000007
72006,399680	0,000003	0,000005
72016,399180	0,000006	0,000002
72026,398680	0,000010	0,000005
72036,398180	0,000010	0,000004
72046,397680	0,000006	0,000000
72056,397180	0,000004	0,000004
72066,396680	0,000004	0,000005
72076,396180	0,000003	0,000008
72086,395680	0,000001	0,000008
72096,395180	0,000003	0,000004
72106,394680	0,000003	0,000001
72116,394180	0,000004	0,000005
72126,393680	0,000004	0,000006
72136,393180	0,000003	0,000009
72146,392680	0,000006	0,000012
72156,392180	0,000006	0,000009
72166,391680	0,000002	0,000005
72176,391180	0,000005	0,000005
72186,390680	0,000006	0,000007
72196,390180	0,000003	0,000004
72206,389681	0,000003	0,000007
72216,389181	0,000002	0,000006
72226,388681	0,000003	0,000001
72236,388181	0,000002	0,000001
72246,387681	0,000007	0,000002
72256,387181	0,000007	0,000002
72266,386681	0,000003	0,000004
72276,386181	0,000004	0,000003
72286,385681	0,000001	0,000001
72296,385181	0,000004	0,000003
72306,384681	0,000008	0,000002
72316,384181	0,000004	0,000001
72326,383681	0,000008	0,000004
72336,383181	0,000002	0,000008
72346,382681	0,000007	0,000006
72356,382181	0,000004	0,000004
72366,381681	0,000003	0,000005
72376,381181	0,000001	0,000002
72386,380681	0,000006	0,000003
72396,380181	0,000009	0,000003
72406,379681	0,000007	0,000001
72416,379181	0,000006	0,000004
72426,378681	0,000002	0,000005
72436,378181	0,000003	0,000004
72446,377681	0,000008	0,000002
72456,377181	0,000011	0,000006
72466,376681	0,000008	0,000003
72476,376181	0,000002	0,000003
72486,375681	0,000006	0,000003
72496,375181	0,000004	0,000006
72506,374681	0,000003	0,000004
72516,374181	0,000001	0,000006
72526,373681	0,000007	0,000003
72536,373181	0,000010	0,000007
72546,372681	0,000005	0,000012
72556,372181	0,000005	0,000005
72566,371681	0,000002	0,000007
72576,371181	0,000005	0,000008
72586,370681	0,000007	0,000009
72596,370181	0,000004	0,000008
72606,369682	0,000001	0,000002
72616,369182	0,000005	0,000002
72626,368682	0,000007	0,000009
72636,368182	0,000003	0,000009
72646,367682	0,000004	0,000007
72656,367182	0,000006	0,000004
72666,366682	0,000006	0,000001
72676,366182	0,000007	0,000003
72686,365682	0,000011	0,000000
72696,365182	0,000011	0,000003
72706,364682	0,000006	0,000006
72716,364182	0,000001	0,000003
72726,363682	0,000002	0,000003
72736,363182	0,000005	0,000003
72746,362682	0,000005	0,000002
72756,362182	0,000003	0,000006
72766,361682	0,000002	0,000010
72776,361182	0,000010	0,000010
72786,360682	0,000011	0,000010
72796,360182	0,000008	0,000013
72806,359682	0,000005	0,000010
72816,359182	0,000010	0,000001
72826,358682	0,000007	0,000001
72836,358182	0,000004	0,000004
72846,357682	0,000002	0,000006
72856,357182	0,000005	0,000004
72866,356682	0,000003	0,000002
72876,356182	0,000006	0,000003
72886,355682	0,000004	0,000001
72896,355182	0,000009	0,000004
72906,354682	0,000002	0,000002
72916,354182	0,000005	0,000004
72926,353682	0,000007	0,000002
72936,353182	0,000009	0,000005
72946,352682	0,000008	0,000008
72956,352182	0,000001	0,000007
72966,351682	0,000004	0,000006
72976,351182	0,000007	0,000004
72986,350682	0,000004	0,000004
72996,350182	0,000005	0,000002
73006,349683	0,000002	0,000003
73016,349183	0,000001	0,000003
73026,348683	0,000005	0,000002
73036,348183	0,000006	0,000004
73046,347683	0,000001	0,000003
73056,347183	0,000001	0,000004
73066,346683	0,000005	0,000004
73076,346183	0,000005	0,000001
73086,345683	0,000001	0,000004
73096,345183	0,000007	0,000004
73106,344683	0,000010	0,000005
73116,344183	0,000005	0,000005
73126,343683	0,000007	0,000010
73136,343183	0,000006	0,000015
73146,342683	0,000002	0,000017
73156,342183	0,000006	0,000013
73166,341683	0,000022	0,000016
73176,341183	0,000022	0,000014
73186,340683	0,000004	0,000004
73196,340183	0,000006	0,000005
73206,339683	0,000004	0,000005
73216,339183	0,000002	0,000002
73226,338683	0,000002	0,000009
73236,338183	0,000002	0,000006
73246,337683	0,000004	0,000007
73256,337183	0,000003	0,000009
73266,336683	0,000010	0,000002
73276,336183	0,000015	0,000005
73286,335683	0,000015	0,000001
73296,335183	0,000007	0,000003
73306,334683	0,000004	0,000003
73316,334183	0,000004	0,000009
73326,333683	0,000002	0,000008
73336,333183	0,000005	0,000002
73346,332683	0,000008	0,000002
73356,332183	0,000005	0,000005
73366,331683	0,000004	0,000005
73376,331183	0,000005	0,000005
73386,330683	0,000006	0,000007
73396,330183	0,000008	0,000006
73406,329684	0,000003	0,000002
73416,329184	0,000008	0,000007
73426,328684	0,000005	0,000006
73436,328184	0,000003	0,000004
73446,327684	0,000005	0,000007
73456,327184	0,000007	0,000006
73466,326684	0,000005	0,000005
73476,326184	0,000001	0,000006
73486,325684	0,000005	0,000005
73496,325184	0,000004	0,000005
73506,324684	0,000004	0,000003
73516,324184	0,000005	0,000005
73526,323684	0,000007	0,000003
73536,323184	0,000007	0,000007
73546,322684	0,000004	0,000002
73556,322184	0,000002	0,000008
73566,321684	0,000003	0,000006
73576,321184	0,000010	0,000001
73586,320684	0,000013	0,000004
73596,320184	0,000010	0,000006
73606,319684	0,000003	0,000007
73616,319184	0,000004	0,000009
73626,318684	0,000005	0,000006
73636,318184	0,000008	0,000011
73646,317684	0,000006	0,000012
73656,317184	0,000004	0,000002
73666,316684	0,000002	0,000001
73676,316184	0,000005	0,000005
73686,315684	0,000002	0,000010
73696,315184	0,000004	0,000010
73706,314684	0,000007	0,000007
73716,314184	0,000008	0,000005
73726,313684	0,000002	0,000005
73736,313184	0,000003	0,000005
73746,312684	0,000003	0,000004
73756,312184	0,000005	0,000003
73766,311684	0,000004	0,000005
73776,311184	0,000007	0,000007
73786,310684	0,000005	0,000007
73796,310184	0,000004	0,000003
73806,309685	0,000003	0,000002
73816,309185	0,000002	0,000007
73826,308685	0,000004	0,000012
73836,308185	0,000004	0,000009
73846,307685	0,000008	0,000002
73856,307185	0,000008	0,000003
73866,306685	0,000006	0,000008
73876,306185	0,000002	0,000008
73886,305685	0,000002	0,000005
73896,305185	0,000006	0,000008
73906,304685	0,000011	0,000007
73916,304185	0,000007	0,000002
73926,303685	0,000002	0,000003
73936,303185	0,000002	0,000005
73946,302685	0,000001	0,000001
73956,302185	0,000003	0,000006
73966,301685	0,000005	0,000006
73976,301185	0,000006	0,000004
73986,300685	0,000006	0,000003
73996,300185	0,000002	0,000006
74006,299685	0,000004	0,000004
74016,299185	0,000004	0,000004
74026,298685	0,000001	0,000002
74036,298185	0,000002	0,000002
74046,297685	0,000007	0,000004
74056,297185	0,000011	0,000007
74066,296685	0,000009	0,000005
74076,296185	0,000004	0,000004
74086,295685	0,000002	0,000005
74096,295185	0,000004	0,000006
74106,294685	0,000004	0,000007
74116,294185	0,000002	0,000006
74126,293685	0,000005	0,000005
74136,293185	0,000005	0,000006
74146,292685	0,000007	0,000007
74156,292185	0,000007	0,000006
74166,291685	0,000002	0,000003
74176,291185	0,000005	0,000005
74186,290685	0,000007	0,000009
74196,290185	0,000008	0,000009
74206,289686	0,000006	0,000007
74216,289186	0,000003	0,000006
74226,288686	0,000000	0,000004
74236,288186	0,000003	0,000001
74246,287686	0,000004	0,000004
74256,287186	0,000001	0,000004
74266,286686	0,000002	0,000005
74276,286186	0,000004	0,000011
74286,285686	0,000004	0,000004
74296,285186	0,000004	0,000004
74306,284686	0,000005	0,000005
74316,284186	0,000001	0,000002
74326,283686	0,000003	0,000002
74336,283186	0,000006	0,000005
74346,282686	0,000009	0,000005
74356,282186	0,000004	0,000002
74366,281686	0,000003	0,000003
74376,281186	0,000003	0,000003
74386,280686	0,000007	0,000007
74396,280186	0,000006	0,000009
74406,279686	0,000002	0,000009
74416,279186	0,000001	0,000009
74426,278686	0,000004	0,000008
74436,278186	0,000008	0,000004
74446,277686	0,000006	0,000002
74456,277186	0,000011	0,000001
74466,276686	0,000009	0,000005
74476,276186	0,000008	0,000004
74486,275686	0,000010	0,000004
74496,275186	0,000004	0,000006
74506,274686	0,000005	0,000002
74516,274186	0,000003	0,000004
74526,273686	0,000007	0,000007
74536,273186	0,000008	0,000005
74546,272686	0,000007	0,000003
74556,272186	0,000008	0,000001
74566,271686	0,000005	0,000002
74576,271186	0,000002	0,000003
74586,270686	0,000002	0,000007
74596,270186	0,000002	0,000008
74606,269687	0,000003	0,000003
74616,269187	0,000008	0,000003
74626,268687	0,000005	0,000004
74636,268187	0,000001	0,000006
74646,267687	0,000002	0,000005
74656,267187	0,000001	0,000008
74666,266687	0,000002	0,000013
74676,266187	0,000002	0,000010
74686,265687	0,000004	0,000005
74696,265187	0,000003	0,000001
74706,264687	0,000007	0,000002
74716,264187	0,000009	0,000004
74726,263687	0,000005	0,000002
74736,263187	0,000004	0,000002
74746,262687	0,000004	0,000005
74756,262187	0,000004	0,000006
74766,261687	0,000004	0,000004
74776,261187	0,000005	0,000004
74786,260687	0,000009	0,000006
74796,260187	0,000010	0,000009
74806,259687	0,000005	0,000010
74816,259187	0,000005	0,000007
74826,258687	0,000005	0,000005
74836,258187	0,000003	0,000003
74846,257687	0,000008	0,000007
74856,257187	0,000011	0,000005
74866,256687	0,000002	0,000001
74876,256187	0,000008	0,000000
74886,255687	0,000003	0,000006
74896,255187	0,000002	0,000010
74906,254687	0,000005	0,000007
74916,254187	0,000005	0,000004
74926,253687	0,000005	0,000006
74936,253187	0,000005	0,000005
74946,252687	0,000002	0,000005
74956,252187	0,000002	0,000005
74966,251687	0,000002	0,000008
74976,251187	0,000001	0,000012
74986,250687	0,000004	0,000010
74996,250187	0,000010	0,000006
75006,249688	0,000007	0,000001
75016,249188	0,000001	0,000004
75026,248688	0,000006	0,000004
75036,248188	0,000006	0,000002
75046,247688	0,000003	0,000001
75056,247188	0,000002	0,000008
75066,246688	0,000001	0,000004
75076,246188	0,000003	0,000005
75086,245688	0,000008	0,000003
75096,245188	0,000009	0,000008
75106,244688	0,000008	0,000006
75116,244188	0,000005	0,000004
75126,243688	0,000004	0,000002
75136,243188	0,000005	0,000002
75146,242688	0,000003	0,000003
75156,242188	0,000006	0,000004
75166,241688	0,000010	0,000007
75176,241188	0,000006	0,000005
75186,240688	0,000002	0,000003
75196,240188	0,000004	0,000001
75206,239688	0,000006	0,000003
75216,239188	0,000008	0,000004
75226,238688	0,000008	0,000001
75236,238188	0,000004	0,000002
75246,237688	0,000009	0,000005
75256,237188	0,000005	0,000007
75266,236688	0,000004	0,000007
75276,236188	0,000002	0,000002
75286,235688	0,000005	0,000002
75296,235188	0,000006	0,000001
75306,234688	0,000000	0,000005
75316,234188	0,000001	0,000007
75326,233688	0,000005	0,000003
75336,233188	0,000001	0,000002
75346,232688	0,000006	0,000005
75356,232188	0,000006	0,000006
75366,231688	0,000005	0,000005
75376,231188	0,000003	0,000004
75386,230688	0,000004	0,000005
75396,230188	0,000004	0,000003
75406,229689	0,000003	0,000004
75416,229189	0,000006	0,000005
75426,228689	0,000001	0,000005
75436,228189	0,000006	0,000009
75446,227689	0,000005	0,000007
75456,227189	0,000008	0,000000
75466,226689	0,000004	0,000000
75476,226189	0,000003	0,000008
75486,225689	0,000002	0,000007
75496,225189	0,000002	0,000005
75506,224689	0,000004	0,000007
75516,224189	0,000007	0,000003
75526,223689	0,000010	0,000002
75536,223189	0,000008	0,000005
75546,222689	0,000005	0,000005
75556,222189	0,000002	0,000002
75566,221689	0,000003	0,000006
75576,221189	0,000004	0,000008
75586,220689	0,000008	0,000008
75596,220189	0,000009	0,000006
75606,219689	0,000008	0,000001
75616,219189	0,000007	0,000003
75626,218689	0,000006	0,000006
75636,218189	0,000000	0,000005
75646,217689	0,000006	0,000002
75656,217189	0,000005	0,000003
75666,216689	0,000001	0,000002
75676,216189	0,000005	0,000003
75686,215689	0,000009	0,000009
75696,215189	0,000008	0,000007
75706,214689	0,000010	0,000003
75716,214189	0,000011	0,000008
75726,213689	0,000012	0,000012
75736,213189	0,000008	0,000005
75746,212689	0,000005	0,000004
75756,212189	0,000004	0,000006
75766,211689	0,000002	0,000008
75776,211189	0,000002	0,000011
75786,210689	0,000005	0,000011
75796,210189	0,000001	0,000009
75806,209690	0,000010	0,000008
75816,209190	0,000010	0,000007
75826,208690	0,000011	0,000004
75836,208190	0,000011	0,000006
75846,207690	0,000010	0,000005
75856,207190	0,000008	0,000004
75866,206690	0,000007	0,000002
75876,206190	0,000002	0,000004
75886,205690	0,000009	0,000004
75896,205190	0,000009	0,000007
75906,204690	0,000003	0,000008
75916,204190	0,000002	0,000006
75926,203690	0,000006	0,000010
75936,203190	0,000009	0,000007
75946,202690	0,000006	0,000005
75956,202190	0,000006	0,000005
75966,201690	0,000008	0,000005
75976,201190	0,000011	0,000004
75986,200690	0,000011	0,000002
75996,200190	0,000008	0,000007
76006,199690	0,000005	0,000007
76016,199190	0,000003	0,000002
76026,198690	0,000006	0,000001
76036,198190	0,000010	0,000005
76046,197690	0,000006	0,000003
76056,197190	0,000001	0,000000
76066,196690	0,000004	0,000003
76076,196190	0,000003	0,000001
76086,195690	0,000005	0,000003
76096,195190	0,000002	0,000004
76106,194690	0,000004	0,000005
76116,194190	0,000001	0,000003
76126,193690	0,000003	0,000004
76136,193190	0,000006	0,000001
76146,192690	0,000005	0,000004
76156,192190	0,000002	0,000006
76166,191690	0,000000	0,000008
76176,191190	0,000005	0,000002
76186,190690	0,000006	0,000005
76196,190190	0,000011	0,000004
76206,189691	0,000005	0,000001
76216,189191	0,000005	0,000002
76226,188691	0,000004	0,000004
76236,188191	0,000002	0,000007
76246,187691	0,000004	0,000006
76256,187191	0,000006	0,000004
76266,186691	0,000005	0,000008
76276,186191	0,000001	0,000006
76286,185691	0,000000	0,000007
76296,185191	0,000002	0,000008
76306,184691	0,000002	0,000010
76316,184191	0,000005	0,000008
76326,183691	0,000005	0,000005
76336,183191	0,000007	0,000004
76346,182691	0,000004	0,000003
76356,182191	0,000005	0,000002
76366,181691	0,000007	0,000001
76376,181191	0,000004	0,000003
76386,180691	0,000003	0,000004
76396,180191	0,000006	0,000006
76406,179691	0,000008	0,000008
76416,179191	0,000006	0,000005
76426,178691	0,000001	0,000006
76436,178191	0,000003	0,000004
76446,177691	0,000005	0,000006
76456,177191	0,000006	0,000013
76466,176691	0,000000	0,000011
76476,176191	0,000001	0,000003
76486,175691	0,000004	0,000003
76496,175191	0,000005	0,000005
76506,174691	0,000006	0,000004
76516,174191	0,000007	0,000005
76526,173691	0,000003	0,000007
76536,173191	0,000004	0,000005
76546,172691	0,000005	0,000005
76556,172191	0,000004	0,000011
76566,171691	0,000007	0,000004
76576,171191	0,000007	0,000003
76586,170691	0,000003	0,000007
76596,170191	0,000008	0,000009
76606,169692	0,000006	0,000003
76616,169192	0,000005	0,000005
76626,168692	0,000005	0,000007
76636,168192	0,000002	0,000002
76646,167692	0,000004	0,000005
76656,167192	0,000005	0,000004
76666,166692	0,000006	0,000003
76676,166192	0,000006	0,000005
76686,165692	0,000002	0,000005
76696,165192	0,000004	0,000005
76706,164692	0,000003	0,000009
76716,164192	0,000005	0,000008
76726,163692	0,000004	0,000004
76736,163192	0,000011	0,000006
76746,162692	0,000003	0,000006
76756,162192	0,000004	0,000008
76766,161692	0,000001	0,000006
76776,161192	0,000002	0,000002
76786,160692	0,000001	0,000003
76796,160192	0,000000	0,000003
76806,159692	0,000003	0,000004
76816,159192	0,000006	0,000003
76826,158692	0,000005	0,000002
76836,158192	0,000002	0,000002
76846,157692	0,000007	0,000005
76856,157192	0,000007	0,000006
76866,156692	0,000006	0,000005
76876,156192	0,000011	0,000005
76886,155692	0,000013	0,000009
76896,155192	0,000009	0,000008
76906,154692	0,000003	0,000001
76916,154192	0,000003	0,000007
76926,153692	0,000003	0,000009
76936,153192	0,000001	0,000008
76946,152692	0,000002	0,000004
76956,152192	0,000005	0,000005
76966,151692	0,000008	0,000006
76976,151192	0,000009	0,000010
76986,150692	0,000006	0,000011
76996,150192	0,000002	0,000010
77006,149693	0,000003	0,000004
77016,149193	0,000003	0,000000
77026,148693	0,000006	0,000004
77036,148193	0,000006	0,000001
77046,147693	0,000002	0,000003
77056,147193	0,000002	0,000004
77066,146693	0,000006	0,000004
77076,146193	0,000003	0,000004
77086,145693	0,000005	0,000004
77096,145193	0,000007	0,000007
77106,144693	0,000006	0,000005
77116,144193	0,000006	0,000007
77126,143693	0,000003	0,000004
77136,143193	0,000009	0,000007
77146,142693	0,000009	0,000007
77156,142193	0,000011	0,000007
77166,141693	0,000003	0,000004
77176,141193	0,000005	0,000002
77186,140693	0,000003	0,000005
77196,140193	0,000008	0,000004
77206,139693	0,000005	0,000005
77216,139193	0,000008	0,000006
77226,138693	0,000006	0,000005
77236,138193	0,000007	0,000003
77246,137693	0,000008	0,000004
77256,137193	0,000007	0,000007
77266,136693	0,000007	0,000008
77276,136193	0,000005	0,000006
77286,135693	0,000009	0,000006
77296,135193	0,000007	0,000006
77306,134693	0,000004	0,000006
77316,134193	0,000007	0,000007
77326,133693	0,000005	0,000010
77336,133193	0,000007	0,000007
77346,132693	0,000007	0,000004
77356,132193	0,000006	0,000003
77366,131693	0,000005	0,000002
77376,131193	0,000008	0,000004
77386,130693	0,000008	0,000006
77396,130193	0,000004	0,000006
77406,129694	0,000001	0,000007
77416,129194	0,000007	0,000008
77426,128694	0,000005	0,000006
77436,128194	0,000003	0,000010
77446,127694	0,000002	0,000006
77456,127194	0,000007	0,000003
77466,126694	0,000006	0,000003
77476,126194	0,000007	0,000004
77486,125694	0,000004	0,000004
77496,125194	0,000004	0,000004
77506,124694	0,000007	0,000005
77516,124194	0,000005	0,000002
77526,123694	0,000002	0,000004
77536,123194	0,000004	0,000013
77546,122694	0,000002	0,000010
77556,122194	0,000002	0,000002
77566,121694	0,000000	0,000001
77576,121194	0,000004	0,000005
77586,120694	0,000003	0,000008
77596,120194	0,000006	0,000008
77606,119694	0,000007	0,000005
77616,119194	0,000006	0,000002
77626,118694	0,000007	0,000004
77636,118194	0,000002	0,000003
77646,117694	0,000004	0,000004
77656,117194	0,000007	0,000004
77666,116694	0,000002	0,000001
77676,116194	0,000008	0,000007
77686,115694	0,000008	0,000006
77696,115194	0,000002	0,000005
77706,114694	0,000002	0,000003
77716,114194	0,000006	0,000006
77726,113694	0,000004	0,000010
77736,113194	0,000003	0,000005
77746,112694	0,000005	0,000002
77756,112194	0,000004	0,000003
77766,111694	0,000005	0,000004
77776,111194	0,000008	0,000003
77786,110694	0,000007	0,000004
77796,110194	0,000004	0,000006
77806,109695	0,000004	0,000004
77816,109195	0,000003	0,000002
77826,108695	0,000003	0,000008
77836,108195	0,000003	0,000008
77846,107695	0,000005	0,000006
77856,107195	0,000008	0,000008
77866,106695	0,000001	0,000009
77876,106195	0,000003	0,000006
77886,105695	0,000003	0,000003
77896,105195	0,000005	0,000002
77906,104695	0,000004	0,000005
77916,104195	0,000007	0,000003
77926,103695	0,000008	0,000004
77936,103195	0,000004	0,000007
77946,102695	0,000000	0,000005
77956,102195	0,000001	0,000005
77966,101695	0,000001	0,000007
77976,101195	0,000002	0,000004
77986,100695	0,000009	0,000002
77996,100195	0,000012	0,000001
78006,099695	0,000003	0,000003
78016,099195	0,000003	0,000005
78026,098695	0,000002	0,000008
78036,098195	0,000005	0,000014
78046,097695	0,000004	0,000012
78056,097195	0,000004	0,000003
78066,096695	0,000001	0,000005
78076,096195	0,000002	0,000005
78086,095695	0,000003	0,000003
78096,095195	0,000002	0,000002
78106,094695	0,000003	0,000004
78116,094195	0,000003	0,000005
78126,093695	0,000004	0,000002
78136,093195	0,000004	0,000006
78146,092695	0,000005	0,000007
78156,092195	0,000006	0,000006
78166,091695	0,000006	0,000007
78176,091195	0,000005	0,000009
78186,090695	0,000001	0,000007
78196,090195	0,000003	0,000005
78206,089696	0,000004	0,000004
78216,089196	0,000006	0,000002
78226,088696	0,000010	0,000001
78236,088196	0,000009	0,000002
78246,087696	0,000007	0,000004
78256,087196	0,000004	0,000005
78266,086696	0,000003	0,000006
78276,086196	0,000007	0,000008
78286,085696	0,000006	0,000002
78296,085196	0,000005	0,000006
78306,084696	0,000003	0,000011
78316,084196	0,000003	0,000007
78326,083696	0,000002	0,000006
78336,083196	0,000001	0,000004
78346,082696	0,000006	0,000002
78356,082196	0,000012	0,000001
78366,081696	0,000009	0,000006
78376,081196	0,000004	0,000011
78386,080696	0,000002	0,000009
78396,080196	0,000003	0,000007
78406,079696	0,000003	0,000003
78416,079196	0,000010	0,000006
78426,078696	0,000010	0,000007
78436,078196	0,000003	0,000005
78446,077696	0,000005	0,000005
78456,077196	0,000009	0,000006
78466,076696	0,000008	0,000006
78476,076196	0,000006	0,000010
78486,075696	0,000006	0,000010
78496,075196	0,000007	0,000012
78506,074696	0,000006	0,000010
78516,074196	0,000004	0,000004
78526,073696	0,000002	0,000002
78536,073196	0,000005	0,000002
78546,072696	0,000001	0,000003
78556,072196	0,000005	0,000001
78566,071696	0,000004	0,000002
78576,071196	0,000004	0,000006
78586,070696	0,000009	0,000010
78596,070196	0,000009	0,000005
78606,069697	0,000008	0,000001
78616,069197	0,000007	0,000004
78626,068697	0,000003	0,000004
78636,068197	0,000005	0,000008
78646,067697	0,000007	0,000010
78656,067197	0,000011	0,000010
78666,066697	0,000011	0,000008
78676,066197	0,000007	0,000009
78686,065697	0,000004	0,000006
78696,065197	0,000003	0,000003
78706,064697	0,000004	0,000009
78716,064197	0,000006	0,000006
78726,063697	0,000006	0,000003
78736,063197	0,000001	0,000003
78746,062697	0,000003	0,000002
78756,062197	0,000006	0,000003
78766,061697	0,000005	0,000003
78776,061197	0,000003	0,000005
78786,060697	0,000011	0,000006
78796,060197	0,000010	0,000011
78806,059697	0,000004	0,000006
78816,059197	0,000009	0,000005
78826,058697	0,000009	0,000005
78836,058197	0,000006	0,000003
78846,057697	0,000005	0,000005
78856,057197	0,000008	0,000005
78866,056697	0,000008	0,000005
78876,056197	0,000003	0,000003
78886,055697	0,000004	0,000009
78896,055197	0,000006	0,000010
78906,054697	0,000003	0,000004
78916,054197	0,000002	0,000002
78926,053697	0,000002	0,000003
78936,053197	0,000004	0,000001
78946,052697	0,000007	0,000004
78956,052197	0,000006	0,000002
78966,051697	0,000005	0,000003
78976,051197	0,000005	0,000002
78986,050697	0,000007	0,000003
78996,050197	0,000006	0,000008
79006,049698	0,000005	0,000006
79016,049198	0,000006	0,000007
79026,048698	0,000003	0,000008
79036,048198	0,000002	0,000008
79046,047698	0,000002	0,000007
79056,047198	0,000007	0,000002
79066,046698	0,000008	0,000003
79076,046198	0,000010	0,000007
79086,045698	0,000007	0,000005
79096,045198	0,000002	0,000002
79106,044698	0,000004	0,000004
79116,044198	0,000006	0,000008
79126,043698	0,000003	0,000007
79136,043198	0,000010	0,000002
79146,042698	0,000009	0,000007
79156,042198	0,000003	0,000004
79166,041698	0,000005	0,000000
79176,041198	0,000007	0,000001
79186,040698	0,000008	0,000001
79196,040198	0,000007	0,000004
79206,039698	0,000008	0,000009
79216,039198	0,000005	0,000010
79226,038698	0,000005	0,000002
79236,038198	0,000003	0,000011
79246,037698	0,000007	0,000009
79256,037198	0,000002	0,000007
79266,036698	0,000005	0,000004
79276,036198	0,000007	0,000003
79286,035698	0,000004	0,000005
79296,035198	0,000004	0,000004
79306,034698	0,000004	0,000001
79316,034198	0,000003	0,000004
79326,033698	0,000007	0,000005
79336,033198	0,000004	0,000001
79346,032698	0,000006	0,000007
79356,032198	0,000004	0,000003
79366,031698	0,000002	0,000007
79376,031198	0,000003	0,000004
79386,030698	0,000006	0,000003
79396,030198	0,000010	0,000004
79406,029699	0,000008	0,000010
79416,029199	0,000005	0,000007
79426,028699	0,000001	0,000000
79436,028199	0,000001	0,000003
79446,027699	0,000002	0,000001
79456,027199	0,000002	0,000004
79466,026699	0,000001	0,000005
79476,026199	0,000003	0,000002
79486,025699	0,000006	0,000004
79496,025199	0,000009	0,000007
79506,024699	0,000005	0,000004
79516,024199	0,000008	0,000003
79526,023699	0,000003	0,000004
79536,023199	0,000004	0,000004
79546,022699	0,000001	0,000003
79556,022199	0,000002	0,000006
79566,021699	0,000003	0,000004
79576,021199	0,000006	0,000004
79586,020699	0,000006	0,000006
79596,020199	0,000004	0,000005
79606,019699	0,000007	0,000002
79616,019199	0,000007	0,000003
79626,018699	0,000005	0,000003
79636,018199	0,000003	0,000006
79646,017699	0,000004	0,000006
79656,017199	0,000003	0,000006
79666,016699	0,000003	0,000004
79676,016199	0,000005	0,000005
79686,015699	0,000005	0,000004
79696,015199	0,000002	0,000002
79706,014699	0,000003	0,000002
79716,014199	0,000000	0,000004
79726,013699	0,000003	0,000006
79736,013199	0,000002	0,000008
79746,012699	0,000001	0,000008
79756,012199	0,000003	0,000004
79766,011699	0,000008	0,000004
79776,011199	0,000007	0,000006
79786,010699	0,000001	0,000005
79796,010199	0,000005	0,000001
79806,009700	0,000008	0,000004
79816,009200	0,000005	0,000006
79826,008700	0,000007	0,000006
79836,008200	0,000005	0,000002
79846,007700	0,000004	0,000003
79856,007200	0,000004	0,000003
79866,006700	0,000007	0,000006
79876,006200	0,000009	0,000007
79886,005700	0,000007	0,000003
79896,005200	0,000004	0,000005
79906,004700	0,000004	0,000010
79916,004200	0,000006	0,000009
79926,003700	0,000006	0,000007
79936,003200	0,000003	0,000006
79946,002700	0,000003	0,000006
79956,002200	0,000005	0,000000
79966,001700	0,000005	0,000004
79976,001200	0,000004	0,000005
79986,000700	0,000007	0,000007
79996,000200	0,000004	0,000006
80005,999700	0,000006	0,000003
80015,999200	0,000002	0,000002
80025,998700	0,000006	0,000006
80035,998200	0,000004	0,000002
80045,997700	0,000005	0,000008
80055,997200	0,000004	0,000008
80065,996700	0,000011	0,000007
80075,996200	0,000013	0,000002
80085,995700	0,000005	0,000004
80095,995200	0,000001	0,000006
80105,994700	0,000002	0,000004
80115,994200	0,000001	0,000004
80125,993700	0,000004	0,000004
80135,993200	0,000005	0,000007
80145,992700	0,000008	0,000009
80155,992200	0,000006	0,000006
80165,991700	0,000001	0,000004
80175,991200	0,000003	0,000001
80185,990700	0,000003	0,000005
80195,990200	0,000002	0,000002
80205,989701	0,000005	0,000005
80215,989201	0,000003	0,000006
80225,988701	0,000001	0,000006
80235,988201	0,000004	0,000003
80245,987701	0,000004	0,000006
80255,987201	0,000003	0,000005
80265,986701	0,000007	0,000003
80275,986201	0,000003	0,000005
80285,985701	0,000005	0,000007
80295,985201	0,000001	0,000010
80305,984701	0,000004	0,000004
80315,984201	0,000004	0,000005
80325,983701	0,000005	0,000001
80335,983201	0,000010	0,000006
80345,982701	0,000008	0,000008
80355,982201	0,000007	0,000008
80365,981701	0,000001	0,000003
80375,981201	0,000003	0,000001
80385,980701	0,000002	0,000003
80395,980201	0,000007	0,000004
80405,979701	0,000002	0,000008
80415,979201	0,000005	0,000005
80425,978701	0,000006	0,000000
80435,978201	0,000003	0,000003
80445,977701	0,000003	0,000004
80455,977201	0,000005	0,000003
80465,976701	0,000004	0,000001
80475,976201	0,000003	0,000002
80485,975701	0,000004	0,000001
80495,975201	0,000002	0,000002
80505,974701	0,000002	0,000002
80515,974201	0,000003	0,000006
80525,973701	0,000005	0,000008
80535,973201	0,000005	0,000008
80545,972701	0,000004	0,000003
80555,972201	0,000003	0,000006
80565,971701	0,000004	0,000005
80575,971201	0,000003	0,000004
80585,970701	0,000002	0,000004
80595,970201	0,000004	0,000001
80605,969702	0,000005	0,000005
80615,969202	0,000005	0,000007
80625,968702	0,000008	0,000002
80635,968202	0,000003	0,000006
80645,967702	0,000006	0,000003
80655,967202	0,000006	0,000004
80665,966702	0,000001	0,000005
80675,966202	0,000005	0,000008
80685,965702	0,000008	0,000007
80695,965202	0,000005	0,000006
80705,964702	0,000001	0,000011
80715,964202	0,000003	0,000007
80725,963702	0,000006	0,000004
80735,963202	0,000004	0,000006
80745,962702	0,000006	0,000008
80755,962202	0,000010	0,000011
80765,961702	0,000008	0,000012
80775,961202	0,000003	0,000008
80785,960702	0,000004	0,000006
80795,960202	0,000006	0,000008
80805,959702	0,000007	0,000007
80815,959202	0,000006	0,000000
80825,958702	0,000002	0,000004
80835,958202	0,000003	0,000003
80845,957702	0,000003	0,000005
80855,957202	0,000003	0,000004
80865,956702	0,000003	0,000005
80875,956202	0,000005	0,000005
80885,955702	0,000005	0,000004
80895,955202	0,000005	0,000003
80905,954702	0,000004	0,000004
80915,954202	0,000005	0,000007
80925,953702	0,000003	0,000009
80935,953202	0,000005	0,000006
80945,952702	0,000010	0,000003
80955,952202	0,000008	0,000005
80965,951702	0,000003	0,000005
80975,951202	0,000002	0,000004
80985,950702	0,000009	0,000008
80995,950202	0,000010	0,000008
81005,949703	0,000008	0,000003
81015,949203	0,000008	0,000003
81025,948703	0,000009	0,000004
81035,948203	0,000006	0,000005
81045,947703	0,000008	0,000009
81055,947203	0,000007	0,000009
81065,946703	0,000006	0,000002
81075,946203	0,000006	0,000005
81085,945703	0,000009	0,000005
81095,945203	0,000006	0,000009
81105,944703	0,000002	0,000009
81115,944203	0,000005	0,000004
81125,943703	0,000010	0,000006
81135,943203	0,000007	0,000004
81145,942703	0,000005	0,000003
81155,942203	0,000006	0,000003
81165,941703	0,000005	0,000003
81175,941203	0,000004	0,000007
81185,940703	0,000005	0,000002
81195,940203	0,000005	0,000004
81205,939703	0,000005	0,000001
81215,939203	0,000002	0,000002
81225,938703	0,000002	0,000003
81235,938203	0,000001	0,000007
81245,937703	0,000004	0,000009
81255,937203	0,000006	0,000009
81265,936703	0,000005	0,000004
81275,936203	0,000003	0,000003
81285,935703	0,000007	0,000005
81295,935203	0,000010	0,000004
81305,934703	0,000007	0,000002
81315,934203	0,000001	0,000003
81325,933703	0,000004	0,000002
81335,933203	0,000003	0,000003
81345,932703	0,000010	0,000003
81355,932203	0,000011	0,000005
81365,931703	0,000007	0,000003
81375,931203	0,000005	0,000002
81385,930703	0,000003	0,000002
81395,930203	0,000006	0,000004
81405,929704	0,000006	0,000005
81415,929204	0,000003	0,000004
81425,928704	0,000005	0,000001
81435,928204	0,000007	0,000004
81445,927704	0,000006	0,000001
81455,927204	0,000004	0,000005
81465,926704	0,000006	0,000006
81475,926204	0,000003	0,000002
81485,925704	0,000004	0,000002
81495,925204	0,000004	0,000002
81505,924704	0,000001	0,000004
81515,924204	0,000002	0,000003
81525,923704	0,000003	0,000001
81535,923204	0,000002	0,000006
81545,922704	0,000005	0,000007
81555,922204	0,000010	0,000007
81565,921704	0,000007	0,000004
81575,921204	0,000004	0,000002
81585,920704	0,000002	0,000002
81595,920204	0,000003	0,000003
81605,919704	0,000002	0,000009
81615,919204	0,000006	0,000008
81625,918704	0,000003	0,000002
81635,918204	0,000002	0,000004
81645,917704	0,000003	0,000003
81655,917204	0,000005	0,000002
81665,916704	0,000006	0,000001
81675,916204	0,000005	0,000005
81685,915704	0,000006	0,000008
81695,915204	0,000008	0,000004
81705,914704	0,000005	0,000003
81715,914204	0,000004	0,000003
81725,913704	0,000005	0,000004
81735,913204	0,000009	0,000005
81745,912704	0,000006	0,000007
81755,912204	0,000003	0,000009
81765,911704	0,000003	0,000010
81775,911204	0,000001	0,000004
81785,910704	0,000007	0,000005
81795,910204	0,000005	0,000007
81805,909705	0,000001	0,000005
81815,909205	0,000001	0,000002
81825,908705	0,000002	0,000007
81835,908205	0,000002	0,000008
81845,907705	0,000003	0,000004
81855,907205	0,000004	0,000003
81865,906705	0,000004	0,000004
81875,906205	0,000004	0,000003
81885,905705	0,000001	0,000001
81895,905205	0,000011	0,000003
81905,904705	0,000016	0,000003
81915,904205	0,000008	0,000005
81925,903705	0,000005	0,000005
81935,903205	0,000003	0,000003
81945,902705	0,000002	0,000001
81955,902205	0,000004	0,000006
81965,901705	0,000003	0,000013
81975,901205	0,000002	0,000014
81985,900705	0,000004	0,000006
81995,900205	0,000002	0,000003
82005,899705	0,000003	0,000004
82015,899205	0,000006	0,000008
82025,898705	0,000007	0,000005
82035,898205	0,000005	0,000001
82045,897705	0,000007	0,000003
82055,897205	0,000006	0,000004
82065,896705	0,000001	0,000005
82075,896205	0,000009	0,000005
82085,895705	0,000011	0,000005
82095,895205	0,000003	0,000003
82105,894705	0,000009	0,000007
82115,894205	0,000010	0,000008
82125,893705	0,000004	0,000001
82135,893205	0,000001	0,000007
82145,892705	0,000006	0,000009
82155,892205	0,000002	0,000010
82165,891705	0,000008	0,000007
82175,891205	0,000006	0,000003
82185,890705	0,000004	0,000007
82195,890205	0,000005	0,000006
82205,889706	0,000009	0,000003
82215,889206	0,000008	0,000002
82225,888706	0,000004	0,000002
82235,888206	0,000002	0,000005
82245,887706	0,000001	0,000002
82255,887206	0,000006	0,000003
82265,886706	0,000005	0,000006
82275,886206	0,000004	0,000005
82285,885706	0,000004	0,000007
82295,885206	0,000002	0,000010
82305,884706	0,000002	0,000006
82315,884206	0,000001	0,000001
82325,883706	0,000003	0,000003
82335,883206	0,000003	0,000005
82345,882706	0,000002	0,000005
82355,882206	0,000003	0,000003
82365,881706	0,000002	0,000002
82375,881206	0,000005	0,000004
82385,880706	0,000005	0,000004
82395,880206	0,000002	0,000005
82405,879706	0,000006	0,000007
82415,879206	0,000007	0,000002
82425,878706	0,000005	0,000003
82435,878206	0,000004	0,000012
82445,877706	0,000003	0,000015
82455,877206	0,000004	0,000010
82465,876706	0,000003	0,000006
82475,876206	0,000003	0,000007
82485,875706	0,000002	0,000009
82495,875206	0,000005	0,000008
82505,874706	0,000003	0,000008
82515,874206	0,000003	0,000007
82525,873706	0,000002	0,000006
82535,873206	0,000007	0,000008
82545,872706	0,000009	0,000004
82555,872206	0,000007	0,000001
82565,871706	0,000003	0,000001
82575,871206	0,000003	0,000003
82585,870706	0,000002	0,000008
82595,870206	0,000006	0,000008
82605,869707	0,000008	0,000003
82615,869207	0,000004	0,000006
82625,868707	0,000004	0,000010
82635,868207	0,000005	0,000009
82645,867707	0,000004	0,000006
82655,867207	0,000000	0,000003
82665,866707	0,000002	0,000005
82675,866207	0,000002	0,000008
82685,865707	0,000007	0,000008
82695,865207	0,000005	0,000004
82705,864707	0,000004	0,000004
82715,864207	0,000004	0,000001
82725,863707	0,000003	0,000002
82735,863207	0,000004	0,000001
82745,862707	0,000007	0,000005
82755,862207	0,000008	0,000005
82765,861707	0,000003	0,000005
82775,861207	0,000003	0,000003
82785,860707	0,000004	0,000006
82795,860207	0,000008	0,000009
82805,859707	0,000003	0,000009
82815,859207	0,000004	0,000005
82825,858707	0,000005	0,000002
82835,858207	0,000006	0,000005
82845,857707	0,000010	0,000006
82855,857207	0,000008	0,000005
82865,856707	0,000002	0,000005
82875,856207	0,000004	0,000005
82885,855707	0,000008	0,000007
82895,855207	0,000008	0,000005
82905,854707	0,000003	0,000003
82915,854207	0,000003	0,000005
82925,853707	0,000003	0,000010
82935,853207	0,000002	0,000009
82945,852707	0,000005	0,000002
82955,852207	0,000005	0,000006
82965,851707	0,000005	0,000008
82975,851207	0,000006	0,000009
82985,850707	0,000003	0,000007
82995,850207	0,000002	0,000001
83005,849708	0,000006	0,000007
83015,849208	0,000007	0,000008
83025,848708	0,000005	0,000004
83035,848208	0,000004	0,000003
83045,847708	0,000002	0,000001
83055,847208	0,000002	0,000004
83065,846708	0,000003	0,000005
83075,846208	0,000004	0,000003
83085,845708	0,000009	0,000003
83095,845208	0,000010	0,000005
83105,844708	0,000007	0,000004
83115,844208	0,000011	0,000006
83125,843708	0,000012	0,000007
83135,843208	0,000007	0,000008
83145,842708	0,000005	0,000010
83155,842208	0,000006	0,000007
83165,841708	0,000004	0,000005
83175,841208	0,000003	0,000004
83185,840708	0,000004	0,000002
83195,840208	0,000003	0,000001
83205,839708	0,000008	0,000001
83215,839208	0,000007	0,000003
83225,838708	0,000006	0,000007
83235,838208	0,000009	0,000003
83245,837708	0,000001	0,000004
83255,837208	0,000005	0,000003
83265,836708	0,000007	0,000001
83275,836208	0,000008	0,000001
83285,835708	0,000005	0,000002
83295,835208	0,000002	0,000001
83305,834708	0,000006	0,000005
83315,834208	0,000004	0,000008
83325,833708	0,000005	0,000010
83335,833208	0,000008	0,000003
83345,832708	0,000003	0,000002
83355,832208	0,000006	0,000001
83365,831708	0,000009	0,000003
83375,831208	0,000008	0,000004
83385,830708	0,000006	0,000002
83395,830208	0,000006	0,000009
83405,829709	0,000004	0,000006
83415,829209	0,000004	0,000006
83425,828709	0,000005	0,000008
83435,828209	0,000002	0,000005
83445,827709	0,000006	0,000004
83455,827209	0,000008	0,000004
83465,826709	0,000004	0,000011
83475,826209	0,000006	0,000011
83485,825709	0,000006	0,000004
83495,825209	0,000004	0,000004
83505,824709	0,000004	0,000003
83515,824209	0,000005	0,000007
83525,823709	0,000004	0,000010
83535,823209	0,000004	0,000005
83545,822709	0,000006	0,000002
83555,822209	0,000008	0,000002
83565,821709	0,000005	0,000004
83575,821209	0,000007	0,000007
83585,820709	0,000006	0,000007
83595,820209	0,000001	0,000003
83605,819709	0,000003	0,000003
83615,819209	0,000003	0,000001
83625,818709	0,000004	0,000008
83635,818209	0,000003	0,000008
83645,817709	0,000006	0,000003
83655,817209	0,000007	0,000005
83665,816709	0,000004	0,000003
83675,816209	0,000004	0,000001
83685,815709	0,000005	0,000004
83695,815209	0,000004	0,000001
83705,814709	0,000005	0,000002
83715,814209	0,000002	0,000005
83725,813709	0,000001	0,000009
83735,813209	0,000006	0,000011
83745,812709	0,000009	0,000007
83755,812209	0,000007	0,000005
83765,811709	0,000006	0,000004
83775,811209	0,000007	0,000008
83785,810709	0,000000	0,000007
83795,810209	0,000004	0,000003
83805,809710	0,000004	0,000002
83815,809210	0,000001	0,000002
83825,808710	0,000001	0,000004
83835,808210	0,000001	0,000003
83845,807710	0,000001	0,000003
83855,807210	0,000004	0,000005
83865,806710	0,000002	0,000004
83875,806210	0,000002	0,000000
83885,805710	0,000002	0,000003
83895,805210	0,000009	0,000006
83905,804710	0,000007	0,000011
83915,804210	0,000003	0,000007
83925,803710	0,000005	0,000004
83935,803210	0,000001	0,000005
83945,802710	0,000007	0,000004
83955,802210	0,000007	0,000003
83965,801710	0,000002	0,000005
83975,801210	0,000004	0,000004
83985,800710	0,000005	0,000001
83995,800210	0,000001	0,000005
84005,799710	0,000003	0,000006
84015,799210	0,000001	0,000007
84025,798710	0,000006	0,000008
84035,798210	0,000004	0,000007
84045,797710	0,000003	0,000006
84055,797210	0,000004	0,000005
84065,796710	0,000004	0,000003
84075,796210	0,000002	0,000002
84085,795710	0,000005	0,000001
84095,795210	0,000001	0,000005
84105,794710	0,000005	0,000006
84115,794210	0,000006	0,000005
84125,793710	0,000007	0,000008
84135,793210	0,000005	0,000004
84145,792710	0,000001	0,000010
84155,792210	0,000004	0,000008
84165,791710	0,000004	0,000005
84175,791210	0,000003	0,000005
84185,790710	0,000003	0,000003
84195,790210	0,000004	0,000004
84205,789711	0,000007	0,000008
84215,789211	0,000011	0,000008
84225,788711	0,000011	0,000004
84235,788211	0,000002	0,000002
84245,787711	0,000003	0,000001
84255,787211	0,000001	0,000001
84265,786711	0,000002	0,000002
84275,786211	0,000004	0,000005
84285,785711	0,000007	0,000006
84295,785211	0,000007	0,000003
84305,784711	0,000005	0,000002
84315,784211	0,000004	0,000004
84325,783711	0,000007	0,000004
84335,783211	0,000009	0,000003
84345,782711	0,000006	0,000003
84355,782211	0,000002	0,000004
84365,781711	0,000002	0,000009
84375,781211	0,000010	0,000009
84385,780711	0,000011	0,000009
84395,780211	0,000004	0,000008
84405,779711	0,000004	0,000006
84415,779211	0,000004	0,000015
84425,778711	0,000005	0,000010
84435,778211	0,000004	0,000003
84445,777711	0,000004	0,000001
84455,777211	0,000004	0,000001
84465,776711	0,000000	0,000006
84475,776211	0,000003	0,000006
84485,775711	0,000005	0,000002
84495,775211	0,000007	0,000006
84505,774711	0,000007	0,000007
84515,774211	0,000002	0,000006
84525,773711	0,000012	0,000003
84535,773211	0,000009	0,000003
84545,772711	0,000004	0,000004
84555,772211	0,000011	0,000006
84565,771711	0,000012	0,000004
84575,771211	0,000006	0,000003
84585,770711	0,000006	0,000001
84595,770211	0,000003	0,000004
84605,769712	0,000004	0,000002
84615,769212	0,000008	0,000005
84625,768712	0,000003	0,000004
84635,768212	0,000003	0,000003
84645,767712	0,000003	0,000005
84655,767212	0,000003	0,000002
84665,766712	0,000006	0,000003
84675,766212	0,000007	0,000007
84685,765712	0,000005	0,000004
84695,765212	0,000004	0,000005
84705,764712	0,000006	0,000004
84715,764212	0,000006	0,000001
84725,763712	0,000004	0,000003
84735,763212	0,000002	0,000004
84745,762712	0,000007	0,000005
84755,762212	0,000010	0,000005
84765,761712	0,000006	0,000005
84775,761212	0,000002	0,000003
84785,760712	0,000005	0,000005
84795,760212	0,000004	0,000009
84805,759712	0,000004	0,000006
84815,759212	0,000002	0,000007
84825,758712	0,000002	0,000005
84835,758212	0,000003	0,000005
84845,757712	0,000001	0,000006
84855,757212	0,000003	0,000003
84865,756712	0,000005	0,000005
84875,756212	0,000007	0,000004
84885,755712	0,000006	0,000001
84895,755212	0,000014	0,000002
84905,754712	0,000015	0,000005
84915,754212	0,000008	0,000001
84925,753712	0,000001	0,000003
84935,753212	0,000004	0,000004
84945,752712	0,000005	0,000006
84955,752212	0,000004	0,000002
84965,751712	0,000003	0,000004
84975,751212	0,000004	0,000003
84985,750712	0,000003	0,000003
84995,750212	0,000004	0,000007
85005,749713	0,000005	0,000007
85015,749213	0,000001	0,000007
85025,748713	0,000002	0,000006
85035,748213	0,000011	0,000009
85045,747713	0,000010	0,000004
85055,747213	0,000006	0,000007
85065,746713	0,000002	0,000006
85075,746213	0,000006	0,000002
85085,745713	0,000006	0,000005
85095,745213	0,000004	0,000006
85105,744713	0,000008	0,000002
85115,744213	0,000003	0,000004
85125,743713	0,000003	0,000009
85135,743213	0,000004	0,000008
85145,742713	0,000002	0,000007
85155,742213	0,000005	0,000004
85165,741713	0,000009	0,000004
85175,741213	0,000006	0,000005
85185,740713	0,000015	0,000004
85195,740213	0,000013	0,000003
85205,739713	0,000005	0,000001
85215,739213	0,000004	0,000004
85225,738713	0,000003	0,000007
85235,738213	0,000002	0,000004
85245,737713	0,000001	0,000004
85255,737213	0,000002	0,000007
85265,736713	0,000006	0,000003
85275,736213	0,000007	0,000003
85285,735713	0,000005	0,000004
85295,735213	0,000008	0,000004
85305,734713	0,000010	0,000004
85315,734213	0,000006	0,000001
85325,733713	0,000005	0,000002
85335,733213	0,000003	0,000001
85345,732713	0,000006	0,000004
85355,732213	0,000012	0,000006
85365,731713	0,000012	0,000003
85375,731213	0,000007	0,000005
85385,730713	0,000006	0,000006
85395,730213	0,000006	0,000004
85405,729714	0,000008	0,000003
85415,729214	0,000009	0,000001
85425,728714	0,000009	0,000007
85435,728214	0,000011	0,000008
85445,727714	0,000005	0,000008
85455,727214	0,000004	0,000007
85465,726714	0,000003	0,000001
85475,726214	0,000005	0,000004
85485,725714	0,000009	0,000002
85495,725214	0,000010	0,000004
85505,724714	0,000006	0,000004
85515,724214	0,000003	0,000007
85525,723714	0,000002	0,000006
85535,723214	0,000005	0,000003
85545,722714	0,000008	0,000005
85555,722214	0,000006	0,000004
85565,721714	0,000005	0,000004
85575,721214	0,000005	0,000001
85585,720714	0,000009	0,000003
85595,720214	0,000012	0,000002
85605,719714	0,000011	0,000003
85615,719214	0,000004	0,000004
85625,718714	0,000003	0,000004
85635,718214	0,000004	0,000006
85645,717714	0,000002	0,000004
85655,717214	0,000004	0,000003
85665,716714	0,000003	0,000002
85675,716214	0,000001	0,000002
85685,715714	0,000003	0,000007
85695,715214	0,000003	0,000011
85705,714714	0,000009	0,000009
85715,714214	0,000013	0,000005
85725,713714	0,000014	0,000006
85735,713214	0,000008	0,000003
85745,712714	0,000005	0,000002
85755,712214	0,000013	0,000005
85765,711714	0,000011	0,000008
85775,711214	0,000004	0,000008
85785,710714	0,000004	0,000008
85795,710214	0,000005	0,000008
85805,709715	0,000008	0,000005
85815,709215	0,000005	0,000006
85825,708715	0,000005	0,000001
85835,708215	0,000006	0,000003
85845,707715	0,000004	0,000009
85855,707215	0,000006	0,000008
85865,706715	0,000002	0,000010
85875,706215	0,000008	0,000010
85885,705715	0,000010	0,000010
85895,705215	0,000008	0,000010
85905,704715	0,000005	0,000005
85915,704215	0,000001	0,000004
85925,703715	0,000006	0,000008
85935,703215	0,000005	0,000006
85945,702715	0,000010	0,000008
85955,702215	0,000010	0,000008
85965,701715	0,000008	0,000006
85975,701215	0,000006	0,000003
85985,700715	0,000005	0,000005
85995,700215	0,000005	0,000004
86005,699715	0,000006	0,000003
86015,699215	0,000009	0,000003
86025,698715	0,000008	0,000004
86035,698215	0,000010	0,000004
86045,697715	0,000010	0,000008
86055,697215	0,000008	0,000002
86065,696715	0,000007	0,000008
86075,696215	0,000007	0,000007
86085,695715	0,000005	0,000013
86095,695215	0,000008	0,000016
86105,694715	0,000016	0,000006
86115,694215	0,000017	0,000008
86125,693715	0,000009	0,000011
86135,693215	0,000000	0,000002
86145,692715	0,000005	0,000003
86155,692215	0,000009	0,000006
86165,691715	0,000007	0,000002
86175,691215	0,000008	0,000003
86185,690715	0,000008	0,000003
86195,690215	0,000002	0,000002
86205,689716	0,000002	0,000003
86215,689216	0,000003	0,000006
86225,688716	0,000008	0,000008
86235,688216	0,000005	0,000008
86245,687716	0,000001	0,000006
86255,687216	0,000004	0,000004
86265,686716	0,000003	0,000004
86275,686216	0,000004	0,000006
86285,685716	0,000007	0,000004
86295,685216	0,000003	0,000011
86305,684716	0,000003	0,000012
86315,684216	0,000003	0,000009
86325,683716	0,000005	0,000006
86335,683216	0,000004	0,000004
86345,682716	0,000003	0,000007
86355,682216	0,000005	0,000008
86365,681716	0,000001	0,000007
86375,681216	0,000007	0,000005
86385,680716	0,000014	0,000007
86395,680216	0,000011	0,000007
86405,679716	0,000002	0,000001
86415,679216	0,000001	0,000003
86425,678716	0,000004	0,000003
86435,678216	0,000007	0,000002
86445,677716	0,000005	0,000001
86455,677216	0,000005	0,000004
86465,676716	0,000005	0,000008
86475,676216	0,000004	0,000005
86485,675716	0,000003	0,000003
86495,675216	0,000003	0,000005
86505,674716	0,000002	0,000004
86515,674216	0,000002	0,000003
86525,673716	0,000001	0,000003
86535,673216	0,000002	0,000005
86545,672716	0,000002	0,000010
86555,672216	0,000001	0,000009
86565,671716	0,000008	0,000001
86575,671216	0,000013	0,000004
86585,670716	0,000006	0,000005
86595,670216	0,000003	0,000006
86605,669717	0,000009	0,000006
86615,669217	0,000008	0,000006
86625,668717	0,000002	0,000008
86635,668217	0,000002	0,000001
86645,667717	0,000003	0,000010
86655,667217	0,000006	0,000010
86665,666717	0,000006	0,000006
86675,666217	0,000005	0,000003
86685,665717	0,000007	0,000010
86695,665217	0,000010	0,000004
86705,664717	0,000009	0,000007
86715,664217	0,000002	0,000001
86725,663717	0,000010	0,000008
86735,663217	0,000010	0,000005
86745,662717	0,000011	0,000010
86755,662217	0,000005	0,000009
86765,661717	0,000009	0,000004
86775,661217	0,000015	0,000011
86785,660717	0,000029	0,000020
86795,660217	0,000040	0,000037
86805,659717	0,000036	0,000039
86815,659217	0,000032	0,000027
86825,658717	0,000026	0,000028
86835,658217	0,000020	0,000026
86845,657717	0,000018	0,000020
86855,657217	0,000028	0,000027
86865,656717	0,000046	0,000039
86875,656217	0,000042	0,000029
86885,655717	0,000046	0,000040
86895,655217	0,000035	0,000030
86905,654717	0,000011	0,000008
86915,654217	0,000003	0,000009
86925,653717	0,000005	0,000012
86935,653217	0,000013	0,000020
86945,652717	0,000013	0,000019
86955,652217	0,000013	0,000015
86965,651717	0,000006	0,000004
86975,651217	0,000005	0,000005
86985,650717	0,000002	0,000008
86995,650217	0,000002	0,000012
87005,649718	0,000004	0,000008
87015,649218	0,000012	0,000010
87025,648718	0,000011	0,000008
87035,648218	0,000011	0,000007
87045,647718	0,000007	0,000005
87055,647218	0,000002	0,000011
87065,646718	0,000005	0,000011
87075,646218	0,000002	0,000002
87085,645718	0,000007	0,000006
87095,645218	0,000006	0,000005
87105,644718	0,000002	0,000007
87115,644218	0,000006	0,000004
87125,643718	0,000011	0,000006
87135,643218	0,000009	0,000003
87145,642718	0,000007	0,000005
87155,642218	0,000003	0,000008
87165,641718	0,000003	0,000008
87175,641218	0,000007	0,000006
87185,640718	0,000011	0,000003
87195,640218	0,000010	0,000004
87205,639718	0,000005	0,000003
87215,639218	0,000004	0,000002
87225,638718	0,000009	0,000004
87235,638218	0,000007	0,000004
87245,637718	0,000001	0,000003
87255,637218	0,000003	0,000007
87265,636718	0,000006	0,000007
87275,636218	0,000007	0,000008
87285,635718	0,000003	0,000006
87295,635218	0,000002	0,000002
87305,634718	0,000003	0,000001
87315,634218	0,000006	0,000004
87325,633718	0,000007	0,000005
87335,633218	0,000004	0,000005
87345,632718	0,000005	0,000011
87355,632218	0,000005	0,000008
87365,631718	0,000000	0,000009
87375,631218	0,000003	0,000009
87385,630718	0,000007	0,000003
87395,630218	0,000003	0,000006
87405,629719	0,000007	0,000007
87415,629219	0,000010	0,000003
87425,628719	0,000003	0,000004
87435,628219	0,000006	0,000005
87445,627719	0,000004	0,000006
87455,627219	0,000002	0,000006
87465,626719	0,000005	0,000010
87475,626219	0,000003	0,000009
87485,625719	0,000007	0,000006
87495,625219	0,000013	0,000008
87505,624719	0,000011	0,000004
87515,624219	0,000000	0,000002
87525,623719	0,000005	0,000003
87535,623219	0,000002	0,000006
87545,622719	0,000001	0,000003
87555,622219	0,000003	0,000004
87565,621719	0,000008	0,000005
87575,621219	0,000007	0,000004
87585,620719	0,000006	0,000003
87595,620219	0,000005	0,000004
87605,619719	0,000003	0,000005
87615,619219	0,000000	0,000004
87625,618719	0,000001	0,000005
87635,618219	0,000001	0,000009
87645,617719	0,000003	0,000008
87655,617219	0,000003	0,000004
87665,616719	0,000002	0,000001
87675,616219	0,000005	0,000003
87685,615719	0,000006	0,000003
87695,615219	0,000003	0,000002
87705,614719	0,000004	0,000004
87715,614219	0,000005	0,000004
87725,613719	0,000006	0,000004
87735,613219	0,000005	0,000004
87745,612719	0,000007	0,000006
87755,612219	0,000010	0,000005
87765,611719	0,000006	0,000002
87775,611219	0,000003	0,000005
87785,610719	0,000007	0,000001
87795,610219	0,000009	0,000007
87805,609720	0,000007	0,000003
87815,609220	0,000006	0,000005
87825,608720	0,000002	0,000004
87835,608220	0,000001	0,000001
87845,607720	0,000002	0,000005
87855,607220	0,000005	0,000007
87865,606720	0,000008	0,000006
87875,606220	0,000010	0,000003
87885,605720	0,000012	0,000004
87895,605220	0,000008	0,000004
87905,604720	0,000005	0,000006
87915,604220	0,000003	0,000007
87925,603720	0,000003	0,000007
87935,603220	0,000001	0,000006
87945,602720	0,000002	0,000009
87955,602220	0,000006	0,000005
87965,601720	0,000009	0,000005
87975,601220	0,000008	0,000004
87985,600720	0,000008	0,000008
87995,600220	0,000009	0,000007
88005,599720	0,000004	0,000002
88015,599220	0,000003	0,000005
88025,598720	0,000005	0,000005
88035,598220	0,000001	0,000003
88045,597720	0,000001	0,000003
88055,597220	0,000005	0,000002
88065,596720	0,000012	0,000010
88075,596220	0,000009	0,000012
88085,595720	0,000003	0,000008
88095,595220	0,000004	0,000006
88105,594720	0,000005	0,000004
88115,594220	0,000006	0,000003
88125,593720	0,000009	0,000001
88135,593220	0,000005	0,000002
88145,592720	0,000005	0,000004
88155,592220	0,000006	0,000002
88165,591720	0,000004	0,000004
88175,591220	0,000006	0,000001
88185,590720	0,000003	0,000006
88195,590220	0,000001	0,000006
88205,589721	0,000012	0,000006
88215,589221	0,000010	0,000007
88225,588721	0,000004	0,000002
88235,588221	0,000003	0,000005
88245,587721	0,000002	0,000007
88255,587221	0,000005	0,000000
88265,586721	0,000004	0,000007
88275,586221	0,000003	0,000012
88285,585721	0,000001	0,000010
88295,585221	0,000003	0,000006
88305,584721	0,000006	0,000002
88315,584221	0,000008	0,000004
88325,583721	0,000008	0,000001
88335,583221	0,000008	0,000003
88345,582721	0,000003	0,000000
88355,582221	0,000008	0,000006
88365,581721	0,000005	0,000007
88375,581221	0,000004	0,000005
88385,580721	0,000006	0,000005
88395,580221	0,000006	0,000002
88405,579721	0,000006	0,000007
88415,579221	0,000003	0,000003
88425,578721	0,000003	0,000007
88435,578221	0,000006	0,000007
88445,577721	0,000006	0,000004
88455,577221	0,000006	0,000004
88465,576721	0,000003	0,000006
88475,576221	0,000000	0,000009
88485,575721	0,000002	0,000004
88495,575221	0,000003	0,000004
88505,574721	0,000003	0,000005
88515,574221	0,000006	0,000004
88525,573721	0,000010	0,000004
88535,573221	0,000010	0,000002
88545,572721	0,000005	0,000002
88555,572221	0,000001	0,000001
88565,571721	0,000002	0,000005
88575,571221	0,000003	0,000003
88585,570721	0,000002	0,000006
88595,570221	0,000004	0,000004
88605,569722	0,000005	0,000005
88615,569222	0,000001	0,000002
88625,568722	0,000007	0,000003
88635,568222	0,000004	0,000003
88645,567722	0,000002	0,000005
88655,567222	0,000003	0,000008
88665,566722	0,000000	0,000008
88675,566222	0,000004	0,000011
88685,565722	0,000002	0,000013
88695,565222	0,000007	0,000006
88705,564722	0,000006	0,000008
88715,564222	0,000002	0,000009
88725,563722	0,000007	0,000005
88735,563222	0,000009	0,000002
88745,562722	0,000007	0,000004
88755,562222	0,000009	0,000005
88765,561722	0,000011	0,000003
88775,561222	0,000002	0,000005
88785,560722	0,000004	0,000004
88795,560222	0,000004	0,000005
88805,559722	0,000004	0,000009
88815,559222	0,000004	0,000003
88825,558722	0,000001	0,000002
88835,558222	0,000004	0,000004
88845,557722	0,000005	0,000006
88855,557222	0,000011	0,000006
88865,556722	0,000010	0,000002
88875,556222	0,000008	0,000007
88885,555722	0,000003	0,000005
88895,555222	0,000005	0,000003
88905,554722	0,000008	0,000005
88915,554222	0,000010	0,000003
88925,553722	0,000007	0,000008
88935,553222	0,000006	0,000008
88945,552722	0,000002	0,000008
88955,552222	0,000006	0,000006
88965,551722	0,000008	0,000001
88975,551222	0,000009	0,000005
88985,550722	0,000006	0,000002
88995,550222	0,000001	0,000005
89005,549723	0,000003	0,000005
89015,549223	0,000001	0,000005
89025,548723	0,000006	0,000006
89035,548223	0,000007	0,000001
89045,547723	0,000005	0,000001
89055,547223	0,000002	0,000006
89065,546723	0,000003	0,000004
89075,546223	0,000004	0,000003
89085,545723	0,000005	0,000006
89095,545223	0,000005	0,000002
89105,544723	0,000002	0,000004
89115,544223	0,000006	0,000002
89125,543723	0,000004	0,000005
89135,543223	0,000005	0,000005
89145,542723	0,000002	0,000003
89155,542223	0,000002	0,000003
89165,541723	0,000007	0,000004
89175,541223	0,000010	0,000004
89185,540723	0,000007	0,000003
89195,540223	0,000004	0,000006
89205,539723	0,000001	0,000007
89215,539223	0,000006	0,000005
89225,538723	0,000008	0,000003
89235,538223	0,000004	0,000007
89245,537723	0,000005	0,000005
89255,537223	0,000011	0,000004
89265,536723	0,000007	0,000005
89275,536223	0,000003	0,000006
89285,535723	0,000008	0,000004
89295,535223	0,000007	0,000004
89305,534723	0,000002	0,000003
89315,534223	0,000003	0,000002
89325,533723	0,000004	0,000005
89335,533223	0,000004	0,000009
89345,532723	0,000004	0,000010
89355,532223	0,000003	0,000003
89365,531723	0,000006	0,000009
89375,531223	0,000008	0,000009
89385,530723	0,000001	0,000003
89395,530223	0,000003	0,000007
89405,529724	0,000001	0,000006
89415,529224	0,000003	0,000004
89425,528724	0,000003	0,000005
89435,528224	0,000004	0,000006
89445,527724	0,000003	0,000005
89455,527224	0,000004	0,000010
89465,526724	0,000006	0,000010
89475,526224	0,000007	0,000005
89485,525724	0,000004	0,000006
89495,525224	0,000000	0,000004
89505,524724	0,000005	0,000004
89515,524224	0,000004	0,000005
89525,523724	0,000003	0,000005
89535,523224	0,000007	0,000006
89545,522724	0,000005	0,000003
89555,522224	0,000006	0,000006
89565,521724	0,000003	0,000004
89575,521224	0,000006	0,000009
89585,520724	0,000005	0,000015
89595,520224	0,000006	0,000011
89605,519724	0,000007	0,000009
89615,519224	0,000008	0,000013
89625,518724	0,000009	0,000013
89635,518224	0,000010	0,000009
89645,517724	0,000006	0,000006
89655,517224	0,000004	0,000001
89665,516724	0,000000	0,000007
89675,516224	0,000003	0,000005
89685,515724	0,000001	0,000003
89695,515224	0,000003	0,000001
89705,514724	0,000005	0,000002
89715,514224	0,000012	0,000007
89725,513724	0,000009	0,000010
89735,513224	0,000004	0,000005
89745,512724	0,000003	0,000002
89755,512224	0,000003	0,000004
89765,511724	0,000007	0,000004
89775,511224	0,000005	0,000003
89785,510724	0,000008	0,000008
89795,510224	0,000008	0,000007
89805,509725	0,000001	0,000006
89815,509225	0,000003	0,000004
89825,508725	0,000004	0,000002
89835,508225	0,000004	0,000004
89845,507725	0,000004	0,000003
89855,507225	0,000008	0,000004
89865,506725	0,000009	0,000007
89875,506225	0,000006	0,000006
89885,505725	0,000002	0,000001
89895,505225	0,000004	0,000006
89905,504725	0,000006	0,000008
89915,504225	0,000006	0,000004
89925,503725	0,000004	0,000001
89935,503225	0,000006	0,000002
89945,502725	0,000008	0,000003
89955,502225	0,000001	0,000005
89965,501725	0,000006	0,000005
89975,501225	0,000010	0,000005
89985,500725	0,000011	0,000005
89995,500225	0,000007	0,000006
90005,499725	0,000001	0,000009
90015,499225	0,000002	0,000009
90025,498725	0,000003	0,000005
90035,498225	0,000003	0,000006
90045,497725	0,000002	0,000007
90055,497225	0,000001	0,000004
90065,496725	0,000004	0,000005
90075,496225	0,000006	0,000005
90085,495725	0,000010	0,000001
90095,495225	0,000010	0,000003
90105,494725	0,000010	0,000003
90115,494225	0,000006	0,000002
90125,493725	0,000003	0,000004
90135,493225	0,000009	0,000009
90145,492725	0,000008	0,000007
90155,492225	0,000003	0,000005
90165,491725	0,000005	0,000005
90175,491225	0,000006	0,000003
90185,490725	0,000003	0,000004
90195,490225	0,000003	0,000004
90205,489726	0,000007	0,000006
90215,489226	0,000008	0,000004
90225,488726	0,000011	0,000005
90235,488226	0,000006	0,000007
90245,487726	0,000001	0,000001
90255,487226	0,000007	0,000005
90265,486726	0,000011	0,000006
90275,486226	0,000009	0,000007
90285,485726	0,000002	0,000011
90295,485226	0,000004	0,000009
90305,484726	0,000001	0,000002
90315,484226	0,000006	0,000004
90325,483726	0,000003	0,000006
90335,483226	0,000002	0,000007
90345,482726	0,000002	0,000001
90355,482226	0,000005	0,000006
90365,481726	0,000008	0,000005
90375,481226	0,000006	0,000002
90385,480726	0,000003	0,000004
90395,480226	0,000003	0,000005
90405,479726	0,000003	0,000003
90415,479226	0,000002	0,000002
90425,478726	0,000002	0,000006
90435,478226	0,000005	0,000004
90445,477726	0,000008	0,000003
90455,477226	0,000007	0,000005
90465,476726	0,000006	0,000003
90475,476226	0,000005	0,000002
90485,475726	0,000007	0,000003
90495,475226	0,000006	0,000004
90505,474726	0,000005	0,000002
90515,474226	0,000004	0,000002
90525,473726	0,000002	0,000002
90535,473226	0,000005	0,000003
90545,472726	0,000002	0,000003
90555,472226	0,000005	0,000008
90565,471726	0,000005	0,000009
90575,471226	0,000004	0,000005
90585,470726	0,000004	0,000004
90595,470226	0,000005	0,000004
90605,469727	0,000006	0,000008
90615,469227	0,000008	0,000005
90625,468727	0,000006	0,000003
90635,468227	0,000002	0,000007
90645,467727	0,000005	0,000005
90655,467227	0,000005	0,000003
90665,466727	0,000005	0,000005
90675,466227	0,000004	0,000004
90685,465727	0,000006	0,000004
90695,465227	0,000007	0,000005
90705,464727	0,000003	0,000010
90715,464227	0,000003	0,000004
90725,463727	0,000004	0,000004
90735,463227	0,000000	0,000003
90745,462727	0,000003	0,000003
90755,462227	0,000002	0,000001
90765,461727	0,000002	0,000004
90775,461227	0,000006	0,000004
90785,460727	0,000006	0,000001
90795,460227	0,000002	0,000002
90805,459727	0,000008	0,000001
90815,459227	0,000012	0,000003
90825,458727	0,000010	0,000003
90835,458227	0,000005	0,000004
90845,457727	0,000004	0,000004
90855,457227	0,000004	0,000005
90865,456727	0,000005	0,000001
90875,456227	0,000006	0,000007
90885,455727	0,000008	0,000012
90895,455227	0,000014	0,000010
90905,454727	0,000010	0,000008
90915,454227	0,000002	0,000006
90925,453727	0,000001	0,000008
90935,453227	0,000003	0,000006
90945,452727	0,000004	0,000002
90955,452227	0,000004	0,000005
90965,451727	0,000005	0,000002
90975,451227	0,000007	0,000003
90985,450727	0,000002	0,000004
90995,450227	0,000006	0,000006
91005,449728	0,000010	0,000002
91015,449228	0,000004	0,000004
91025,448728	0,000004	0,000005
91035,448228	0,000009	0,000004
91045,447728	0,000006	0,000004
91055,447228	0,000003	0,000002
91065,446728	0,000001	0,000005
91075,446228	0,000002	0,000004
91085,445728	0,000002	0,000005
91095,445228	0,000006	0,000004
91105,444728	0,000008	0,000002
91115,444228	0,000006	0,000003
91125,443728	0,000002	0,000004
91135,443228	0,000005	0,000003
91145,442728	0,000004	0,000003
91155,442228	0,000006	0,000006
91165,441728	0,000005	0,000005
91175,441228	0,000006	0,000007
91185,440728	0,000006	0,000008
91195,440228	0,000006	0,000002
91205,439728	0,000006	0,000006
91215,439228	0,000009	0,000007
91225,438728	0,000009	0,000009
91235,438228	0,000004	0,000009
91245,437728	0,000002	0,000004
91255,437228	0,000007	0,000009
91265,436728	0,000007	0,000005
91275,436228	0,000003	0,000004
91285,435728	0,000004	0,000004
91295,435228	0,000010	0,000002
91305,434728	0,000013	0,000001
91315,434228	0,000012	0,000003
91325,433728	0,000008	0,000006
91335,433228	0,000006	0,000008
91345,432728	0,000003	0,000005
91355,432228	0,000004	0,000005
91365,431728	0,000005	0,000010
91375,431228	0,000006	0,000009
91385,430728	0,000006	0,000007
91395,430228	0,000009	0,000003
91405,429729	0,000006	0,000001
91415,429229	0,000002	0,000002
91425,428729	0,000002	0,000006
91435,428229	0,000002	0,000008
91445,427729	0,000003	0,000007
91455,427229	0,000009	0,000007
91465,426729	0,000007	0,000003
91475,426229	0,000004	0,000007
91485,425729	0,000007	0,000012
91495,425229	0,000001	0,000008
91505,424729	0,000004	0,000007
91515,424229	0,000004	0,000003
91525,423729	0,000008	0,000004
91535,423229	0,000004	0,000004
91545,422729	0,000005	0,000004
91555,422229	0,000006	0,000007
91565,421729	0,000005	0,000010
91575,421229	0,000003	0,000012
91585,420729	0,000005	0,000008
91595,420229	0,000007	0,000004
91605,419729	0,000006	0,000005
91615,419229	0,000005	0,000006
91625,418729	0,000007	0,000004
91635,418229	0,000009	0,000004
91645,417729	0,000005	0,000009
91655,417229	0,000006	0,000011
91665,416729	0,000010	0,000007
91675,416229	0,000009	0,000008
91685,415729	0,000007	0,000003
91695,415229	0,000004	0,000007
91705,414729	0,000004	0,000015
91715,414229	0,000007	0,000011
91725,413729	0,000002	0,000006
91735,413229	0,000006	0,000004
91745,412729	0,000006	0,000001
91755,412229	0,000007	0,000004
91765,411729	0,000005	0,000006
91775,411229	0,000004	0,000005
91785,410729	0,000003	0,000007
91795,410229	0,000005	0,000005
91805,409730	0,000006	0,000002
91815,409230	0,000002	0,000005
91825,408730	0,000003	0,000005
91835,408230	0,000001	0,000004
91845,407730	0,000004	0,000004
91855,407230	0,000007	0,000007
91865,406730	0,000006	0,000006
91875,406230	0,000004	0,000004
91885,405730	0,000002	0,000005
91895,405230	0,000005	0,000001
91905,404730	0,000002	0,000006
91915,404230	0,000005	0,000003
91925,403730	0,000010	0,000007
91935,403230	0,000010	0,000014
91945,402730	0,000007	0,000009
91955,402230	0,000004	0,000001
91965,401730	0,000007	0,000004
91975,401230	0,000013	0,000003
91985,400730	0,000013	0,000004
91995,400230	0,000010	0,000002
92005,399730	0,000008	0,000005
92015,399230	0,000003	0,000007
92025,398730	0,000005	0,000008
92035,398230	0,000006	0,000005
92045,397730	0,000006	0,000007
92055,397230	0,000010	0,000002
92065,396730	0,000009	0,000004
92075,396230	0,000005	0,000004
92085,395730	0,000003	0,000005
92095,395230	0,000007	0,000007
92105,394730	0,000007	0,000006
92115,394230	0,000007	0,000005
92125,393730	0,000004	0,000003
92135,393230	0,000002	0,000006
92145,392730	0,000005	0,000005
92155,392230	0,000004	0,000003
92165,391730	0,000005	0,000002
92175,391230	0,000009	0,000001
92185,390730	0,000009	0,000004
92195,390230	0,000008	0,000004
92205,389731	0,000004	0,000003
92215,389231	0,000001	0,000002
92225,388731	0,000005	0,000001
92235,388231	0,000005	0,000001
92245,387731	0,000006	0,000008
92255,387231	0,000008	0,000010
92265,386731	0,000004	0,000006
92275,386231	0,000003	0,000002
92285,385731	0,000005	0,000005
92295,385231	0,000006	0,000007
92305,384731	0,000007	0,000008
92315,384231	0,000008	0,000006
92325,383731	0,000004	0,000002
92335,383231	0,000004	0,000003
92345,382731	0,000005	0,000009
92355,382231	0,000005	0,000011
92365,381731	0,000009	0,000007
92375,381231	0,000005	0,000004
92385,380731	0,000002	0,000002
92395,380231	0,000003	0,000004
92405,379731	0,000005	0,000002
92415,379231	0,000007	0,000004
92425,378731	0,000007	0,000007
92435,378231	0,000005	0,000004
92445,377731	0,000006	0,000007
92455,377231	0,000006	0,000008
92465,376731	0,000005	0,000007
92475,376231	0,000005	0,000006
92485,375731	0,000007	0,000003
92495,375231	0,000006	0,000003
92505,374731	0,000006	0,000007
92515,374231	0,000007	0,000007
92525,373731	0,000005	0,000006
92535,373231	0,000003	0,000007
92545,372731	0,000007	0,000007
92555,372231	0,000008	0,000011
92565,371731	0,000005	0,000009
92575,371231	0,000003	0,000004
92585,370731	0,000004	0,000006
92595,370231	0,000004	0,000006
92605,369732	0,000003	0,000005
92615,369232	0,000004	0,000002
92625,368732	0,000001	0,000006
92635,368232	0,000005	0,000006
92645,367732	0,000005	0,000001
92655,367232	0,000003	0,000010
92665,366732	0,000009	0,000003
92675,366232	0,000010	0,000007
92685,365732	0,000005	0,000004
92695,365232	0,000005	0,000005
92705,364732	0,000007	0,000007
92715,364232	0,000008	0,000012
92725,363732	0,000003	0,000012
92735,363232	0,000006	0,000005
92745,362732	0,000001	0,000005
92755,362232	0,000005	0,000008
92765,361732	0,000006	0,000009
92775,361232	0,000006	0,000007
92785,360732	0,000005	0,000003
92795,360232	0,000001	0,000005
92805,359732	0,000002	0,000004
92815,359232	0,000004	0,000002
92825,358732	0,000004	0,000004
92835,358232	0,000001	0,000009
92845,357732	0,000006	0,000008
92855,357232	0,000006	0,000007
92865,356732	0,000007	0,000001
92875,356232	0,000008	0,000007
92885,355732	0,000002	0,000005
92895,355232	0,000002	0,000007
92905,354732	0,000004	0,000005
92915,354232	0,000003	0,000008
92925,353732	0,000008	0,000008
92935,353232	0,000010	0,000004
92945,352732	0,000003	0,000003
92955,352232	0,000004	0,000005
92965,351732	0,000004	0,000004
92975,351232	0,000002	0,000003
92985,350732	0,000003	0,000003
92995,350232	0,000007	0,000004
93005,349733	0,000007	0,000007
93015,349233	0,000002	0,000008
93025,348733	0,000004	0,000007
93035,348233	0,000005	0,000003
93045,347733	0,000002	0,000005
93055,347233	0,000004	0,000008
93065,346733	0,000006	0,000005
93075,346233	0,000007	0,000003
93085,345733	0,000003	0,000004
93095,345233	0,000010	0,000002
93105,344733	0,000004	0,000003
93115,344233	0,000004	0,000004
93125,343733	0,000006	0,000003
93135,343233	0,000010	0,000002
93145,342733	0,000006	0,000004
93155,342233	0,000001	0,000002
93165,341733	0,000001	0,000002
93175,341233	0,000004	0,000008
93185,340733	0,000007	0,000011
93195,340233	0,000008	0,000001
93205,339733	0,000002	0,000007
93215,339233	0,000004	0,000004
93225,338733	0,000006	0,000003
93235,338233	0,000001	0,000001
93245,337733	0,000003	0,000007
93255,337233	0,000005	0,000010
93265,336733	0,000004	0,000005
93275,336233	0,000006	0,000005
93285,335733	0,000006	0,000005
93295,335233	0,000002	0,000004
93305,334733	0,000006	0,000005
93315,334233	0,000008	0,000004
93325,333733	0,000005	0,000005
93335,333233	0,000002	0,000002
93345,332733	0,000003	0,000002
93355,332233	0,000001	0,000001
93365,331733	0,000004	0,000004
93375,331233	0,000004	0,000007
93385,330733	0,000001	0,000006
93395,330233	0,000003	0,000007
93405,329734	0,000009	0,000005
93415,329234	0,000007	0,000002
93425,328734	0,000004	0,000003
93435,328234	0,000007	0,000001
93445,327734	0,000007	0,000001
93455,327234	0,000004	0,000001
93465,326734	0,000001	0,000002
93475,326234	0,000001	0,000004
93485,325734	0,000003	0,000006
93495,325234	0,000005	0,000004
93505,324734	0,000005	0,000008
93515,324234	0,000004	0,000007
93525,323734	0,000006	0,000007
93535,323234	0,000006	0,000009
93545,322734	0,000002	0,000005
93555,322234	0,000001	0,000004
93565,321734	0,000006	0,000005
93575,321234	0,000008	0,000012
93585,320734	0,000004	0,000011
93595,320234	0,000004	0,000006
93605,319734	0,000002	0,000009
93615,319234	0,000002	0,000008
93625,318734	0,000003	0,000004
93635,318234	0,000007	0,000002
93645,317734	0,000008	0,000004
93655,317234	0,000008	0,000005
93665,316734	0,000003	0,000009
93675,316234	0,000004	0,000010
93685,315734	0,000008	0,000005
93695,315234	0,000006	0,000008
93705,314734	0,000003	0,000006
93715,314234	0,000004	0,000004
93725,313734	0,000005	0,000006
93735,313234	0,000006	0,000002
93745,312734	0,000007	0,000007
93755,312234	0,000003	0,000008
93765,311734	0,000001	0,000003
93775,311234	0,000004	0,000006
93785,310734	0,000001	0,000003
93795,310234	0,000002	0,000006
93805,309735	0,000003	0,000006
93815,309235	0,000002	0,000005
93825,308735	0,000004	0,000006
93835,308235	0,000004	0,000004
93845,307735	0,000001	0,000006
93855,307235	0,000002	0,000012
93865,306735	0,000006	0,000016
93875,306235	0,000008	0,000011
93885,305735	0,000003	0,000002
93895,305235	0,000002	0,000003
93905,304735	0,000002	0,000004
93915,304235	0,000003	0,000002
93925,303735	0,000005	0,000005
93935,303235	0,000005	0,000005
93945,302735	0,000009	0,000004
93955,302235	0,000003	0,000005
93965,301735	0,000005	0,000003
93975,301235	0,000006	0,000007
93985,300735	0,000007	0,000010
93995,300235	0,000007	0,000008
94005,299735	0,000002	0,000005
94015,299235	0,000003	0,000002
94025,298735	0,000002	0,000001
94035,298235	0,000008	0,000005
94045,297735	0,000010	0,000005
94055,297235	0,000008	0,000002
94065,296735	0,000003	0,000005
94075,296235	0,000002	0,000011
94085,295735	0,000003	0,000005
94095,295235	0,000004	0,000004
94105,294735	0,000004	0,000004
94115,294235	0,000008	0,000002
94125,293735	0,000006	0,000001
94135,293235	0,000004	0,000003
94145,292735	0,000004	0,000003
94155,292235	0,000002	0,000005
94165,291735	0,000003	0,000006
94175,291235	0,000002	0,000002
94185,290735	0,000003	0,000005
94195,290235	0,000002	0,000009
94205,289736	0,000003	0,000005
94215,289236	0,000001	0,000002
94225,288736	0,000004	0,000002
94235,288236	0,000006	0,000006
94245,287736	0,000006	0,000007
94255,287236	0,000003	0,000003
94265,286736	0,000005	0,000006
94275,286236	0,000004	0,000002
94285,285736	0,000002	0,000001
94295,285236	0,000003	0,000000
94305,284736	0,000008	0,000003
94315,284236	0,000005	0,000005
94325,283736	0,000003	0,000005
94335,283236	0,000006	0,000007
94345,282736	0,000008	0,000006
94355,282236	0,000010	0,000008
94365,281736	0,000006	0,000008
94375,281236	0,000002	0,000002
94385,280736	0,000003	0,000008
94395,280236	0,000002	0,000008
94405,279736	0,000005	0,000006
94415,279236	0,000009	0,000003
94425,278736	0,000007	0,000001
94435,278236	0,000003	0,000003
94445,277736	0,000006	0,000010
94455,277236	0,000011	0,000010
94465,276736	0,000011	0,000007
94475,276236	0,000004	0,000006
94485,275736	0,000004	0,000006
94495,275236	0,000002	0,000006
94505,274736	0,000008	0,000011
94515,274236	0,000008	0,000011
94525,273736	0,000011	0,000003
94535,273236	0,000004	0,000002
94545,272736	0,000004	0,000005
94555,272236	0,000001	0,000006
94565,271736	0,000003	0,000002
94575,271236	0,000002	0,000007
94585,270736	0,000003	0,000007
94595,270236	0,000004	0,000005
94605,269737	0,000004	0,000006
94615,269237	0,000007	0,000005
94625,268737	0,000007	0,000001
94635,268237	0,000003	0,000004
94645,267737	0,000004	0,000009
94655,267237	0,000001	0,000005
94665,266737	0,000001	0,000002
94675,266237	0,000003	0,000003
94685,265737	0,000005	0,000002
94695,265237	0,000001	0,000003
94705,264737	0,000006	0,000005
94715,264237	0,000006	0,000005
94725,263737	0,000004	0,000003
94735,263237	0,000005	0,000002
94745,262737	0,000008	0,000005
94755,262237	0,000007	0,000006
94765,261737	0,000005	0,000002
94775,261237	0,000005	0,000000
94785,260737	0,000005	0,000003
94795,260237	0,000006	0,000002
94805,259737	0,000004	0,000002
94815,259237	0,000001	0,000005
94825,258737	0,000002	0,000002
94835,258237	0,000002	0,000005
94845,257737	0,000003	0,000005
94855,257237	0,000005	0,000003
94865,256737	0,000008	0,000001
94875,256237	0,000004	0,000006
94885,255737	0,000002	0,000005
94895,255237	0,000006	0,000007
94905,254737	0,000009	0,000009
94915,254237	0,000003	0,000004
94925,253737	0,000006	0,000006
94935,253237	0,000002	0,000005
94945,252737	0,000004	0,000002
94955,252237	0,000007	0,000003
94965,251737	0,000007	0,000005
94975,251237	0,000003	0,000002
94985,250737	0,000002	0,000003
94995,250237	0,000006	0,000004
95005,249738	0,000007	0,000001
95015,249238	0,000006	0,000003
95025,248738	0,000003	0,000004
95035,248238	0,000004	0,000003
95045,247738	0,000006	0,000005
95055,247238	0,000010	0,000004
95065,246738	0,000011	0,000000
95075,246238	0,000005	0,000006
95085,245738	0,000006	0,000006
95095,245238	0,000004	0,000009
95105,244738	0,000004	0,000008
95115,244238	0,000007	0,000004
95125,243738	0,000008	0,000008
95135,243238	0,000007	0,000005
95145,242738	0,000004	0,000008
95155,242238	0,000002	0,000012
95165,241738	0,000001	0,000006
95175,241238	0,000003	0,000006
95185,240738	0,000005	0,000001
95195,240238	0,000006	0,000005
95205,239738	0,000007	0,000007
95215,239238	0,000006	0,000005
95225,238738	0,000002	0,000005
95235,238238	0,000002	0,000011
95245,237738	0,000004	0,000010
95255,237238	0,000003	0,000006
95265,236738	0,000005	0,000004
95275,236238	0,000005	0,000005
95285,235738	0,000009	0,000003
95295,235238	0,000005	0,000006
95305,234738	0,000003	0,000002
95315,234238	0,000003	0,000007
95325,233738	0,000006	0,000007
95335,233238	0,000007	0,000003
95345,232738	0,000004	0,000002
95355,232238	0,000008	0,000002
95365,231738	0,000007	0,000004
95375,231238	0,000001	0,000001
95385,230738	0,000006	0,000004
95395,230238	0,000004	0,000005
95405,229739	0,000003	0,000001
95415,229239	0,000006	0,000003
95425,228739	0,000007	0,000006
95435,228239	0,000003	0,000010
95445,227739	0,000004	0,000007
95455,227239	0,000007	0,000004
95465,226739	0,000006	0,000005
95475,226239	0,000002	0,000008
95485,225739	0,000003	0,000004
95495,225239	0,000001	0,000004
95505,224739	0,000003	0,000004
95515,224239	0,000005	0,000009
95525,223739	0,000005	0,000003
95535,223239	0,000005	0,000007
95545,222739	0,000003	0,000009
95555,222239	0,000005	0,000004
95565,221739	0,000009	0,000003
95575,221239	0,000007	0,000003
95585,220739	0,000002	0,000005
95595,220239	0,000002	0,000002
95605,219739	0,000006	0,000005
95615,219239	0,000008	0,000002
95625,218739	0,000000	0,000006
95635,218239	0,000004	0,000005
95645,217739	0,000001	0,000005
95655,217239	0,000004	0,000006
95665,216739	0,000007	0,000005
95675,216239	0,000003	0,000002
95685,215739	0,000002	0,000012
95695,215239	0,000005	0,000010
95705,214739	0,000003	0,000002
95715,214239	0,000006	0,000003
95725,213739	0,000008	0,000007
95735,213239	0,000003	0,000006
95745,212739	0,000006	0,000003
95755,212239	0,000003	0,000001
95765,211739	0,000001	0,000004
95775,211239	0,000002	0,000008
95785,210739	0,000003	0,000007
95795,210239	0,000001	0,000006
95805,209740	0,000003	0,000005
95815,209240	0,000002	0,000000
95825,208740	0,000004	0,000001
95835,208240	0,000002	0,000005
95845,207740	0,000004	0,000005
95855,207240	0,000002	0,000004
95865,206740	0,000003	0,000006
95875,206240	0,000003	0,000008
95885,205740	0,000006	0,000004
95895,205240	0,000005	0,000005
95905,204740	0,000005	0,000008
95915,204240	0,000006	0,000005
95925,203740	0,000009	0,000006
95935,203240	0,000007	0,000009
95945,202740	0,000008	0,000007
95955,202240	0,000005	0,000007
95965,201740	0,000003	0,000004
95975,201240	0,000001	0,000005
95985,200740	0,000004	0,000003
95995,200240	0,000001	0,000002
96005,199740	0,000002	0,000005
96015,199240	0,000000	0,000007
96025,198740	0,000004	0,000002
96035,198240	0,000006	0,000007
96045,197740	0,000011	0,000003
96055,197240	0,000009	0,000007
96065,196740	0,000008	0,000006
96075,196240	0,000008	0,000002
96085,195740	0,000008	0,000001
96095,195240	0,000009	0,000003
96105,194740	0,000005	0,000003
96115,194240	0,000001	0,000006
96125,193740	0,000001	0,000005
96135,193240	0,000003	0,000004
96145,192740	0,000005	0,000005
96155,192240	0,000002	0,000004
96165,191740	0,000003	0,000005
96175,191240	0,000002	0,000007
96185,190740	0,000004	0,000001
96195,190240	0,000007	0,000001
96205,189741	0,000004	0,000003
96215,189241	0,000003	0,000004
96225,188741	0,000002	0,000007
96235,188241	0,000004	0,000004
96245,187741	0,000003	0,000004
96255,187241	0,000003	0,000003
96265,186741	0,000002	0,000005
96275,186241	0,000004	0,000004
96285,185741	0,000006	0,000003
96295,185241	0,000008	0,000006
96305,184741	0,000005	0,000005
96315,184241	0,000005	0,000006
96325,183741	0,000009	0,000000
96335,183241	0,000006	0,000003
96345,182741	0,000007	0,000005
96355,182241	0,000006	0,000004
96365,181741	0,000003	0,000010
96375,181241	0,000000	0,000010
96385,180741	0,000001	0,000005
96395,180241	0,000003	0,000007
96405,179741	0,000006	0,000003
96415,179241	0,000004	0,000002
96425,178741	0,000002	0,000005
96435,178241	0,000002	0,000007
96445,177741	0,000003	0,000005
96455,177241	0,000002	0,000002
96465,176741	0,000002	0,000007
96475,176241	0,000002	0,000009
96485,175741	0,000003	0,000007
96495,175241	0,000004	0,000005
96505,174741	0,000004	0,000006
96515,174241	0,000002	0,000004
96525,173741	0,000007	0,000009
96535,173241	0,000012	0,000004
96545,172741	0,000012	0,000005
96555,172241	0,000010	0,000005
96565,171741	0,000004	0,000005
96575,171241	0,000004	0,000005
96585,170741	0,000007	0,000006
96595,170241	0,000006	0,000005
96605,169742	0,000008	0,000002
96615,169242	0,000005	0,000003
96625,168742	0,000002	0,000006
96635,168242	0,000004	0,000004
96645,167742	0,000007	0,000006
96655,167242	0,000004	0,000010
96665,166742	0,000003	0,000005
96675,166242	0,000003	0,000004
96685,165742	0,000007	0,000008
96695,165242	0,000008	0,000008
96705,164742	0,000006	0,000005
96715,164242	0,000004	0,000006
96725,163742	0,000003	0,000004
96735,163242	0,000003	0,000007
96745,162742	0,000001	0,000009
96755,162242	0,000003	0,000002
96765,161742	0,000004	0,000003
96775,161242	0,000007	0,000006
96785,160742	0,000007	0,000010
96795,160242	0,000005	0,000013
96805,159742	0,000008	0,000007
96815,159242	0,000009	0,000004
96825,158742	0,000005	0,000008
96835,158242	0,000002	0,000014
96845,157742	0,000003	0,000014
96855,157242	0,000006	0,000005
96865,156742	0,000008	0,000007
96875,156242	0,000002	0,000006
96885,155742	0,000009	0,000006
96895,155242	0,000003	0,000002
96905,154742	0,000007	0,000002
96915,154242	0,000003	0,000002
96925,153742	0,000010	0,000002
96935,153242	0,000006	0,000003
96945,152742	0,000002	0,000003
96955,152242	0,000005	0,000004
96965,151742	0,000011	0,000004
96975,151242	0,000009	0,000003
96985,150742	0,000005	0,000006
96995,150242	0,000006	0,000006
97005,149743	0,000008	0,000009
97015,149243	0,000005	0,000010
97025,148743	0,000010	0,000009
97035,148243	0,000008	0,000003
97045,147743	0,000005	0,000003
97055,147243	0,000003	0,000004
97065,146743	0,000003	0,000001
97075,146243	0,000001	0,000001
97085,145743	0,000006	0,000005
97095,145243	0,000002	0,000004
97105,144743	0,000005	0,000006
97115,144243	0,000007	0,000006
97125,143743	0,000006	0,000008
97135,143243	0,000007	0,000007
97145,142743	0,000008	0,000004
97155,142243	0,000002	0,000007
97165,141743	0,000003	0,000008
97175,141243	0,000002	0,000007
97185,140743	0,000004	0,000007
97195,140243	0,000006	0,000005
97205,139743	0,000005	0,000002
97215,139243	0,000008	0,000005
97225,138743	0,000008	0,000003
97235,138243	0,000005	0,000005
97245,137743	0,000003	0,000005
97255,137243	0,000003	0,000001
97265,136743	0,000005	0,000004
97275,136243	0,000007	0,000004
97285,135743	0,000004	0,000004
97295,135243	0,000004	0,000004
97305,134743	0,000006	0,000007
97315,134243	0,000005	0,000005
97325,133743	0,000006	0,000002
97335,133243	0,000009	0,000003
97345,132743	0,000006	0,000003
97355,132243	0,000003	0,000003
97365,131743	0,000005	0,000004
97375,131243	0,000004	0,000003
97385,130743	0,000005	0,000006
97395,130243	0,000005	0,000005
97405,129744	0,000002	0,000003
97415,129244	0,000002	0,000005
97425,128744	0,000007	0,000007
97435,128244	0,000011	0,000009
97445,127744	0,000012	0,000008
97455,127244	0,000009	0,000010
97465,126744	0,000008	0,000009
97475,126244	0,000005	0,000008
97485,125744	0,000008	0,000004
97495,125244	0,000013	0,000003
97505,124744	0,000009	0,000001
97515,124244	0,000009	0,000007
97525,123744	0,000010	0,000008
97535,123244	0,000005	0,000003
97545,122744	0,000009	0,000003
97555,122244	0,000014	0,000007
97565,121744	0,000011	0,000006
97575,121244	0,000002	0,000004
97585,120744	0,000004	0,000008
97595,120244	0,000003	0,000006
97605,119744	0,000006	0,000005
97615,119244	0,000003	0,000006
97625,118744	0,000005	0,000001
97635,118244	0,000003	0,000012
97645,117744	0,000003	0,000009
97655,117244	0,000004	0,000004
97665,116744	0,000003	0,000010
97675,116244	0,000004	0,000007
97685,115744	0,000005	0,000002
97695,115244	0,000001	0,000003
97705,114744	0,000006	0,000008
97715,114244	0,000008	0,000013
97725,113744	0,000008	0,000006
97735,113244	0,000006	0,000011
97745,112744	0,000007	0,000010
97755,112244	0,000002	0,000007
97765,111744	0,000006	0,000006
97775,111244	0,000006	0,000006
97785,110744	0,000001	0,000005
97795,110244	0,000004	0,000005
97805,109745	0,000008	0,000005
97815,109245	0,000008	0,000005
97825,108745	0,000008	0,000005
97835,108245	0,000007	0,000008
97845,107745	0,000003	0,000010
97855,107245	0,000001	0,000007
97865,106745	0,000002	0,000010
97875,106245	0,000003	0,000011
97885,105745	0,000002	0,000007
97895,105245	0,000001	0,000002
97905,104745	0,000002	0,000008
97915,104245	0,000004	0,000008
97925,103745	0,000003	0,000004
97935,103245	0,000001	0,000010
97945,102745	0,000003	0,000007
97955,102245	0,000007	0,000006
97965,101745	0,000009	0,000008
97975,101245	0,000007	0,000005
97985,100745	0,000006	0,000006
97995,100245	0,000008	0,000006
98005,099745	0,000007	0,000004
98015,099245	0,000011	0,000005
98025,098745	0,000013	0,000006
98035,098245	0,000006	0,000005
98045,097745	0,000004	0,000001
98055,097245	0,000006	0,000003
98065,096745	0,000006	0,000004
98075,096245	0,000007	0,000006
98085,095745	0,000008	0,000005
98095,095245	0,000005	0,000009
98105,094745	0,000004	0,000002
98115,094245	0,000008	0,000008
98125,093745	0,000004	0,000012
98135,093245	0,000005	0,000012
98145,092745	0,000002	0,000010
98155,092245	0,000005	0,000004
98165,091745	0,000006	0,000001
98175,091245	0,000003	0,000003
98185,090745	0,000005	0,000001
98195,090245	0,000006	0,000006
98205,089746	0,000004	0,000007
98215,089246	0,000001	0,000003
98225,088746	0,000006	0,000006
98235,088246	0,000011	0,000008
98245,087746	0,000009	0,000006
98255,087246	0,000003	0,000006
98265,086746	0,000003	0,000004
98275,086246	0,000011	0,000001
98285,085746	0,000014	0,000003
98295,085246	0,000009	0,000004
98305,084746	0,000001	0,000002
98315,084246	0,000006	0,000006
98325,083746	0,000006	0,000010
98335,083246	0,000005	0,000005
98345,082746	0,000004	0,000003
98355,082246	0,000002	0,000005
98365,081746	0,000001	0,000003
98375,081246	0,000004	0,000002
98385,080746	0,000006	0,000008
98395,080246	0,000006	0,000008
98405,079746	0,000005	0,000001
98415,079246	0,000006	0,000003
98425,078746	0,000005	0,000008
98435,078246	0,000001	0,000005
98445,077746	0,000007	0,000008
98455,077246	0,000006	0,000009
98465,076746	0,000005	0,000008
98475,076246	0,000004	0,000001
98485,075746	0,000006	0,000003
98495,075246	0,000003	0,000003
98505,074746	0,000006	0,000007
98515,074246	0,000006	0,000004
98525,073746	0,000001	0,000001
98535,073246	0,000004	0,000003
98545,072746	0,000000	0,000008
98555,072246	0,000007	0,000010
98565,071746	0,000005	0,000008
98575,071246	0,000004	0,000002
98585,070746	0,000001	0,000005
98595,070246	0,000004	0,000004
98605,069747	0,000006	0,000006
98615,069247	0,000002	0,000009
98625,068747	0,000002	0,000005
98635,068247	0,000002	0,000004
98645,067747	0,000004	0,000005
98655,067247	0,000008	0,000006
98665,066747	0,000004	0,000002
98675,066247	0,000003	0,000005
98685,065747	0,000007	0,000003
98695,065247	0,000010	0,000002
98705,064747	0,000008	0,000009
98715,064247	0,000003	0,000006
98725,063747	0,000005	0,000004
98735,063247	0,000006	0,000005
98745,062747	0,000007	0,000004
98755,062247	0,000003	0,000002
98765,061747	0,000008	0,000002
98775,061247	0,000009	0,000001
98785,060747	0,000006	0,000003
98795,060247	0,000002	0,000008
98805,059747	0,000004	0,000009
98815,059247	0,000008	0,000006
98825,058747	0,000006	0,000001
98835,058247	0,000003	0,000010
98845,057747	0,000004	0,000010
98855,057247	0,000014	0,000007
98865,056747	0,000014	0,000006
98875,056247	0,000008	0,000002
98885,055747	0,000006	0,000002
98895,055247	0,000007	0,000004
98905,054747	0,000002	0,000001
98915,054247	0,000003	0,000006
98925,053747	0,000003	0,000007
98935,053247	0,000003	0,000006
98945,052747	0,000004	0,000005
98955,052247	0,000001	0,000008
98965,051747	0,000001	0,000011
98975,051247	0,000005	0,000008
98985,050747	0,000003	0,000004
98995,050247	0,000009	0,000010
99005,049748	0,000007	0,000006
99015,049248	0,000000	0,000004
99025,048748	0,000005	0,000004
99035,048248	0,000005	0,000003
99045,047748	0,000004	0,000006
99055,047248	0,000008	0,000000
99065,046748	0,000004	0,000007
99075,046248	0,000004	0,000004
99085,045748	0,000004	0,000005
99095,045248	0,000008	0,000006
99105,044748	0,000007	0,000004
99115,044248	0,000005	0,000007
99125,043748	0,000004	0,000004
99135,043248	0,000005	0,000005
99145,042748	0,000008	0,000005
99155,042248	0,000010	0,000002
99165,041748	0,000007	0,000003
99175,041248	0,000006	0,000001
99185,040748	0,000005	0,000002
99195,040248	0,000001	0,000003
99205,039748	0,000005	0,000007
99215,039248	0,000003	0,000009
99225,038748	0,000008	0,000011
99235,038248	0,000008	0,000010
99245,037748	0,000006	0,000009
99255,037248	0,000003	0,000008
99265,036748	0,000002	0,000001
99275,036248	0,000011	0,000007
99285,035748	0,000011	0,000002
99295,035248	0,000001	0,000004
99305,034748	0,000002	0,000004
99315,034248	0,000011	0,000002
99325,033748	0,000006	0,000006
99335,033248	0,000001	0,000009
99345,032748	0,000005	0,000004
99355,032248	0,000005	0,000003
99365,031748	0,000004	0,000006
99375,031248	0,000008	0,000004
99385,030748	0,000004	0,000010
99395,030248	0,000004	0,000011
99405,029749	0,000008	0,000005
99415,029249	0,000007	0,000004
99425,028749	0,000002	0,000004
99435,028249	0,000005	0,000004
99445,027749	0,000002	0,000009
99455,027249	0,000003	0,000005
99465,026749	0,000006	0,000003
99475,026249	0,000008	0,000007
99485,025749	0,000006	0,000005
99495,025249	0,000004	0,000005
99505,024749	0,000005	0,000004
99515,024249	0,000002	0,000003
99525,023749	0,000002	0,000001
99535,023249	0,000004	0,000002
99545,022749	0,000007	0,000004
99555,022249	0,000004	0,000007
99565,021749	0,000005	0,000007
99575,021249	0,000000	0,000004
99585,020749	0,000004	0,000005
99595,020249	0,000004	0,000001
99605,019749	0,000004	0,000003
99615,019249	0,000006	0,000006
99625,018749	0,000004	0,000005
99635,018249	0,000003	0,000002
99645,017749	0,000004	0,000005
99655,017249	0,000005	0,000004
99665,016749	0,000005	0,000003
99675,016249	0,000002	0,000006
99685,015749	0,000005	0,000007
99695,015249	0,000007	0,000005
99705,014749	0,000007	0,000007
99715,014249	0,000004	0,000010
99725,013749	0,000005	0,000012
99735,013249	0,000008	0,000008
99745,012749	0,000006	0,000002
99755,012249	0,000003	0,000008
99765,011749	0,000001	0,000011
99775,011249	0,000004	0,000006
99785,010749	0,000002	0,000003
99795,010249	0,000005	0,000003
99805,009750	0,000009	0,000005
99815,009250	0,000007	0,000009
99825,008750	0,000002	0,000007
99835,008250	0,000002	0,000003
99845,007750	0,000004	0,000006
99855,007250	0,000006	0,000006
99865,006750	0,000003	0,000003
99875,006250	0,000004	0,000004
99885,005750	0,000001	0,000003
99895,005250	0,000002	0,000006
99905,004750	0,000005	0,000003
99915,004250	0,000009	0,000003
99925,003750	0,000006	0,000004
99935,003250	0,000007	0,000001
99945,002750	0,000008	0,000003
99955,002250	0,000003	0,000004
99965,001750	0,000003	0,000007
99975,001250	0,000006	0,000010
99985,000750	0,000003	0,000008
99995,000250	0,000004	0,000002
