Frequency (Hz)	V_IN	V_R	
0,000000	2,469252	2,460528
19,998000	1,746123	1,739952
39,996000	0,005278	0,005268
59,994001	0,004180	0,004165
79,992001	0,000812	0,000807
99,990001	0,002546	0,002538
119,988001	0,001245	0,001240
139,986001	0,000895	0,000891
159,984002	0,000447	0,000443
179,982002	0,001609	0,001599
199,980002	0,001707	0,001694
219,978002	0,001569	0,001568
239,976002	0,001459	0,001456
259,974003	0,000610	0,000602
279,972003	0,000787	0,000776
299,970003	0,000412	0,000400
319,968003	0,000453	0,000445
339,966003	0,000539	0,000532
359,964004	0,000703	0,000702
379,962004	0,001744	0,001740
399,960004	0,001609	0,001612
419,958004	0,000455	0,000447
439,956004	0,001155	0,001143
459,954005	0,000470	0,000459
479,952005	0,000654	0,000654
499,950005	0,003239	0,003226
519,948005	0,005186	0,005171
539,946005	0,002386	0,002377
559,944006	0,001083	0,001072
579,942006	0,000314	0,000298
599,940006	0,000727	0,000737
619,938006	0,000450	0,000443
639,936006	0,000504	0,000495
659,934007	0,000819	0,000817
679,932007	0,000403	0,000410
699,930007	0,000342	0,000347
719,928007	0,000022	0,000016
739,926007	0,000209	0,000210
759,924008	0,000623	0,000609
779,922008	0,001208	0,001193
799,920008	0,002129	0,002113
819,918008	0,008395	0,008359
839,916008	0,010372	0,010339
859,914009	0,002928	0,002921
879,912009	0,000415	0,000423
899,910009	0,000620	0,000602
919,908009	0,000655	0,000646
939,906009	0,000264	0,000258
959,904010	0,000885	0,000866
979,902010	0,000842	0,000826
999,900010	0,000429	0,000419
1019,898010	0,000220	0,000233
1039,896010	0,000700	0,000694
1059,894011	0,000874	0,000852
1079,892011	0,000413	0,000397
1099,890011	0,000161	0,000163
1119,888011	0,000110	0,000108
1139,886011	0,000302	0,000295
1159,884012	0,000436	0,000432
1179,882012	0,000434	0,000442
1199,880012	0,000164	0,000168
1219,878012	0,000234	0,000227
1239,876012	0,000241	0,000243
1259,874013	0,000378	0,000383
1279,872013	0,000349	0,000356
1299,870013	0,000060	0,000055
1319,868013	0,000381	0,000377
1339,866013	0,000423	0,000436
1359,864014	0,000457	0,000469
1379,862014	0,000168	0,000177
1399,860014	0,000023	0,000029
1419,858014	0,000004	0,000009
1439,856014	0,000337	0,000330
1459,854015	0,000554	0,000557
1479,852015	0,000313	0,000331
1499,850015	0,000432	0,000434
1519,848015	0,000655	0,000648
1539,846015	0,000419	0,000408
1559,844016	0,000425	0,000418
1579,842016	0,000401	0,000393
1599,840016	0,000302	0,000309
1619,838016	0,000242	0,000246
1639,836016	0,000482	0,000483
1659,834017	0,000718	0,000713
1679,832017	0,000962	0,000952
1699,830017	0,000428	0,000422
1719,828017	0,000119	0,000113
1739,826017	0,000272	0,000276
1759,824018	0,000592	0,000594
1779,822018	0,000816	0,000817
1799,820018	0,000768	0,000760
1819,818018	0,000499	0,000499
1839,816018	0,000349	0,000353
1859,814019	0,000265	0,000269
1879,812019	0,000378	0,000376
1899,810019	0,001054	0,001042
1919,808019	0,001166	0,001154
1939,806019	0,000624	0,000615
1959,804020	0,000263	0,000261
1979,802020	0,000271	0,000270
1999,800020	0,000446	0,000437
2019,798020	0,000386	0,000380
2039,796020	0,000166	0,000166
2059,794021	0,000397	0,000391
2079,792021	0,000717	0,000710
2099,790021	0,000418	0,000417
2119,788021	0,000570	0,000561
2139,786021	0,001045	0,001042
2159,784022	0,000747	0,000747
2179,782022	0,000198	0,000206
2199,780022	0,000151	0,000144
2219,778022	0,000173	0,000163
2239,776022	0,000259	0,000251
2259,774023	0,000282	0,000277
2279,772023	0,000115	0,000120
2299,770023	0,000161	0,000165
2319,768023	0,000495	0,000496
2339,766023	0,000354	0,000356
2359,764024	0,000092	0,000091
2379,762024	0,000232	0,000230
2399,760024	0,000183	0,000175
2419,758024	0,000231	0,000226
2439,756024	0,000328	0,000324
2459,754025	0,000336	0,000339
2479,752025	0,000508	0,000488
2499,750025	0,001685	0,001662
2519,748025	0,000783	0,000780
2539,746025	0,000320	0,000305
2559,744026	0,000580	0,000565
2579,742026	0,000610	0,000610
2599,740026	0,000451	0,000465
2619,738026	0,000150	0,000164
2639,736026	0,000053	0,000048
2659,734027	0,000254	0,000246
2679,732027	0,000349	0,000348
2699,730027	0,000277	0,000287
2719,728027	0,000323	0,000323
2739,726027	0,000413	0,000407
2759,724028	0,000152	0,000148
2779,722028	0,000314	0,000315
2799,720028	0,000420	0,000416
2819,718028	0,000605	0,000594
2839,716028	0,000425	0,000420
2859,714029	0,000125	0,000135
2879,712029	0,000214	0,000223
2899,710029	0,000163	0,000176
2919,708029	0,000172	0,000193
2939,706029	0,000451	0,000432
2959,704030	0,000670	0,000654
2979,702030	0,000330	0,000333
2999,700030	0,000432	0,000432
3019,698030	0,000303	0,000304
3039,696030	0,000136	0,000135
3059,694031	0,000136	0,000127
3079,692031	0,000380	0,000369
3099,690031	0,000339	0,000330
3119,688031	0,000784	0,000776
3139,686031	0,000817	0,000808
3159,684032	0,000558	0,000552
3179,682032	0,000483	0,000483
3199,680032	0,000964	0,000951
3219,678032	0,001151	0,001136
3239,676032	0,000588	0,000571
3259,674033	0,000234	0,000224
3279,672033	0,000118	0,000131
3299,670033	0,000091	0,000104
3319,668033	0,000092	0,000092
3339,666033	0,000126	0,000125
3359,664034	0,000248	0,000240
3379,662034	0,000114	0,000115
3399,660034	0,000250	0,000248
3419,658034	0,000109	0,000114
3439,656034	0,000232	0,000226
3459,654035	0,000103	0,000089
3479,652035	0,000188	0,000184
3499,650035	0,000212	0,000213
3519,648035	0,000433	0,000439
3539,646035	0,000409	0,000413
3559,644036	0,000178	0,000176
3579,642036	0,000105	0,000114
3599,640036	0,000104	0,000102
3619,638036	0,000050	0,000055
3639,636036	0,000135	0,000140
3659,634037	0,000190	0,000180
3679,632037	0,000206	0,000193
3699,630037	0,000127	0,000125
3719,628037	0,000088	0,000095
3739,626037	0,000202	0,000188
3759,624038	0,000515	0,000488
3779,622038	0,000448	0,000430
3799,620038	0,000412	0,000403
3819,618038	0,000517	0,000508
3839,616038	0,000553	0,000550
3859,614039	0,000321	0,000320
3879,612039	0,000480	0,000472
3899,610039	0,000698	0,000690
3919,608039	0,000430	0,000426
3939,606039	0,000598	0,000592
3959,604040	0,000616	0,000614
3979,602040	0,074031	0,073533
3999,600040	0,156422	0,155374
4019,598040	0,082809	0,082252
4039,596040	0,001725	0,001707
4059,594041	0,000907	0,000910
4079,592041	0,000712	0,000714
4099,590041	0,000383	0,000380
4119,588041	0,000236	0,000241
4139,586041	0,000284	0,000285
4159,584042	0,000306	0,000295
4179,582042	0,000260	0,000257
4199,580042	0,000123	0,000130
4219,578042	0,000322	0,000330
4239,576042	0,000241	0,000233
4259,574043	0,000201	0,000188
4279,572043	0,000011	0,000005
4299,570043	0,000080	0,000081
4319,568043	0,000198	0,000195
4339,566043	0,000074	0,000077
4359,564044	0,000194	0,000190
4379,562044	0,000160	0,000158
4399,560044	0,000095	0,000094
4419,558044	0,000291	0,000296
4439,556044	0,000116	0,000120
4459,554045	0,000226	0,000223
4479,552045	0,000195	0,000188
4499,550045	0,000117	0,000121
4519,548045	0,000108	0,000115
4539,546045	0,000207	0,000218
4559,544046	0,000219	0,000224
4579,542046	0,000113	0,000121
4599,540046	0,000223	0,000223
4619,538046	0,000177	0,000178
4639,536046	0,000081	0,000080
4659,534047	0,000084	0,000084
4679,532047	0,000259	0,000260
4699,530047	0,000202	0,000210
4719,528047	0,000135	0,000139
4739,526047	0,000251	0,000245
4759,524048	0,000191	0,000193
4779,522048	0,000074	0,000072
4799,520048	0,000075	0,000084
4819,518048	0,000100	0,000109
4839,516048	0,000064	0,000071
4859,514049	0,000018	0,000022
4879,512049	0,000027	0,000024
4899,510049	0,000051	0,000047
4919,508049	0,000088	0,000083
4939,506049	0,000168	0,000173
4959,504050	0,000162	0,000166
4979,502050	0,000130	0,000144
4999,500050	0,000234	0,000242
5019,498050	0,000156	0,000159
5039,496050	0,000056	0,000058
5059,494051	0,000070	0,000083
5079,492051	0,000133	0,000150
5099,490051	0,000079	0,000085
5119,488051	0,000046	0,000040
5139,486051	0,000099	0,000094
5159,484052	0,000142	0,000136
5179,482052	0,000084	0,000073
5199,480052	0,000069	0,000067
5219,478052	0,000062	0,000072
5239,476052	0,000097	0,000093
5259,474053	0,000121	0,000119
5279,472053	0,000053	0,000051
5299,470053	0,000089	0,000069
5319,468053	0,000023	0,000009
5339,466053	0,000096	0,000081
5359,464054	0,000025	0,000016
5379,462054	0,000079	0,000085
5399,460054	0,000025	0,000032
5419,458054	0,000054	0,000062
5439,456054	0,000194	0,000190
5459,454055	0,000224	0,000212
5479,452055	0,000128	0,000125
5499,450055	0,000090	0,000094
5519,448055	0,000079	0,000085
5539,446055	0,000059	0,000056
5559,444056	0,000071	0,000071
5579,442056	0,000083	0,000072
5599,440056	0,000065	0,000059
5619,438056	0,000052	0,000058
5639,436056	0,000027	0,000022
5659,434057	0,000057	0,000056
5679,432057	0,000041	0,000043
5699,430057	0,000101	0,000107
5719,428057	0,000077	0,000090
5739,426057	0,000017	0,000032
5759,424058	0,000081	0,000069
5779,422058	0,000097	0,000097
5799,420058	0,000106	0,000109
5819,418058	0,000144	0,000150
5839,416058	0,000235	0,000232
5859,414059	0,000132	0,000132
5879,412059	0,000048	0,000050
5899,410059	0,000114	0,000118
5919,408059	0,000019	0,000028
5939,406059	0,000044	0,000044
5959,404060	0,000019	0,000039
5979,402060	0,000106	0,000104
5999,400060	0,000171	0,000163
6019,398060	0,000198	0,000192
6039,396060	0,000090	0,000084
6059,394061	0,000102	0,000094
6079,392061	0,000102	0,000094
6099,390061	0,000049	0,000065
6119,388061	0,000055	0,000070
6139,386061	0,000031	0,000038
6159,384062	0,000152	0,000140
6179,382062	0,000230	0,000223
6199,380062	0,000153	0,000158
6219,378062	0,000067	0,000068
6239,376062	0,000267	0,000261
6259,374063	0,000188	0,000190
6279,372063	0,000062	0,000056
6299,370063	0,000092	0,000096
6319,368063	0,000088	0,000090
6339,366063	0,000091	0,000083
6359,364064	0,000138	0,000135
6379,362064	0,000094	0,000092
6399,360064	0,000065	0,000067
6419,358064	0,000037	0,000039
6439,356064	0,000079	0,000078
6459,354065	0,000197	0,000193
6479,352065	0,000133	0,000131
6499,350065	0,000173	0,000153
6519,348065	0,000181	0,000167
6539,346065	0,000078	0,000072
6559,344066	0,000034	0,000032
6579,342066	0,000089	0,000083
6599,340066	0,000052	0,000046
6619,338066	0,000079	0,000070
6639,336066	0,000095	0,000090
6659,334067	0,000069	0,000064
6679,332067	0,000070	0,000061
6699,330067	0,000080	0,000079
6719,328067	0,000141	0,000132
6739,326067	0,000119	0,000108
6759,324068	0,000046	0,000039
6779,322068	0,000054	0,000036
6799,320068	0,000100	0,000081
6819,318068	0,000066	0,000056
6839,316068	0,000035	0,000047
6859,314069	0,000047	0,000059
6879,312069	0,000066	0,000070
6899,310069	0,000086	0,000073
6919,308069	0,000296	0,000277
6939,306069	0,000293	0,000271
6959,304070	0,000065	0,000069
6979,302070	0,000052	0,000068
6999,300070	0,000164	0,000154
7019,298070	0,000219	0,000204
7039,296070	0,000144	0,000119
7059,294071	0,000021	0,000018
7079,292071	0,000045	0,000046
7099,290071	0,000033	0,000026
7119,288071	0,000063	0,000052
7139,286071	0,000081	0,000071
7159,284072	0,000026	0,000038
7179,282072	0,000059	0,000056
7199,280072	0,000057	0,000055
7219,278072	0,000095	0,000085
7239,276072	0,000180	0,000159
7259,274073	0,000161	0,000144
7279,272073	0,000178	0,000153
7299,270073	0,000099	0,000086
7319,268073	0,000112	0,000096
7339,266073	0,000166	0,000143
7359,264074	0,000046	0,000038
7379,262074	0,000117	0,000100
7399,260074	0,000099	0,000078
7419,258074	0,000094	0,000081
7439,256074	0,000065	0,000058
7459,254075	0,000098	0,000083
7479,252075	0,000054	0,000049
7499,250075	0,000046	0,000036
7519,248075	0,000050	0,000037
7539,246075	0,000046	0,000031
7559,244076	0,000078	0,000051
7579,242076	0,000106	0,000076
7599,240076	0,000079	0,000062
7619,238076	0,000038	0,000039
7639,236076	0,000005	0,000009
7659,234077	0,000035	0,000025
7679,232077	0,000074	0,000053
7699,230077	0,000069	0,000053
7719,228077	0,000069	0,000060
7739,226077	0,000094	0,000074
7759,224078	0,000060	0,000047
7779,222078	0,000045	0,000032
7799,220078	0,000054	0,000033
7819,218078	0,000042	0,000024
7839,216078	0,000016	0,000012
7859,214079	0,000020	0,000010
7879,212079	0,000056	0,000040
7899,210079	0,000096	0,000072
7919,208079	0,000034	0,000028
7939,206079	0,000027	0,000015
7959,204080	0,000018	0,000016
7979,202080	0,000127	0,000095
7999,200080	0,000227	0,000162
8019,198080	0,000136	0,000096
8039,196080	0,000002	0,000003
8059,194081	0,000038	0,000020
8079,192081	0,000048	0,000034
8099,190081	0,000074	0,000059
8119,188081	0,000023	0,000013
8139,186081	0,000038	0,000036
8159,184082	0,000018	0,000017
8179,182082	0,000038	0,000029
8199,180082	0,000040	0,000031
8219,178082	0,000055	0,000032
8239,176082	0,000078	0,000059
8259,174083	0,000089	0,000083
8279,172083	0,000035	0,000037
8299,170083	0,000053	0,000038
8319,168083	0,000010	0,000013
8339,166083	0,000064	0,000064
8359,164084	0,000038	0,000045
8379,162084	0,000044	0,000026
8399,160084	0,000031	0,000014
8419,158084	0,000056	0,000053
8439,156084	0,000119	0,000106
8459,154085	0,000109	0,000090
8479,152085	0,000045	0,000047
8499,150085	0,000047	0,000050
8519,148085	0,000020	0,000019
8539,146085	0,000030	0,000033
8559,144086	0,000061	0,000062
8579,142086	0,000057	0,000053
8599,140086	0,000010	0,000002
8619,138086	0,000085	0,000081
8639,136086	0,000086	0,000080
8659,134087	0,000067	0,000066
8679,132087	0,000098	0,000086
8699,130087	0,000068	0,000058
8719,128087	0,000040	0,000035
8739,126087	0,000057	0,000054
8759,124088	0,000027	0,000026
8779,122088	0,000056	0,000044
8799,120088	0,000025	0,000016
8819,118088	0,000011	0,000010
8839,116088	0,000014	0,000013
8859,114089	0,000043	0,000040
8879,112089	0,000041	0,000038
8899,110089	0,000026	0,000021
8919,108089	0,000056	0,000060
8939,106089	0,000063	0,000064
8959,104090	0,000020	0,000022
8979,102090	0,000042	0,000032
8999,100090	0,000035	0,000030
9019,098090	0,000022	0,000023
9039,096090	0,000042	0,000036
9059,094091	0,000074	0,000065
9079,092091	0,000065	0,000068
9099,090091	0,000054	0,000059
9119,088091	0,000037	0,000038
9139,086091	0,000066	0,000057
9159,084092	0,000071	0,000060
9179,082092	0,000017	0,000014
9199,080092	0,000044	0,000043
9219,078092	0,000044	0,000045
9239,076092	0,000019	0,000019
9259,074093	0,000042	0,000043
9279,072093	0,000071	0,000069
9299,070093	0,000073	0,000065
9319,068093	0,000059	0,000052
9339,066093	0,000013	0,000008
9359,064094	0,000026	0,000029
9379,062094	0,000027	0,000024
9399,060094	0,000039	0,000050
9419,058094	0,000040	0,000041
9439,056094	0,000017	0,000015
9459,054095	0,000019	0,000028
9479,052095	0,000032	0,000038
9499,050095	0,000048	0,000061
9519,048095	0,000018	0,000017
9539,046095	0,000055	0,000053
9559,044096	0,000023	0,000021
9579,042096	0,000034	0,000035
9599,040096	0,000050	0,000051
9619,038096	0,000028	0,000025
9639,036096	0,000048	0,000041
9659,034097	0,000043	0,000040
9679,032097	0,000048	0,000042
9699,030097	0,000028	0,000027
9719,028097	0,000027	0,000028
9739,026097	0,000042	0,000041
9759,024098	0,000032	0,000040
9779,022098	0,000022	0,000014
9799,020098	0,000014	0,000012
9819,018098	0,000035	0,000037
9839,016098	0,000053	0,000053
9859,014099	0,000047	0,000043
9879,012099	0,000011	0,000008
9899,010099	0,000033	0,000033
9919,008099	0,000012	0,000008
9939,006099	0,000046	0,000053
9959,004100	0,000036	0,000037
9979,002100	0,000022	0,000021
9999,000100	0,000020	0,000018
10018,998100	0,000015	0,000016
10038,996100	0,000031	0,000036
10058,994101	0,000021	0,000024
10078,992101	0,000030	0,000024
10098,990101	0,000021	0,000017
10118,988101	0,000019	0,000018
10138,986101	0,000038	0,000032
10158,984102	0,000040	0,000040
10178,982102	0,000054	0,000066
10198,980102	0,000046	0,000057
10218,978102	0,000036	0,000045
10238,976102	0,000024	0,000029
10258,974103	0,000028	0,000032
10278,972103	0,000042	0,000039
10298,970103	0,000049	0,000041
10318,968103	0,000046	0,000036
10338,966103	0,000026	0,000023
10358,964104	0,000008	0,000010
10378,962104	0,000034	0,000029
10398,960104	0,000042	0,000044
10418,958104	0,000035	0,000038
10438,956104	0,000037	0,000031
10458,954105	0,000010	0,000011
10478,952105	0,000024	0,000024
10498,950105	0,000017	0,000004
10518,948105	0,000004	0,000007
10538,946105	0,000016	0,000020
10558,944106	0,000028	0,000033
10578,942106	0,000026	0,000021
10598,940106	0,000024	0,000018
10618,938106	0,000029	0,000018
10638,936106	0,000037	0,000025
10658,934107	0,000050	0,000044
10678,932107	0,000056	0,000055
10698,930107	0,000053	0,000051
10718,928107	0,000038	0,000038
10738,926107	0,000026	0,000029
10758,924108	0,000017	0,000023
10778,922108	0,000011	0,000010
10798,920108	0,000011	0,000013
10818,918108	0,000021	0,000026
10838,916108	0,000038	0,000033
10858,914109	0,000027	0,000020
10878,912109	0,000034	0,000024
10898,910109	0,000039	0,000035
10918,908109	0,000034	0,000028
10938,906109	0,000015	0,000015
10958,904110	0,000027	0,000031
10978,902110	0,000048	0,000046
10998,900110	0,000046	0,000047
11018,898110	0,000012	0,000020
11038,896110	0,000020	0,000027
11058,894111	0,000035	0,000032
11078,892111	0,000025	0,000013
11098,890111	0,000014	0,000009
11118,888111	0,000011	0,000011
11138,886111	0,000031	0,000027
11158,884112	0,000039	0,000030
11178,882112	0,000025	0,000013
11198,880112	0,000003	0,000017
11218,878112	0,000022	0,000021
11238,876112	0,000007	0,000020
11258,874113	0,000039	0,000027
11278,872113	0,000031	0,000028
11298,870113	0,000015	0,000023
11318,868113	0,000045	0,000051
11338,866113	0,000039	0,000034
11358,864114	0,000012	0,000007
11378,862114	0,000015	0,000011
11398,860114	0,000027	0,000032
11418,858114	0,000040	0,000053
11438,856114	0,000021	0,000033
11458,854115	0,000010	0,000015
11478,852115	0,000011	0,000019
11498,850115	0,000016	0,000023
11518,848115	0,000031	0,000042
11538,846115	0,000035	0,000050
11558,844116	0,000023	0,000029
11578,842116	0,000017	0,000022
11598,840116	0,000022	0,000014
11618,838116	0,000027	0,000022
11638,836116	0,000023	0,000020
11658,834117	0,000009	0,000012
11678,832117	0,000031	0,000020
11698,830117	0,000018	0,000006
11718,828117	0,000019	0,000030
11738,826117	0,000022	0,000021
11758,824118	0,000015	0,000011
11778,822118	0,000014	0,000012
11798,820118	0,000009	0,000008
11818,818118	0,000007	0,000005
11838,816118	0,000013	0,000009
11858,814119	0,000024	0,000019
11878,812119	0,000020	0,000022
11898,810119	0,000011	0,000009
11918,808119	0,000030	0,000018
11938,806119	0,000030	0,000018
11958,804120	0,000025	0,000033
11978,802120	0,000083	0,000080
11998,800120	0,000209	0,000201
12018,798120	0,000139	0,000133
12038,796120	0,000014	0,000016
12058,794121	0,000014	0,000004
12078,792121	0,000016	0,000017
12098,790121	0,000031	0,000024
12118,788121	0,000030	0,000026
12138,786121	0,000015	0,000023
12158,784122	0,000024	0,000031
12178,782122	0,000032	0,000032
12198,780122	0,000031	0,000028
12218,778122	0,000021	0,000025
12238,776122	0,000018	0,000021
12258,774123	0,000029	0,000032
12278,772123	0,000037	0,000044
12298,770123	0,000033	0,000039
12318,768123	0,000012	0,000023
12338,766123	0,000010	0,000005
12358,764124	0,000008	0,000005
12378,762124	0,000026	0,000021
12398,760124	0,000045	0,000034
12418,758124	0,000039	0,000037
12438,756124	0,000022	0,000024
12458,754125	0,000009	0,000015
12478,752125	0,000021	0,000022
12498,750125	0,000032	0,000032
12518,748125	0,000039	0,000034
12538,746125	0,000045	0,000041
12558,744126	0,000031	0,000034
12578,742126	0,000011	0,000021
12598,740126	0,000004	0,000016
12618,738126	0,000020	0,000026
12638,736126	0,000024	0,000025
12658,734127	0,000028	0,000019
12678,732127	0,000026	0,000016
12698,730127	0,000024	0,000029
12718,728127	0,000011	0,000022
12738,726127	0,000018	0,000028
12758,724128	0,000028	0,000039
12778,722128	0,000035	0,000029
12798,720128	0,000035	0,000023
12818,718128	0,000015	0,000022
12838,716128	0,000020	0,000021
12858,714129	0,000014	0,000018
12878,712129	0,000020	0,000033
12898,710129	0,000006	0,000006
12918,708129	0,000026	0,000023
12938,706129	0,000039	0,000033
12958,704130	0,000033	0,000025
12978,702130	0,000009	0,000008
12998,700130	0,000016	0,000011
13018,698130	0,000040	0,000036
13038,696130	0,000042	0,000037
13058,694131	0,000031	0,000031
13078,692131	0,000022	0,000025
13098,690131	0,000027	0,000028
13118,688131	0,000025	0,000028
13138,686131	0,000027	0,000027
13158,684132	0,000025	0,000022
13178,682132	0,000031	0,000021
13198,680132	0,000043	0,000033
13218,678132	0,000053	0,000057
13238,676132	0,000031	0,000049
13258,674133	0,000011	0,000019
13278,672133	0,000017	0,000004
13298,670133	0,000029	0,000026
13318,668133	0,000028	0,000017
13338,666133	0,000040	0,000014
13358,664134	0,000031	0,000029
13378,662134	0,000025	0,000030
13398,660134	0,000013	0,000008
13418,658134	0,000026	0,000037
13438,656134	0,000022	0,000029
13458,654135	0,000006	0,000010
13478,652135	0,000007	0,000018
13498,650135	0,000016	0,000020
13518,648135	0,000009	0,000019
13538,646135	0,000014	0,000018
13558,644136	0,000037	0,000027
13578,642136	0,000036	0,000029
13598,640136	0,000008	0,000009
13618,638136	0,000020	0,000023
13638,636136	0,000014	0,000019
13658,634137	0,000003	0,000009
13678,632137	0,000015	0,000013
13698,630137	0,000011	0,000012
13718,628137	0,000012	0,000022
13738,626137	0,000023	0,000031
13758,624138	0,000008	0,000017
13778,622138	0,000012	0,000013
13798,620138	0,000006	0,000009
13818,618138	0,000032	0,000030
13838,616138	0,000027	0,000028
13858,614139	0,000008	0,000011
13878,612139	0,000013	0,000014
13898,610139	0,000026	0,000021
13918,608139	0,000039	0,000028
13938,606139	0,000035	0,000025
13958,604140	0,000019	0,000009
13978,602140	0,000019	0,000017
13998,600140	0,000016	0,000023
14018,598140	0,000012	0,000030
14038,596140	0,000026	0,000037
14058,594141	0,000023	0,000032
14078,592141	0,000019	0,000022
14098,590141	0,000041	0,000025
14118,588141	0,000033	0,000020
14138,586141	0,000018	0,000013
14158,584142	0,000008	0,000017
14178,582142	0,000025	0,000028
14198,580142	0,000033	0,000023
14218,578142	0,000020	0,000008
14238,576142	0,000017	0,000004
14258,574143	0,000012	0,000009
14278,572143	0,000016	0,000026
14298,570143	0,000014	0,000010
14318,568143	0,000010	0,000003
14338,566143	0,000012	0,000011
14358,564144	0,000017	0,000018
14378,562144	0,000019	0,000017
14398,560144	0,000003	0,000013
14418,558144	0,000004	0,000012
14438,556144	0,000012	0,000016
14458,554145	0,000016	0,000021
14478,552145	0,000019	0,000029
14498,550145	0,000012	0,000019
14518,548145	0,000018	0,000018
14538,546145	0,000023	0,000021
14558,544146	0,000021	0,000025
14578,542146	0,000025	0,000019
14598,540146	0,000011	0,000022
14618,538146	0,000012	0,000019
14638,536146	0,000017	0,000014
14658,534147	0,000013	0,000011
14678,532147	0,000009	0,000003
14698,530147	0,000017	0,000018
14718,528147	0,000004	0,000022
14738,526147	0,000015	0,000010
14758,524148	0,000008	0,000014
14778,522148	0,000025	0,000032
14798,520148	0,000017	0,000022
14818,518148	0,000017	0,000008
14838,516148	0,000026	0,000015
14858,514149	0,000033	0,000019
14878,512149	0,000029	0,000021
14898,510149	0,000031	0,000031
14918,508149	0,000021	0,000031
14938,506149	0,000017	0,000023
14958,504150	0,000017	0,000017
14978,502150	0,000007	0,000002
14998,500150	0,000011	0,000012
15018,498150	0,000009	0,000008
15038,496150	0,000019	0,000014
15058,494151	0,000025	0,000026
15078,492151	0,000004	0,000012
15098,490151	0,000002	0,000011
15118,488151	0,000010	0,000002
15138,486151	0,000010	0,000011
15158,484152	0,000018	0,000016
15178,482152	0,000005	0,000003
15198,480152	0,000014	0,000005
15218,478152	0,000015	0,000003
15238,476152	0,000004	0,000006
15258,474153	0,000012	0,000027
15278,472153	0,000011	0,000035
15298,470153	0,000017	0,000003
15318,468153	0,000022	0,000026
15338,466153	0,000019	0,000027
15358,464154	0,000022	0,000028
15378,462154	0,000007	0,000018
15398,460154	0,000010	0,000007
15418,458154	0,000011	0,000013
15438,456154	0,000011	0,000022
15458,454155	0,000030	0,000028
15478,452155	0,000033	0,000028
15498,450155	0,000031	0,000031
15518,448155	0,000018	0,000023
15538,446155	0,000007	0,000013
15558,444156	0,000012	0,000003
15578,442156	0,000022	0,000012
15598,440156	0,000018	0,000025
15618,438156	0,000009	0,000017
15638,436156	0,000015	0,000009
15658,434157	0,000008	0,000006
15678,432157	0,000015	0,000007
15698,430157	0,000023	0,000011
15718,428157	0,000021	0,000010
15738,426157	0,000007	0,000003
15758,424158	0,000021	0,000016
15778,422158	0,000018	0,000016
15798,420158	0,000006	0,000009
15818,418158	0,000010	0,000007
15838,416158	0,000019	0,000012
15858,414159	0,000022	0,000015
15878,412159	0,000026	0,000017
15898,410159	0,000028	0,000024
15918,408159	0,000026	0,000028
15938,406159	0,000021	0,000024
15958,404160	0,000012	0,000016
15978,402160	0,000002	0,000008
15998,400160	0,000017	0,000011
16018,398160	0,000023	0,000035
16038,396160	0,000021	0,000039
16058,394161	0,000005	0,000008
16078,392161	0,000018	0,000020
16098,390161	0,000017	0,000011
16118,388161	0,000027	0,000012
16138,386161	0,000021	0,000023
16158,384162	0,000008	0,000025
16178,382162	0,000019	0,000023
16198,380162	0,000017	0,000019
16218,378162	0,000025	0,000027
16238,376162	0,000015	0,000012
16258,374163	0,000023	0,000016
16278,372163	0,000021	0,000024
16298,370163	0,000004	0,000014
16318,368163	0,000011	0,000009
16338,366163	0,000004	0,000008
16358,364164	0,000008	0,000012
16378,362164	0,000003	0,000006
16398,360164	0,000008	0,000015
16418,358164	0,000008	0,000015
16438,356164	0,000002	0,000016
16458,354165	0,000012	0,000010
16478,352165	0,000014	0,000003
16498,350165	0,000017	0,000014
16518,348165	0,000018	0,000016
16538,346165	0,000025	0,000024
16558,344166	0,000010	0,000004
16578,342166	0,000012	0,000016
16598,340166	0,000016	0,000012
16618,338166	0,000020	0,000019
16638,336166	0,000019	0,000025
16658,334167	0,000017	0,000024
16678,332167	0,000013	0,000004
16698,330167	0,000019	0,000021
16718,328167	0,000022	0,000022
16738,326167	0,000029	0,000030
16758,324168	0,000023	0,000023
16778,322168	0,000029	0,000019
16798,320168	0,000022	0,000014
16818,318168	0,000000	0,000004
16838,316168	0,000009	0,000007
16858,314169	0,000028	0,000022
16878,312169	0,000018	0,000006
16898,310169	0,000006	0,000014
16918,308169	0,000011	0,000007
16938,306169	0,000004	0,000004
16958,304170	0,000014	0,000010
16978,302170	0,000023	0,000017
16998,300170	0,000024	0,000021
17018,298170	0,000010	0,000007
17038,296170	0,000007	0,000009
17058,294171	0,000016	0,000021
17078,292171	0,000021	0,000025
17098,290171	0,000016	0,000015
17118,288171	0,000015	0,000011
17138,286171	0,000019	0,000012
17158,284172	0,000020	0,000014
17178,282172	0,000015	0,000018
17198,280172	0,000001	0,000005
17218,278172	0,000017	0,000016
17238,276172	0,000025	0,000027
17258,274173	0,000016	0,000015
17278,272173	0,000012	0,000007
17298,270173	0,000019	0,000011
17318,268173	0,000003	0,000003
17338,266173	0,000010	0,000010
17358,264174	0,000011	0,000007
17378,262174	0,000008	0,000007
17398,260174	0,000005	0,000006
17418,258174	0,000011	0,000006
17438,256174	0,000014	0,000008
17458,254175	0,000008	0,000001
17478,252175	0,000005	0,000006
17498,250175	0,000008	0,000014
17518,248175	0,000028	0,000023
17538,246175	0,000032	0,000024
17558,244176	0,000016	0,000021
17578,242176	0,000009	0,000020
17598,240176	0,000007	0,000016
17618,238176	0,000009	0,000004
17638,236176	0,000010	0,000007
17658,234177	0,000017	0,000011
17678,232177	0,000017	0,000007
17698,230177	0,000007	0,000014
17718,228177	0,000021	0,000022
17738,226177	0,000006	0,000009
17758,224178	0,000017	0,000008
17778,222178	0,000013	0,000018
17798,220178	0,000004	0,000014
17818,218178	0,000005	0,000010
17838,216178	0,000012	0,000007
17858,214179	0,000012	0,000005
17878,212179	0,000020	0,000021
17898,210179	0,000027	0,000031
17918,208179	0,000025	0,000027
17938,206179	0,000019	0,000017
17958,204180	0,000015	0,000004
17978,202180	0,000008	0,000002
17998,200180	0,000004	0,000001
18018,198180	0,000016	0,000015
18038,196180	0,000018	0,000009
18058,194181	0,000021	0,000028
18078,192181	0,000009	0,000029
18098,190181	0,000013	0,000007
18118,188181	0,000018	0,000013
18138,186181	0,000024	0,000017
18158,184182	0,000021	0,000016
18178,182182	0,000013	0,000012
18198,180182	0,000004	0,000003
18218,178182	0,000002	0,000013
18238,176182	0,000005	0,000015
18258,174183	0,000005	0,000011
18278,172183	0,000009	0,000021
18298,170183	0,000012	0,000020
18318,168183	0,000004	0,000014
18338,166183	0,000020	0,000016
18358,164184	0,000017	0,000011
18378,162184	0,000009	0,000009
18398,160184	0,000016	0,000019
18418,158184	0,000020	0,000020
18438,156184	0,000020	0,000013
18458,154185	0,000016	0,000006
18478,152185	0,000011	0,000007
18498,150185	0,000009	0,000010
18518,148185	0,000009	0,000014
18538,146185	0,000005	0,000005
18558,144186	0,000015	0,000009
18578,142186	0,000013	0,000012
18598,140186	0,000006	0,000011
18618,138186	0,000008	0,000012
18638,136186	0,000006	0,000001
18658,134187	0,000013	0,000017
18678,132187	0,000017	0,000015
18698,130187	0,000024	0,000012
18718,128187	0,000019	0,000012
18738,126187	0,000007	0,000010
18758,124188	0,000019	0,000022
18778,122188	0,000008	0,000018
18798,120188	0,000010	0,000027
18818,118188	0,000005	0,000014
18838,116188	0,000011	0,000006
18858,114189	0,000013	0,000008
18878,112189	0,000009	0,000006
18898,110189	0,000009	0,000006
18918,108189	0,000015	0,000009
18938,106189	0,000008	0,000012
18958,104190	0,000009	0,000007
18978,102190	0,000008	0,000013
18998,100190	0,000014	0,000023
19018,098190	0,000014	0,000023
19038,096190	0,000012	0,000014
19058,094191	0,000006	0,000006
19078,092191	0,000014	0,000018
19098,090191	0,000020	0,000020
19118,088191	0,000020	0,000027
19138,086191	0,000019	0,000027
19158,084192	0,000017	0,000015
19178,082192	0,000011	0,000004
19198,080192	0,000013	0,000005
19218,078192	0,000011	0,000011
19238,076192	0,000021	0,000021
19258,074193	0,000033	0,000029
19278,072193	0,000033	0,000028
19298,070193	0,000023	0,000022
19318,068193	0,000012	0,000015
19338,066193	0,000010	0,000013
19358,064194	0,000021	0,000020
19378,062194	0,000020	0,000020
19398,060194	0,000010	0,000009
19418,058194	0,000008	0,000013
19438,056194	0,000013	0,000020
19458,054195	0,000011	0,000012
19478,052195	0,000020	0,000010
19498,050195	0,000015	0,000009
19518,048195	0,000004	0,000013
19538,046195	0,000011	0,000003
19558,044196	0,000020	0,000016
19578,042196	0,000008	0,000003
19598,040196	0,000016	0,000014
19618,038196	0,000002	0,000003
19638,036196	0,000016	0,000012
19658,034197	0,000007	0,000012
19678,032197	0,000009	0,000011
19698,030197	0,000009	0,000009
19718,028197	0,000005	0,000011
19738,026197	0,000006	0,000005
19758,024198	0,000018	0,000012
19778,022198	0,000024	0,000022
19798,020198	0,000015	0,000018
19818,018198	0,000006	0,000010
19838,016198	0,000007	0,000007
19858,014199	0,000013	0,000005
19878,012199	0,000017	0,000012
19898,010199	0,000012	0,000013
19918,008199	0,000012	0,000005
19938,006199	0,000017	0,000006
19958,004200	0,000013	0,000005
19978,002200	0,000015	0,000014
19998,000200	0,000008	0,000011
20017,998200	0,000005	0,000007
20037,996200	0,000005	0,000008
20057,994201	0,000015	0,000018
20077,992201	0,000010	0,000015
20097,990201	0,000005	0,000009
20117,988201	0,000012	0,000009
20137,986201	0,000011	0,000007
20157,984202	0,000007	0,000012
20177,982202	0,000005	0,000011
20197,980202	0,000003	0,000004
20217,978202	0,000005	0,000008
20237,976202	0,000012	0,000004
20257,974203	0,000016	0,000013
20277,972203	0,000011	0,000005
20297,970203	0,000013	0,000013
20317,968203	0,000023	0,000017
20337,966203	0,000014	0,000006
20357,964204	0,000010	0,000006
20377,962204	0,000005	0,000009
20397,960204	0,000018	0,000012
20417,958204	0,000019	0,000015
20437,956204	0,000004	0,000006
20457,954205	0,000014	0,000012
20477,952205	0,000020	0,000014
20497,950205	0,000017	0,000010
20517,948205	0,000015	0,000016
20537,946205	0,000011	0,000018
20557,944206	0,000011	0,000011
20577,942206	0,000019	0,000017
20597,940206	0,000022	0,000013
20617,938206	0,000006	0,000013
20637,936206	0,000011	0,000008
20657,934207	0,000008	0,000008
20677,932207	0,000013	0,000008
20697,930207	0,000011	0,000007
20717,928207	0,000013	0,000016
20737,926207	0,000018	0,000017
20757,924208	0,000028	0,000022
20777,922208	0,000020	0,000017
20797,920208	0,000022	0,000022
20817,918208	0,000028	0,000028
20837,916208	0,000020	0,000019
20857,914209	0,000002	0,000004
20877,912209	0,000007	0,000006
20897,910209	0,000003	0,000006
20917,908209	0,000015	0,000007
20937,906209	0,000025	0,000012
20957,904210	0,000012	0,000006
20977,902210	0,000007	0,000016
20997,900210	0,000013	0,000011
21017,898210	0,000021	0,000018
21037,896210	0,000024	0,000023
21057,894211	0,000006	0,000005
21077,892211	0,000002	0,000010
21097,890211	0,000012	0,000002
21117,888211	0,000010	0,000018
21137,886211	0,000023	0,000025
21157,884212	0,000016	0,000023
21177,882212	0,000007	0,000022
21197,880212	0,000011	0,000010
21217,878212	0,000017	0,000004
21237,876212	0,000020	0,000010
21257,874213	0,000019	0,000013
21277,872213	0,000018	0,000019
21297,870213	0,000012	0,000020
21317,868213	0,000002	0,000013
21337,866213	0,000008	0,000001
21357,864214	0,000022	0,000025
21377,862214	0,000028	0,000037
21397,860214	0,000020	0,000019
21417,858214	0,000019	0,000015
21437,856214	0,000016	0,000013
21457,854215	0,000014	0,000013
21477,852215	0,000012	0,000018
21497,850215	0,000013	0,000012
21517,848215	0,000020	0,000017
21537,846215	0,000017	0,000019
21557,844216	0,000018	0,000017
21577,842216	0,000021	0,000026
21597,840216	0,000014	0,000021
21617,838216	0,000006	0,000011
21637,836216	0,000016	0,000006
21657,834217	0,000025	0,000014
21677,832217	0,000015	0,000008
21697,830217	0,000007	0,000010
21717,828217	0,000018	0,000018
21737,826217	0,000015	0,000015
21757,824218	0,000006	0,000006
21777,822218	0,000003	0,000008
21797,820218	0,000010	0,000019
21817,818218	0,000008	0,000019
21837,816218	0,000005	0,000011
21857,814219	0,000008	0,000008
21877,812219	0,000012	0,000015
21897,810219	0,000024	0,000020
21917,808219	0,000024	0,000020
21937,806219	0,000014	0,000018
21957,804220	0,000006	0,000005
21977,802220	0,000011	0,000005
21997,800220	0,000014	0,000001
22017,798220	0,000013	0,000005
22037,796220	0,000019	0,000014
22057,794221	0,000021	0,000014
22077,792221	0,000005	0,000010
22097,790221	0,000017	0,000015
22117,788221	0,000014	0,000002
22137,786221	0,000006	0,000006
22157,784222	0,000011	0,000008
22177,782222	0,000008	0,000014
22197,780222	0,000002	0,000009
22217,778222	0,000002	0,000003
22237,776222	0,000004	0,000005
22257,774223	0,000013	0,000010
22277,772223	0,000014	0,000015
22297,770223	0,000002	0,000003
22317,768223	0,000025	0,000017
22337,766223	0,000025	0,000016
22357,764224	0,000019	0,000009
22377,762224	0,000008	0,000010
22397,760224	0,000016	0,000009
22417,758224	0,000022	0,000021
22437,756224	0,000014	0,000015
22457,754225	0,000012	0,000002
22477,752225	0,000012	0,000008
22497,750225	0,000004	0,000009
22517,748225	0,000009	0,000013
22537,746225	0,000010	0,000010
22557,744226	0,000010	0,000010
22577,742226	0,000023	0,000024
22597,740226	0,000027	0,000022
22617,738226	0,000030	0,000028
22637,736226	0,000017	0,000015
22657,734227	0,000004	0,000008
22677,732227	0,000011	0,000012
22697,730227	0,000011	0,000012
22717,728227	0,000006	0,000013
22737,726227	0,000006	0,000023
22757,724228	0,000005	0,000018
22777,722228	0,000006	0,000015
22797,720228	0,000007	0,000006
22817,718228	0,000009	0,000005
22837,716228	0,000004	0,000003
22857,714229	0,000011	0,000001
22877,712229	0,000005	0,000012
22897,710229	0,000013	0,000011
22917,708229	0,000009	0,000005
22937,706229	0,000010	0,000010
22957,704230	0,000011	0,000011
22977,702230	0,000013	0,000010
22997,700230	0,000017	0,000010
23017,698230	0,000018	0,000009
23037,696230	0,000008	0,000012
23057,694231	0,000007	0,000013
23077,692231	0,000015	0,000008
23097,690231	0,000009	0,000003
23117,688231	0,000012	0,000004
23137,686231	0,000005	0,000006
23157,684232	0,000019	0,000013
23177,682232	0,000016	0,000019
23197,680232	0,000008	0,000005
23217,678232	0,000014	0,000007
23237,676232	0,000013	0,000010
23257,674233	0,000015	0,000015
23277,672233	0,000015	0,000010
23297,670233	0,000010	0,000013
23317,668233	0,000010	0,000012
23337,666233	0,000000	0,000004
23357,664234	0,000014	0,000026
23377,662234	0,000012	0,000023
23397,660234	0,000006	0,000009
23417,658234	0,000010	0,000012
23437,656234	0,000006	0,000010
23457,654235	0,000010	0,000008
23477,652235	0,000018	0,000008
23497,650235	0,000012	0,000007
23517,648235	0,000007	0,000003
23537,646235	0,000014	0,000009
23557,644236	0,000017	0,000011
23577,642236	0,000010	0,000011
23597,640236	0,000009	0,000014
23617,638236	0,000012	0,000016
23637,636236	0,000012	0,000008
23657,634237	0,000005	0,000007
23677,632237	0,000009	0,000005
23697,630237	0,000016	0,000012
23717,628237	0,000018	0,000015
23737,626237	0,000019	0,000012
23757,624238	0,000018	0,000005
23777,622238	0,000008	0,000005
23797,620238	0,000005	0,000007
23817,618238	0,000009	0,000007
23837,616238	0,000012	0,000004
23857,614239	0,000014	0,000006
23877,612239	0,000011	0,000015
23897,610239	0,000011	0,000013
23917,608239	0,000004	0,000002
23937,606239	0,000017	0,000015
23957,604240	0,000032	0,000022
23977,602240	0,000018	0,000012
23997,600240	0,000002	0,000012
24017,598240	0,000010	0,000011
24037,596240	0,000013	0,000006
24057,594241	0,000009	0,000007
24077,592241	0,000009	0,000002
24097,590241	0,000015	0,000011
24117,588241	0,000006	0,000006
24137,586241	0,000011	0,000010
24157,584242	0,000008	0,000014
24177,582242	0,000013	0,000003
24197,580242	0,000020	0,000013
24217,578242	0,000015	0,000002
24237,576242	0,000014	0,000011
24257,574243	0,000005	0,000005
24277,572243	0,000014	0,000007
24297,570243	0,000018	0,000011
24317,568243	0,000017	0,000008
24337,566243	0,000015	0,000009
24357,564244	0,000023	0,000013
24377,562244	0,000034	0,000022
24397,560244	0,000029	0,000030
24417,558244	0,000011	0,000013
24437,556244	0,000005	0,000013
24457,554245	0,000014	0,000016
24477,552245	0,000015	0,000019
24497,550245	0,000009	0,000007
24517,548245	0,000009	0,000006
24537,546245	0,000011	0,000012
24557,544246	0,000017	0,000018
24577,542246	0,000011	0,000014
24597,540246	0,000001	0,000014
24617,538246	0,000005	0,000015
24637,536246	0,000008	0,000005
24657,534247	0,000019	0,000012
24677,532247	0,000023	0,000011
24697,530247	0,000013	0,000004
24717,528247	0,000002	0,000006
24737,526247	0,000003	0,000009
24757,524248	0,000006	0,000008
24777,522248	0,000010	0,000002
24797,520248	0,000006	0,000009
24817,518248	0,000012	0,000012
24837,516248	0,000012	0,000004
24857,514249	0,000004	0,000015
24877,512249	0,000010	0,000015
24897,510249	0,000015	0,000014
24917,508249	0,000008	0,000002
24937,506249	0,000004	0,000008
24957,504250	0,000013	0,000017
24977,502250	0,000013	0,000019
24997,500250	0,000009	0,000012
25017,498250	0,000009	0,000008
25037,496250	0,000011	0,000022
25057,494251	0,000009	0,000020
25077,492251	0,000002	0,000010
25097,490251	0,000003	0,000007
25117,488251	0,000009	0,000007
25137,486251	0,000010	0,000005
25157,484252	0,000005	0,000007
25177,482252	0,000015	0,000027
25197,480252	0,000015	0,000029
25217,478252	0,000010	0,000014
25237,476252	0,000005	0,000009
25257,474253	0,000010	0,000011
25277,472253	0,000013	0,000014
25297,470253	0,000010	0,000016
25317,468253	0,000015	0,000008
25337,466253	0,000020	0,000012
25357,464254	0,000013	0,000007
25377,462254	0,000012	0,000007
25397,460254	0,000013	0,000010
25417,458254	0,000013	0,000009
25437,456254	0,000013	0,000008
25457,454255	0,000009	0,000012
25477,452255	0,000000	0,000008
25497,450255	0,000014	0,000013
25517,448255	0,000013	0,000011
25537,446255	0,000009	0,000010
25557,444256	0,000003	0,000019
25577,442256	0,000005	0,000023
25597,440256	0,000013	0,000011
25617,438256	0,000018	0,000021
25637,436256	0,000008	0,000016
25657,434257	0,000013	0,000012
25677,432257	0,000030	0,000004
25697,430257	0,000043	0,000017
25717,428257	0,000030	0,000016
25737,426257	0,000006	0,000007
25757,424258	0,000015	0,000016
25777,422258	0,000017	0,000016
25797,420258	0,000010	0,000009
25817,418258	0,000010	0,000004
25837,416258	0,000018	0,000010
25857,414259	0,000023	0,000027
25877,412259	0,000015	0,000022
25897,410259	0,000004	0,000014
25917,408259	0,000010	0,000013
25937,406259	0,000008	0,000006
25957,404260	0,000001	0,000015
25977,402260	0,000001	0,000015
25997,400260	0,000005	0,000014
26017,398260	0,000012	0,000013
26037,396260	0,000010	0,000006
26057,394261	0,000014	0,000009
26077,392261	0,000016	0,000008
26097,390261	0,000012	0,000009
26117,388261	0,000016	0,000010
26137,386261	0,000017	0,000010
26157,384262	0,000011	0,000012
26177,382262	0,000007	0,000015
26197,380262	0,000011	0,000014
26217,378262	0,000014	0,000002
26237,376262	0,000017	0,000003
26257,374263	0,000023	0,000010
26277,372263	0,000018	0,000009
26297,370263	0,000010	0,000009
26317,368263	0,000019	0,000009
26337,366263	0,000017	0,000014
26357,364264	0,000013	0,000007
26377,362264	0,000019	0,000001
26397,360264	0,000011	0,000003
26417,358264	0,000004	0,000006
26437,356264	0,000007	0,000005
26457,354265	0,000013	0,000004
26477,352265	0,000007	0,000007
26497,350265	0,000004	0,000013
26517,348265	0,000012	0,000006
26537,346265	0,000017	0,000003
26557,344266	0,000016	0,000006
26577,342266	0,000013	0,000006
26597,340266	0,000012	0,000000
26617,338266	0,000013	0,000009
26637,336266	0,000028	0,000015
26657,334267	0,000016	0,000010
26677,332267	0,000006	0,000016
26697,330267	0,000010	0,000013
26717,328267	0,000012	0,000004
26737,326267	0,000015	0,000018
26757,324268	0,000006	0,000014
26777,322268	0,000010	0,000002
26797,320268	0,000006	0,000003
26817,318268	0,000007	0,000005
26837,316268	0,000014	0,000008
26857,314269	0,000006	0,000007
26877,312269	0,000003	0,000010
26897,310269	0,000011	0,000008
26917,308269	0,000019	0,000010
26937,306269	0,000013	0,000008
26957,304270	0,000008	0,000003
26977,302270	0,000002	0,000003
26997,300270	0,000002	0,000013
27017,298270	0,000004	0,000017
27037,296270	0,000010	0,000013
27057,294271	0,000008	0,000016
27077,292271	0,000009	0,000010
27097,290271	0,000001	0,000017
27117,288271	0,000012	0,000020
27137,286271	0,000010	0,000012
27157,284272	0,000007	0,000008
27177,282272	0,000015	0,000010
27197,280272	0,000016	0,000010
27217,278272	0,000014	0,000007
27237,276272	0,000008	0,000012
27257,274273	0,000017	0,000010
27277,272273	0,000019	0,000010
27297,270273	0,000021	0,000008
27317,268273	0,000018	0,000008
27337,266273	0,000012	0,000010
27357,264274	0,000015	0,000009
27377,262274	0,000016	0,000001
27397,260274	0,000012	0,000010
27417,258274	0,000003	0,000008
27437,256274	0,000008	0,000010
27457,254275	0,000013	0,000001
27477,252275	0,000012	0,000006
27497,250275	0,000011	0,000004
27517,248275	0,000010	0,000007
27537,246275	0,000011	0,000005
27557,244276	0,000016	0,000008
27577,242276	0,000014	0,000007
27597,240276	0,000003	0,000012
27617,238276	0,000009	0,000010
27637,236276	0,000010	0,000006
27657,234277	0,000001	0,000004
27677,232277	0,000008	0,000003
27697,230277	0,000012	0,000008
27717,228277	0,000020	0,000017
27737,226277	0,000015	0,000008
27757,224278	0,000006	0,000007
27777,222278	0,000007	0,000005
27797,220278	0,000008	0,000014
27817,218278	0,000024	0,000025
27837,216278	0,000023	0,000018
27857,214279	0,000022	0,000011
27877,212279	0,000015	0,000006
27897,210279	0,000007	0,000015
27917,208279	0,000011	0,000011
27937,206279	0,000006	0,000007
27957,204280	0,000012	0,000006
27977,202280	0,000008	0,000012
27997,200280	0,000005	0,000011
28017,198280	0,000010	0,000005
28037,196280	0,000005	0,000003
28057,194281	0,000007	0,000011
28077,192281	0,000010	0,000021
28097,190281	0,000016	0,000025
28117,188281	0,000020	0,000026
28137,186281	0,000020	0,000025
28157,184282	0,000016	0,000020
28177,182282	0,000016	0,000018
28197,180282	0,000007	0,000007
28217,178282	0,000009	0,000005
28237,176282	0,000005	0,000006
28257,174283	0,000003	0,000009
28277,172283	0,000003	0,000006
28297,170283	0,000009	0,000009
28317,168283	0,000015	0,000007
28337,166283	0,000018	0,000004
28357,164284	0,000006	0,000008
28377,162284	0,000004	0,000011
28397,160284	0,000015	0,000005
28417,158284	0,000017	0,000011
28437,156284	0,000004	0,000011
28457,154285	0,000023	0,000029
28477,152285	0,000017	0,000023
28497,150285	0,000006	0,000004
28517,148285	0,000011	0,000005
28537,146285	0,000007	0,000014
28557,144286	0,000014	0,000024
28577,142286	0,000005	0,000013
28597,140286	0,000011	0,000008
28617,138286	0,000008	0,000010
28637,136286	0,000001	0,000010
28657,134287	0,000002	0,000008
28677,132287	0,000008	0,000010
28697,130287	0,000011	0,000007
28717,128287	0,000012	0,000004
28737,126287	0,000008	0,000004
28757,124288	0,000006	0,000008
28777,122288	0,000009	0,000010
28797,120288	0,000010	0,000008
28817,118288	0,000003	0,000001
28837,116288	0,000010	0,000006
28857,114289	0,000018	0,000018
28877,112289	0,000011	0,000017
28897,110289	0,000002	0,000010
28917,108289	0,000006	0,000011
28937,106289	0,000006	0,000009
28957,104290	0,000009	0,000012
28977,102290	0,000012	0,000008
28997,100290	0,000006	0,000006
29017,098290	0,000003	0,000009
29037,096290	0,000017	0,000022
29057,094291	0,000024	0,000022
29077,092291	0,000015	0,000016
29097,090291	0,000007	0,000019
29117,088291	0,000009	0,000012
29137,086291	0,000020	0,000009
29157,084292	0,000010	0,000005
29177,082292	0,000005	0,000018
29197,080292	0,000005	0,000013
29217,078292	0,000012	0,000003
29237,076292	0,000016	0,000005
29257,074293	0,000014	0,000008
29277,072293	0,000011	0,000011
29297,070293	0,000015	0,000014
29317,068293	0,000030	0,000016
29337,066293	0,000030	0,000022
29357,064294	0,000018	0,000015
29377,062294	0,000008	0,000006
29397,060294	0,000005	0,000012
29417,058294	0,000015	0,000004
29437,056294	0,000009	0,000005
29457,054295	0,000005	0,000004
29477,052295	0,000010	0,000006
29497,050295	0,000005	0,000005
29517,048295	0,000014	0,000014
29537,046295	0,000014	0,000007
29557,044296	0,000002	0,000006
29577,042296	0,000003	0,000005
29597,040296	0,000006	0,000004
29617,038296	0,000007	0,000008
29637,036296	0,000004	0,000006
29657,034297	0,000004	0,000005
29677,032297	0,000007	0,000013
29697,030297	0,000013	0,000020
29717,028297	0,000011	0,000012
29737,026297	0,000008	0,000008
29757,024298	0,000019	0,000013
29777,022298	0,000008	0,000003
29797,020298	0,000010	0,000008
29817,018298	0,000008	0,000012
29837,016298	0,000006	0,000004
29857,014299	0,000007	0,000006
29877,012299	0,000004	0,000008
29897,010299	0,000007	0,000013
29917,008299	0,000014	0,000008
29937,006299	0,000018	0,000011
29957,004300	0,000006	0,000019
29977,002300	0,000006	0,000014
29997,000300	0,000010	0,000010
30016,998300	0,000013	0,000012
30036,996300	0,000004	0,000006
30056,994301	0,000007	0,000009
30076,992301	0,000009	0,000012
30096,990301	0,000003	0,000006
30116,988301	0,000008	0,000007
30136,986301	0,000003	0,000014
30156,984302	0,000007	0,000013
30176,982302	0,000013	0,000011
30196,980302	0,000011	0,000006
30216,978302	0,000003	0,000008
30236,976302	0,000009	0,000005
30256,974303	0,000015	0,000002
30276,972303	0,000009	0,000005
30296,970303	0,000004	0,000010
30316,968303	0,000008	0,000008
30336,966303	0,000008	0,000010
30356,964304	0,000009	0,000019
30376,962304	0,000013	0,000020
30396,960304	0,000019	0,000010
30416,958304	0,000008	0,000011
30436,956304	0,000014	0,000013
30456,954305	0,000009	0,000011
30476,952305	0,000012	0,000013
30496,950305	0,000021	0,000009
30516,948305	0,000019	0,000004
30536,946305	0,000007	0,000008
30556,944306	0,000008	0,000011
30576,942306	0,000011	0,000004
30596,940306	0,000012	0,000007
30616,938306	0,000011	0,000011
30636,936306	0,000006	0,000009
30656,934307	0,000002	0,000007
30676,932307	0,000012	0,000010
30696,930307	0,000015	0,000011
30716,928307	0,000009	0,000011
30736,926307	0,000005	0,000006
30756,924308	0,000003	0,000004
30776,922308	0,000004	0,000004
30796,920308	0,000006	0,000003
30816,918308	0,000009	0,000007
30836,916308	0,000005	0,000008
30856,914309	0,000011	0,000005
30876,912309	0,000012	0,000009
30896,910309	0,000005	0,000012
30916,908309	0,000014	0,000006
30936,906309	0,000010	0,000011
30956,904310	0,000010	0,000007
30976,902310	0,000015	0,000012
30996,900310	0,000009	0,000011
31016,898310	0,000004	0,000013
31036,896310	0,000007	0,000008
31056,894311	0,000004	0,000002
31076,892311	0,000007	0,000004
31096,890311	0,000009	0,000007
31116,888311	0,000013	0,000009
31136,886311	0,000009	0,000010
31156,884312	0,000008	0,000010
31176,882312	0,000008	0,000007
31196,880312	0,000009	0,000010
31216,878312	0,000002	0,000010
31236,876312	0,000006	0,000001
31256,874313	0,000006	0,000004
31276,872313	0,000005	0,000007
31296,870313	0,000009	0,000016
31316,868313	0,000008	0,000015
31336,866313	0,000012	0,000012
31356,864314	0,000007	0,000009
31376,862314	0,000015	0,000013
31396,860314	0,000008	0,000002
31416,858314	0,000002	0,000010
31436,856314	0,000005	0,000008
31456,854315	0,000005	0,000002
31476,852315	0,000005	0,000012
31496,850315	0,000009	0,000009
31516,848315	0,000017	0,000008
31536,846315	0,000021	0,000007
31556,844316	0,000008	0,000005
31576,842316	0,000000	0,000007
31596,840316	0,000006	0,000008
31616,838316	0,000006	0,000012
31636,836316	0,000015	0,000017
31656,834317	0,000012	0,000019
31676,832317	0,000002	0,000010
31696,830317	0,000005	0,000005
31716,828317	0,000013	0,000010
31736,826317	0,000016	0,000017
31756,824318	0,000022	0,000015
31776,822318	0,000019	0,000005
31796,820318	0,000013	0,000017
31816,818318	0,000003	0,000015
31836,816318	0,000005	0,000009
31856,814319	0,000007	0,000013
31876,812319	0,000007	0,000009
31896,810319	0,000004	0,000013
31916,808319	0,000005	0,000011
31936,806319	0,000009	0,000007
31956,804320	0,000008	0,000008
31976,802320	0,000014	0,000007
31996,800320	0,000019	0,000014
32016,798320	0,000008	0,000005
32036,796320	0,000004	0,000008
32056,794321	0,000007	0,000008
32076,792321	0,000010	0,000006
32096,790321	0,000013	0,000012
32116,788321	0,000011	0,000010
32136,786321	0,000008	0,000012
32156,784322	0,000006	0,000011
32176,782322	0,000007	0,000014
32196,780322	0,000009	0,000021
32216,778322	0,000007	0,000019
32236,776322	0,000007	0,000018
32256,774323	0,000008	0,000011
32276,772323	0,000002	0,000007
32296,770323	0,000007	0,000007
32316,768323	0,000011	0,000008
32336,766323	0,000007	0,000012
32356,764324	0,000003	0,000012
32376,762324	0,000006	0,000010
32396,760324	0,000009	0,000007
32416,758324	0,000006	0,000011
32436,756324	0,000003	0,000004
32456,754325	0,000001	0,000008
32476,752325	0,000002	0,000009
32496,750325	0,000007	0,000011
32516,748325	0,000008	0,000028
32536,746325	0,000008	0,000024
32556,744326	0,000009	0,000009
32576,742326	0,000007	0,000015
32596,740326	0,000008	0,000020
32616,738326	0,000016	0,000017
32636,736326	0,000008	0,000002
32656,734327	0,000002	0,000009
32676,732327	0,000008	0,000003
32696,730327	0,000004	0,000009
32716,728327	0,000008	0,000011
32736,726327	0,000014	0,000012
32756,724328	0,000017	0,000010
32776,722328	0,000008	0,000006
32796,720328	0,000012	0,000013
32816,718328	0,000017	0,000015
32836,716328	0,000007	0,000009
32856,714329	0,000007	0,000020
32876,712329	0,000014	0,000021
32896,710329	0,000013	0,000009
32916,708329	0,000021	0,000028
32936,706329	0,000023	0,000033
32956,704330	0,000011	0,000022
32976,702330	0,000006	0,000006
32996,700330	0,000010	0,000009
33016,698330	0,000017	0,000012
33036,696330	0,000009	0,000009
33056,694331	0,000010	0,000004
33076,692331	0,000011	0,000010
33096,690331	0,000003	0,000006
33116,688331	0,000003	0,000015
33136,686331	0,000007	0,000009
33156,684332	0,000018	0,000007
33176,682332	0,000016	0,000005
33196,680332	0,000009	0,000011
33216,678332	0,000014	0,000014
33236,676332	0,000015	0,000007
33256,674333	0,000011	0,000009
33276,672333	0,000013	0,000016
33296,670333	0,000018	0,000010
33316,668333	0,000014	0,000010
33336,666333	0,000008	0,000008
33356,664334	0,000008	0,000003
33376,662334	0,000005	0,000006
33396,660334	0,000008	0,000009
33416,658334	0,000009	0,000003
33436,656334	0,000003	0,000009
33456,654335	0,000007	0,000016
33476,652335	0,000005	0,000022
33496,650335	0,000006	0,000014
33516,648335	0,000008	0,000004
33536,646335	0,000005	0,000007
33556,644336	0,000010	0,000005
33576,642336	0,000011	0,000002
33596,640336	0,000005	0,000005
33616,638336	0,000003	0,000000
33636,636336	0,000008	0,000003
33656,634337	0,000009	0,000004
33676,632337	0,000006	0,000008
33696,630337	0,000004	0,000008
33716,628337	0,000010	0,000010
33736,626337	0,000010	0,000008
33756,624338	0,000005	0,000004
33776,622338	0,000007	0,000011
33796,620338	0,000007	0,000008
33816,618338	0,000004	0,000004
33836,616338	0,000011	0,000003
33856,614339	0,000011	0,000002
33876,612339	0,000007	0,000010
33896,610339	0,000009	0,000012
33916,608339	0,000004	0,000012
33936,606339	0,000003	0,000005
33956,604340	0,000004	0,000009
33976,602340	0,000003	0,000010
33996,600340	0,000004	0,000006
34016,598340	0,000005	0,000015
34036,596340	0,000007	0,000009
34056,594341	0,000010	0,000006
34076,592341	0,000007	0,000007
34096,590341	0,000004	0,000005
34116,588341	0,000016	0,000006
34136,586341	0,000017	0,000012
34156,584342	0,000016	0,000011
34176,582342	0,000011	0,000003
34196,580342	0,000010	0,000002
34216,578342	0,000007	0,000006
34236,576342	0,000003	0,000012
34256,574343	0,000005	0,000010
34276,572343	0,000010	0,000006
34296,570343	0,000008	0,000002
34316,568343	0,000013	0,000016
34336,566343	0,000012	0,000016
34356,564344	0,000015	0,000003
34376,562344	0,000019	0,000006
34396,560344	0,000021	0,000003
34416,558344	0,000013	0,000006
34436,556344	0,000007	0,000005
34456,554345	0,000008	0,000008
34476,552345	0,000011	0,000013
34496,550345	0,000009	0,000015
34516,548345	0,000014	0,000018
34536,546345	0,000018	0,000011
34556,544346	0,000010	0,000007
34576,542346	0,000003	0,000007
34596,540346	0,000007	0,000008
34616,538346	0,000008	0,000010
34636,536346	0,000008	0,000004
34656,534347	0,000012	0,000009
34676,532347	0,000009	0,000004
34696,530347	0,000004	0,000005
34716,528347	0,000003	0,000002
34736,526347	0,000008	0,000011
34756,524348	0,000010	0,000010
34776,522348	0,000016	0,000006
34796,520348	0,000007	0,000006
34816,518348	0,000005	0,000014
34836,516348	0,000008	0,000012
34856,514349	0,000005	0,000003
34876,512349	0,000007	0,000006
34896,510349	0,000013	0,000007
34916,508349	0,000012	0,000001
34936,506349	0,000010	0,000008
34956,504350	0,000009	0,000012
34976,502350	0,000007	0,000007
34996,500350	0,000011	0,000005
35016,498350	0,000009	0,000007
35036,496350	0,000003	0,000017
35056,494351	0,000003	0,000016
35076,492351	0,000005	0,000014
35096,490351	0,000003	0,000008
35116,488351	0,000011	0,000006
35136,486351	0,000010	0,000003
35156,484352	0,000004	0,000010
35176,482352	0,000013	0,000018
35196,480352	0,000018	0,000009
35216,478352	0,000011	0,000003
35236,476352	0,000006	0,000007
35256,474353	0,000010	0,000012
35276,472353	0,000012	0,000014
35296,470353	0,000008	0,000005
35316,468353	0,000014	0,000018
35336,466353	0,000014	0,000025
35356,464354	0,000002	0,000017
35376,462354	0,000009	0,000015
35396,460354	0,000010	0,000019
35416,458354	0,000010	0,000010
35436,456354	0,000008	0,000008
35456,454355	0,000012	0,000013
35476,452355	0,000004	0,000004
35496,450355	0,000010	0,000020
35516,448355	0,000013	0,000018
35536,446355	0,000014	0,000016
35556,444356	0,000019	0,000012
35576,442356	0,000025	0,000020
35596,440356	0,000019	0,000018
35616,438356	0,000005	0,000007
35636,436356	0,000007	0,000011
35656,434357	0,000001	0,000005
35676,432357	0,000005	0,000007
35696,430357	0,000007	0,000008
35716,428357	0,000004	0,000006
35736,426357	0,000005	0,000007
35756,424358	0,000002	0,000010
35776,422358	0,000005	0,000007
35796,420358	0,000003	0,000007
35816,418358	0,000007	0,000013
35836,416358	0,000001	0,000017
35856,414359	0,000004	0,000008
35876,412359	0,000003	0,000005
35896,410359	0,000003	0,000004
35916,408359	0,000015	0,000019
35936,406359	0,000022	0,000015
35956,404360	0,000010	0,000005
35976,402360	0,000007	0,000009
35996,400360	0,000003	0,000002
36016,398360	0,000002	0,000014
36036,396360	0,000013	0,000008
36056,394361	0,000015	0,000009
36076,392361	0,000012	0,000007
36096,390361	0,000009	0,000005
36116,388361	0,000006	0,000009
36136,386361	0,000010	0,000010
36156,384362	0,000010	0,000006
36176,382362	0,000012	0,000004
36196,380362	0,000011	0,000014
36216,378362	0,000013	0,000010
36236,376362	0,000007	0,000004
36256,374363	0,000006	0,000015
36276,372363	0,000007	0,000012
36296,370363	0,000002	0,000006
36316,368363	0,000007	0,000006
36336,366363	0,000006	0,000014
36356,364364	0,000009	0,000010
36376,362364	0,000011	0,000006
36396,360364	0,000006	0,000010
36416,358364	0,000003	0,000017
36436,356364	0,000008	0,000014
36456,354365	0,000004	0,000006
36476,352365	0,000014	0,000008
36496,350365	0,000014	0,000011
36516,348365	0,000006	0,000007
36536,346365	0,000001	0,000008
36556,344366	0,000009	0,000014
36576,342366	0,000008	0,000013
36596,340366	0,000011	0,000013
36616,338366	0,000010	0,000008
36636,336366	0,000006	0,000008
36656,334367	0,000003	0,000009
36676,332367	0,000006	0,000012
36696,330367	0,000010	0,000008
36716,328367	0,000013	0,000004
36736,326367	0,000009	0,000004
36756,324368	0,000006	0,000004
36776,322368	0,000015	0,000002
36796,320368	0,000008	0,000011
36816,318368	0,000007	0,000002
36836,316368	0,000007	0,000011
36856,314369	0,000002	0,000011
36876,312369	0,000006	0,000004
36896,310369	0,000008	0,000002
36916,308369	0,000010	0,000001
36936,306369	0,000010	0,000004
36956,304370	0,000009	0,000006
36976,302370	0,000014	0,000009
36996,300370	0,000011	0,000013
37016,298370	0,000014	0,000012
37036,296370	0,000011	0,000007
37056,294371	0,000011	0,000007
37076,292371	0,000004	0,000004
37096,290371	0,000007	0,000015
37116,288371	0,000010	0,000014
37136,286371	0,000004	0,000009
37156,284372	0,000005	0,000010
37176,282372	0,000002	0,000008
37196,280372	0,000004	0,000007
37216,278372	0,000007	0,000010
37236,276372	0,000007	0,000010
37256,274373	0,000017	0,000006
37276,272373	0,000023	0,000009
37296,270373	0,000020	0,000006
37316,268373	0,000007	0,000008
37336,266373	0,000007	0,000006
37356,264374	0,000007	0,000005
37376,262374	0,000006	0,000010
37396,260374	0,000017	0,000009
37416,258374	0,000014	0,000019
37436,256374	0,000004	0,000014
37456,254375	0,000009	0,000006
37476,252375	0,000009	0,000006
37496,250375	0,000003	0,000001
37516,248375	0,000001	0,000003
37536,246375	0,000001	0,000009
37556,244376	0,000005	0,000010
37576,242376	0,000003	0,000012
37596,240376	0,000010	0,000009
37616,238376	0,000017	0,000010
37636,236376	0,000015	0,000012
37656,234377	0,000013	0,000018
37676,232377	0,000013	0,000009
37696,230377	0,000006	0,000003
37716,228377	0,000010	0,000007
37736,226377	0,000017	0,000005
37756,224378	0,000013	0,000012
37776,222378	0,000007	0,000013
37796,220378	0,000006	0,000011
37816,218378	0,000012	0,000005
37836,216378	0,000014	0,000017
37856,214379	0,000007	0,000015
37876,212379	0,000004	0,000007
37896,210379	0,000008	0,000013
37916,208379	0,000002	0,000002
37936,206379	0,000008	0,000012
37956,204380	0,000004	0,000011
37976,202380	0,000007	0,000012
37996,200380	0,000018	0,000006
38016,198380	0,000020	0,000004
38036,196380	0,000016	0,000011
38056,194381	0,000013	0,000011
38076,192381	0,000009	0,000002
38096,190381	0,000004	0,000009
38116,188381	0,000004	0,000013
38136,186381	0,000007	0,000011
38156,184382	0,000004	0,000008
38176,182382	0,000008	0,000005
38196,180382	0,000007	0,000004
38216,178382	0,000002	0,000004
38236,176382	0,000009	0,000005
38256,174383	0,000008	0,000008
38276,172383	0,000005	0,000008
38296,170383	0,000009	0,000009
38316,168383	0,000010	0,000015
38336,166383	0,000002	0,000007
38356,164384	0,000005	0,000007
38376,162384	0,000005	0,000010
38396,160384	0,000009	0,000013
38416,158384	0,000005	0,000013
38436,156384	0,000009	0,000003
38456,154385	0,000008	0,000010
38476,152385	0,000010	0,000009
38496,150385	0,000002	0,000006
38516,148385	0,000010	0,000009
38536,146385	0,000005	0,000010
38556,144386	0,000003	0,000008
38576,142386	0,000007	0,000010
38596,140386	0,000009	0,000016
38616,138386	0,000008	0,000012
38636,136386	0,000007	0,000011
38656,134387	0,000006	0,000010
38676,132387	0,000006	0,000008
38696,130387	0,000006	0,000012
38716,128387	0,000001	0,000009
38736,126387	0,000003	0,000011
38756,124388	0,000001	0,000017
38776,122388	0,000008	0,000014
38796,120388	0,000005	0,000006
38816,118388	0,000008	0,000009
38836,116388	0,000009	0,000004
38856,114389	0,000009	0,000006
38876,112389	0,000008	0,000003
38896,110389	0,000012	0,000002
38916,108389	0,000011	0,000012
38936,106389	0,000005	0,000011
38956,104390	0,000003	0,000008
38976,102390	0,000006	0,000015
38996,100390	0,000009	0,000010
39016,098390	0,000014	0,000005
39036,096390	0,000009	0,000013
39056,094391	0,000002	0,000020
39076,092391	0,000010	0,000015
39096,090391	0,000017	0,000017
39116,088391	0,000011	0,000010
39136,086391	0,000003	0,000003
39156,084392	0,000005	0,000005
39176,082392	0,000006	0,000006
39196,080392	0,000008	0,000002
39216,078392	0,000003	0,000001
39236,076392	0,000004	0,000006
39256,074393	0,000007	0,000012
39276,072393	0,000008	0,000015
39296,070393	0,000009	0,000014
39316,068393	0,000009	0,000011
39336,066393	0,000005	0,000012
39356,064394	0,000002	0,000005
39376,062394	0,000000	0,000008
39396,060394	0,000012	0,000012
39416,058394	0,000016	0,000017
39436,056394	0,000012	0,000009
39456,054395	0,000017	0,000012
39476,052395	0,000019	0,000014
39496,050395	0,000011	0,000006
39516,048395	0,000003	0,000008
39536,046395	0,000013	0,000020
39556,044396	0,000016	0,000021
39576,042396	0,000010	0,000008
39596,040396	0,000008	0,000009
39616,038396	0,000007	0,000015
39636,036396	0,000007	0,000015
39656,034397	0,000007	0,000012
39676,032397	0,000011	0,000014
39696,030397	0,000015	0,000003
39716,028397	0,000010	0,000006
39736,026397	0,000011	0,000010
39756,024398	0,000007	0,000006
39776,022398	0,000014	0,000008
39796,020398	0,000014	0,000009
39816,018398	0,000002	0,000003
39836,016398	0,000004	0,000006
39856,014399	0,000004	0,000015
39876,012399	0,000009	0,000015
39896,010399	0,000007	0,000014
39916,008399	0,000008	0,000005
39936,006399	0,000013	0,000013
39956,004400	0,000007	0,000009
39976,002400	0,000001	0,000004
39996,000400	0,000007	0,000005
40015,998400	0,000006	0,000007
40035,996400	0,000006	0,000011
40055,994401	0,000011	0,000013
40075,992401	0,000012	0,000014
40095,990401	0,000011	0,000011
40115,988401	0,000014	0,000001
40135,986401	0,000008	0,000003
40155,984402	0,000005	0,000008
40175,982402	0,000008	0,000010
40195,980402	0,000009	0,000013
40215,978402	0,000004	0,000007
40235,976402	0,000002	0,000010
40255,974403	0,000005	0,000008
40275,972403	0,000005	0,000005
40295,970403	0,000008	0,000006
40315,968403	0,000007	0,000013
40335,966403	0,000005	0,000011
40355,964404	0,000008	0,000006
40375,962404	0,000010	0,000008
40395,960404	0,000011	0,000011
40415,958404	0,000009	0,000013
40435,956404	0,000002	0,000014
40455,954405	0,000005	0,000012
40475,952405	0,000011	0,000016
40495,950405	0,000010	0,000008
40515,948405	0,000002	0,000005
40535,946405	0,000010	0,000009
40555,944406	0,000009	0,000008
40575,942406	0,000007	0,000002
40595,940406	0,000019	0,000001
40615,938406	0,000013	0,000004
40635,936406	0,000003	0,000005
40655,934407	0,000008	0,000005
40675,932407	0,000002	0,000013
40695,930407	0,000004	0,000019
40715,928407	0,000002	0,000012
40735,926407	0,000011	0,000009
40755,924408	0,000008	0,000011
40775,922408	0,000007	0,000009
40795,920408	0,000017	0,000006
40815,918408	0,000016	0,000007
40835,916408	0,000008	0,000009
40855,914409	0,000003	0,000003
40875,912409	0,000008	0,000004
40895,910409	0,000006	0,000012
40915,908409	0,000003	0,000015
40935,906409	0,000009	0,000006
40955,904410	0,000007	0,000007
40975,902410	0,000007	0,000011
40995,900410	0,000002	0,000007
41015,898410	0,000005	0,000005
41035,896410	0,000012	0,000007
41055,894411	0,000015	0,000003
41075,892411	0,000012	0,000005
41095,890411	0,000007	0,000004
41115,888411	0,000003	0,000004
41135,886411	0,000010	0,000003
41155,884412	0,000006	0,000008
41175,882412	0,000005	0,000005
41195,880412	0,000011	0,000006
41215,878412	0,000008	0,000008
41235,876412	0,000001	0,000007
41255,874413	0,000005	0,000008
41275,872413	0,000011	0,000005
41295,870413	0,000005	0,000009
41315,868413	0,000004	0,000012
41335,866413	0,000006	0,000011
41355,864414	0,000008	0,000004
41375,862414	0,000014	0,000004
41395,860414	0,000008	0,000008
41415,858414	0,000010	0,000013
41435,856414	0,000011	0,000009
41455,854415	0,000004	0,000010
41475,852415	0,000007	0,000012
41495,850415	0,000010	0,000013
41515,848415	0,000007	0,000014
41535,846415	0,000015	0,000010
41555,844416	0,000011	0,000010
41575,842416	0,000001	0,000010
41595,840416	0,000006	0,000007
41615,838416	0,000004	0,000004
41635,836416	0,000007	0,000004
41655,834417	0,000007	0,000008
41675,832417	0,000003	0,000003
41695,830417	0,000004	0,000004
41715,828417	0,000007	0,000003
41735,826417	0,000005	0,000008
41755,824418	0,000009	0,000005
41775,822418	0,000006	0,000002
41795,820418	0,000011	0,000005
41815,818418	0,000008	0,000003
41835,816418	0,000007	0,000003
41855,814419	0,000011	0,000002
41875,812419	0,000009	0,000008
41895,810419	0,000002	0,000010
41915,808419	0,000019	0,000007
41935,806419	0,000023	0,000006
41955,804420	0,000012	0,000012
41975,802420	0,000001	0,000008
41995,800420	0,000009	0,000004
42015,798420	0,000006	0,000005
42035,796420	0,000010	0,000005
42055,794421	0,000009	0,000009
42075,792421	0,000001	0,000006
42095,790421	0,000008	0,000009
42115,788421	0,000009	0,000006
42135,786421	0,000007	0,000014
42155,784422	0,000004	0,000006
42175,782422	0,000005	0,000004
42195,780422	0,000012	0,000017
42215,778422	0,000011	0,000017
42235,776422	0,000011	0,000011
42255,774423	0,000010	0,000011
42275,772423	0,000004	0,000007
42295,770423	0,000005	0,000011
42315,768423	0,000001	0,000012
42335,766423	0,000006	0,000006
42355,764424	0,000012	0,000009
42375,762424	0,000014	0,000007
42395,760424	0,000014	0,000002
42415,758424	0,000016	0,000003
42435,756424	0,000016	0,000008
42455,754425	0,000010	0,000007
42475,752425	0,000009	0,000008
42495,750425	0,000017	0,000010
42515,748425	0,000008	0,000002
42535,746425	0,000005	0,000008
42555,744426	0,000005	0,000005
42575,742426	0,000005	0,000007
42595,740426	0,000002	0,000003
42615,738426	0,000001	0,000005
42635,736426	0,000003	0,000006
42655,734427	0,000004	0,000004
42675,732427	0,000007	0,000009
42695,730427	0,000012	0,000014
42715,728427	0,000007	0,000007
42735,726427	0,000000	0,000004
42755,724428	0,000006	0,000009
42775,722428	0,000012	0,000016
42795,720428	0,000008	0,000010
42815,718428	0,000001	0,000001
42835,716428	0,000002	0,000004
42855,714429	0,000004	0,000010
42875,712429	0,000008	0,000011
42895,710429	0,000013	0,000017
42915,708429	0,000017	0,000013
42935,706429	0,000010	0,000007
42955,704430	0,000001	0,000002
42975,702430	0,000011	0,000011
42995,700430	0,000015	0,000016
43015,698430	0,000015	0,000013
43035,696430	0,000011	0,000007
43055,694431	0,000004	0,000004
43075,692431	0,000002	0,000007
43095,690431	0,000005	0,000001
43115,688431	0,000007	0,000002
43135,686431	0,000009	0,000004
43155,684432	0,000011	0,000007
43175,682432	0,000008	0,000011
43195,680432	0,000003	0,000013
43215,678432	0,000003	0,000008
43235,676432	0,000006	0,000010
43255,674433	0,000009	0,000014
43275,672433	0,000013	0,000013
43295,670433	0,000005	0,000014
43315,668433	0,000004	0,000013
43335,666433	0,000009	0,000006
43355,664434	0,000013	0,000004
43375,662434	0,000012	0,000005
43395,660434	0,000004	0,000005
43415,658434	0,000009	0,000012
43435,656434	0,000003	0,000004
43455,654435	0,000009	0,000009
43475,652435	0,000005	0,000004
43495,650435	0,000006	0,000006
43515,648435	0,000011	0,000004
43535,646435	0,000007	0,000007
43555,644436	0,000009	0,000008
43575,642436	0,000007	0,000009
43595,640436	0,000005	0,000009
43615,638436	0,000011	0,000010
43635,636436	0,000013	0,000006
43655,634437	0,000010	0,000008
43675,632437	0,000006	0,000005
43695,630437	0,000012	0,000012
43715,628437	0,000016	0,000013
43735,626437	0,000009	0,000002
43755,624438	0,000011	0,000010
43775,622438	0,000014	0,000015
43795,620438	0,000003	0,000007
43815,618438	0,000003	0,000011
43835,616438	0,000003	0,000008
43855,614439	0,000006	0,000004
43875,612439	0,000008	0,000005
43895,610439	0,000006	0,000005
43915,608439	0,000006	0,000005
43935,606439	0,000015	0,000013
43955,604440	0,000009	0,000005
43975,602440	0,000010	0,000005
43995,600440	0,000012	0,000009
44015,598440	0,000018	0,000007
44035,596440	0,000016	0,000004
44055,594441	0,000009	0,000006
44075,592441	0,000011	0,000010
44095,590441	0,000017	0,000015
44115,588441	0,000016	0,000016
44135,586441	0,000004	0,000011
44155,584442	0,000004	0,000004
44175,582442	0,000006	0,000002
44195,580442	0,000015	0,000002
44215,578442	0,000009	0,000004
44235,576442	0,000008	0,000007
44255,574443	0,000001	0,000005
44275,572443	0,000005	0,000005
44295,570443	0,000013	0,000008
44315,568443	0,000010	0,000005
44335,566443	0,000003	0,000003
44355,564444	0,000014	0,000000
44375,562444	0,000016	0,000001
44395,560444	0,000014	0,000005
44415,558444	0,000017	0,000002
44435,556444	0,000007	0,000010
44455,554445	0,000005	0,000009
44475,552445	0,000009	0,000010
44495,550445	0,000012	0,000009
44515,548445	0,000003	0,000007
44535,546445	0,000004	0,000002
44555,544446	0,000007	0,000007
44575,542446	0,000005	0,000013
44595,540446	0,000002	0,000008
44615,538446	0,000002	0,000003
44635,536446	0,000003	0,000003
44655,534447	0,000006	0,000009
44675,532447	0,000008	0,000012
44695,530447	0,000009	0,000007
44715,528447	0,000011	0,000006
44735,526447	0,000009	0,000007
44755,524448	0,000009	0,000005
44775,522448	0,000012	0,000002
44795,520448	0,000008	0,000006
44815,518448	0,000007	0,000003
44835,516448	0,000002	0,000004
44855,514449	0,000008	0,000008
44875,512449	0,000010	0,000009
44895,510449	0,000008	0,000005
44915,508449	0,000001	0,000010
44935,506449	0,000004	0,000004
44955,504450	0,000007	0,000004
44975,502450	0,000007	0,000007
44995,500450	0,000010	0,000010
45015,498450	0,000007	0,000006
45035,496450	0,000009	0,000003
45055,494451	0,000004	0,000009
45075,492451	0,000004	0,000003
45095,490451	0,000012	0,000011
45115,488451	0,000014	0,000010
45135,486451	0,000002	0,000002
45155,484452	0,000013	0,000007
45175,482452	0,000017	0,000004
45195,480452	0,000010	0,000008
45215,478452	0,000001	0,000014
45235,476452	0,000007	0,000015
45255,474453	0,000005	0,000014
45275,472453	0,000006	0,000013
45295,470453	0,000012	0,000010
45315,468453	0,000015	0,000005
45335,466453	0,000008	0,000007
45355,464454	0,000005	0,000004
45375,462454	0,000004	0,000002
45395,460454	0,000004	0,000008
45415,458454	0,000004	0,000003
45435,456454	0,000002	0,000011
45455,454455	0,000012	0,000012
45475,452455	0,000009	0,000010
45495,450455	0,000005	0,000011
45515,448455	0,000004	0,000014
45535,446455	0,000007	0,000010
45555,444456	0,000007	0,000007
45575,442456	0,000005	0,000013
45595,440456	0,000004	0,000015
45615,438456	0,000012	0,000015
45635,436456	0,000016	0,000007
45655,434457	0,000011	0,000007
45675,432457	0,000008	0,000003
45695,430457	0,000004	0,000003
45715,428457	0,000008	0,000007
45735,426457	0,000005	0,000007
45755,424458	0,000008	0,000008
45775,422458	0,000004	0,000011
45795,420458	0,000003	0,000007
45815,418458	0,000015	0,000006
45835,416458	0,000014	0,000009
45855,414459	0,000008	0,000006
45875,412459	0,000007	0,000003
45895,410459	0,000014	0,000003
45915,408459	0,000013	0,000003
45935,406459	0,000005	0,000007
45955,404460	0,000004	0,000004
45975,402460	0,000003	0,000002
45995,400460	0,000005	0,000006
46015,398460	0,000008	0,000005
46035,396460	0,000005	0,000001
46055,394461	0,000007	0,000008
46075,392461	0,000008	0,000010
46095,390461	0,000008	0,000006
46115,388461	0,000017	0,000011
46135,386461	0,000016	0,000012
46155,384462	0,000009	0,000013
46175,382462	0,000005	0,000004
46195,380462	0,000006	0,000007
46215,378462	0,000003	0,000012
46235,376462	0,000004	0,000012
46255,374463	0,000005	0,000009
46275,372463	0,000013	0,000003
46295,370463	0,000008	0,000003
46315,368463	0,000004	0,000007
46335,366463	0,000012	0,000009
46355,364464	0,000007	0,000010
46375,362464	0,000006	0,000007
46395,360464	0,000010	0,000010
46415,358464	0,000007	0,000020
46435,356464	0,000006	0,000022
46455,354465	0,000001	0,000016
46475,352465	0,000006	0,000012
46495,350465	0,000006	0,000013
46515,348465	0,000002	0,000011
46535,346465	0,000008	0,000001
46555,344466	0,000007	0,000008
46575,342466	0,000006	0,000002
46595,340466	0,000003	0,000004
46615,338466	0,000003	0,000005
46635,336466	0,000003	0,000003
46655,334467	0,000006	0,000005
46675,332467	0,000014	0,000008
46695,330467	0,000013	0,000002
46715,328467	0,000009	0,000003
46735,326467	0,000014	0,000009
46755,324468	0,000010	0,000014
46775,322468	0,000007	0,000008
46795,320468	0,000005	0,000008
46815,318468	0,000006	0,000011
46835,316468	0,000008	0,000021
46855,314469	0,000010	0,000022
46875,312469	0,000009	0,000010
46895,310469	0,000010	0,000008
46915,308469	0,000010	0,000015
46935,306469	0,000008	0,000019
46955,304470	0,000008	0,000013
46975,302470	0,000006	0,000005
46995,300470	0,000008	0,000012
47015,298470	0,000008	0,000012
47035,296470	0,000010	0,000016
47055,294471	0,000003	0,000006
47075,292471	0,000003	0,000011
47095,290471	0,000003	0,000007
47115,288471	0,000009	0,000008
47135,286471	0,000012	0,000014
47155,284472	0,000011	0,000012
47175,282472	0,000007	0,000010
47195,280472	0,000002	0,000004
47215,278472	0,000007	0,000004
47235,276472	0,000008	0,000005
47255,274473	0,000007	0,000002
47275,272473	0,000013	0,000003
47295,270473	0,000016	0,000004
47315,268473	0,000010	0,000006
47335,266473	0,000009	0,000009
47355,264474	0,000006	0,000006
47375,262474	0,000011	0,000009
47395,260474	0,000012	0,000008
47415,258474	0,000010	0,000001
47435,256474	0,000014	0,000005
47455,254475	0,000010	0,000003
47475,252475	0,000002	0,000012
47495,250475	0,000010	0,000004
47515,248475	0,000003	0,000009
47535,246475	0,000006	0,000004
47555,244476	0,000013	0,000009
47575,242476	0,000017	0,000013
47595,240476	0,000016	0,000008
47615,238476	0,000014	0,000007
47635,236476	0,000010	0,000005
47655,234477	0,000007	0,000003
47675,232477	0,000007	0,000009
47695,230477	0,000012	0,000007
47715,228477	0,000009	0,000005
47735,226477	0,000008	0,000004
47755,224478	0,000004	0,000006
47775,222478	0,000003	0,000006
47795,220478	0,000001	0,000006
47815,218478	0,000001	0,000007
47835,216478	0,000007	0,000011
47855,214479	0,000005	0,000008
47875,212479	0,000004	0,000007
47895,210479	0,000003	0,000013
47915,208479	0,000001	0,000012
47935,206479	0,000002	0,000010
47955,204480	0,000012	0,000007
47975,202480	0,000017	0,000000
47995,200480	0,000011	0,000013
48015,198480	0,000003	0,000009
48035,196480	0,000003	0,000005
48055,194481	0,000004	0,000007
48075,192481	0,000004	0,000002
48095,190481	0,000006	0,000010
48115,188481	0,000006	0,000010
48135,186481	0,000003	0,000006
48155,184482	0,000006	0,000008
48175,182482	0,000008	0,000009
48195,180482	0,000002	0,000005
48215,178482	0,000005	0,000005
48235,176482	0,000009	0,000013
48255,174483	0,000012	0,000016
48275,172483	0,000008	0,000012
48295,170483	0,000002	0,000012
48315,168483	0,000006	0,000016
48335,166483	0,000005	0,000008
48355,164484	0,000002	0,000005
48375,162484	0,000007	0,000006
48395,160484	0,000010	0,000006
48415,158484	0,000006	0,000004
48435,156484	0,000005	0,000006
48455,154485	0,000006	0,000007
48475,152485	0,000008	0,000004
48495,150485	0,000017	0,000007
48515,148485	0,000012	0,000007
48535,146485	0,000007	0,000005
48555,144486	0,000008	0,000008
48575,142486	0,000007	0,000007
48595,140486	0,000006	0,000006
48615,138486	0,000007	0,000011
48635,136486	0,000011	0,000012
48655,134487	0,000005	0,000007
48675,132487	0,000006	0,000004
48695,130487	0,000006	0,000010
48715,128487	0,000012	0,000012
48735,126487	0,000006	0,000007
48755,124488	0,000007	0,000007
48775,122488	0,000028	0,000020
48795,120488	0,000030	0,000019
48815,118488	0,000007	0,000005
48835,116488	0,000005	0,000006
48855,114489	0,000006	0,000007
48875,112489	0,000004	0,000009
48895,110489	0,000013	0,000017
48915,108489	0,000015	0,000010
48935,106489	0,000007	0,000003
48955,104490	0,000011	0,000002
48975,102490	0,000010	0,000009
48995,100490	0,000001	0,000009
49015,098490	0,000009	0,000002
49035,096490	0,000010	0,000002
49055,094491	0,000008	0,000004
49075,092491	0,000012	0,000010
49095,090491	0,000012	0,000007
49115,088491	0,000011	0,000006
49135,086491	0,000004	0,000007
49155,084492	0,000008	0,000005
49175,082492	0,000003	0,000007
49195,080492	0,000006	0,000016
49215,078492	0,000012	0,000006
49235,076492	0,000008	0,000008
49255,074493	0,000004	0,000009
49275,072493	0,000003	0,000008
49295,070493	0,000003	0,000005
49315,068493	0,000008	0,000004
49335,066493	0,000010	0,000008
49355,064494	0,000014	0,000017
49375,062494	0,000017	0,000023
49395,060494	0,000019	0,000019
49415,058494	0,000021	0,000010
49435,056494	0,000015	0,000004
49455,054495	0,000010	0,000004
49475,052495	0,000006	0,000009
49495,050495	0,000004	0,000007
49515,048495	0,000007	0,000006
49535,046495	0,000013	0,000006
49555,044496	0,000025	0,000018
49575,042496	0,000026	0,000015
49595,040496	0,000021	0,000007
49615,038496	0,000011	0,000019
49635,036496	0,000008	0,000016
49655,034497	0,000012	0,000012
49675,032497	0,000007	0,000008
49695,030497	0,000006	0,000004
49715,028497	0,000013	0,000015
49735,026497	0,000011	0,000026
49755,024498	0,000005	0,000014
49775,022498	0,000006	0,000006
49795,020498	0,000007	0,000011
49815,018498	0,000005	0,000006
49835,016498	0,000009	0,000003
49855,014499	0,000008	0,000007
49875,012499	0,000009	0,000010
49895,010499	0,000007	0,000012
49915,008499	0,000008	0,000011
49935,006499	0,000003	0,000002
49955,004500	0,000010	0,000008
49975,002500	0,000014	0,000005
49995,000500	0,000010	0,000010
50014,998500	0,000009	0,000006
50034,996500	0,000008	0,000006
50054,994501	0,000011	0,000010
50074,992501	0,000008	0,000011
50094,990501	0,000004	0,000005
50114,988501	0,000010	0,000004
50134,986501	0,000017	0,000014
50154,984502	0,000010	0,000010
50174,982502	0,000004	0,000006
50194,980502	0,000005	0,000010
50214,978502	0,000007	0,000003
50234,976502	0,000005	0,000002
50254,974503	0,000003	0,000005
50274,972503	0,000006	0,000001
50294,970503	0,000002	0,000006
50314,968503	0,000004	0,000007
50334,966503	0,000014	0,000012
50354,964504	0,000011	0,000007
50374,962504	0,000012	0,000005
50394,960504	0,000007	0,000004
50414,958504	0,000007	0,000014
50434,956504	0,000010	0,000015
50454,954505	0,000001	0,000008
50474,952505	0,000013	0,000008
50494,950505	0,000010	0,000011
50514,948505	0,000007	0,000007
50534,946505	0,000015	0,000007
50554,944506	0,000014	0,000008
50574,942506	0,000005	0,000007
50594,940506	0,000007	0,000001
50614,938506	0,000010	0,000007
50634,936506	0,000016	0,000005
50654,934507	0,000010	0,000009
50674,932507	0,000008	0,000006
50694,930507	0,000014	0,000002
50714,928507	0,000020	0,000009
50734,926507	0,000013	0,000017
50754,924508	0,000004	0,000011
50774,922508	0,000007	0,000008
50794,920508	0,000009	0,000004
50814,918508	0,000004	0,000005
50834,916508	0,000006	0,000005
50854,914509	0,000018	0,000006
50874,912509	0,000017	0,000007
50894,910509	0,000006	0,000012
50914,908509	0,000012	0,000016
50934,906509	0,000008	0,000012
50954,904510	0,000010	0,000010
50974,902510	0,000008	0,000009
50994,900510	0,000007	0,000006
51014,898510	0,000010	0,000003
51034,896510	0,000009	0,000002
51054,894511	0,000010	0,000004
51074,892511	0,000008	0,000006
51094,890511	0,000012	0,000010
51114,888511	0,000008	0,000002
51134,886511	0,000004	0,000009
51154,884512	0,000005	0,000008
51174,882512	0,000002	0,000010
51194,880512	0,000002	0,000012
51214,878512	0,000005	0,000009
51234,876512	0,000010	0,000011
51254,874513	0,000010	0,000008
51274,872513	0,000002	0,000001
51294,870513	0,000000	0,000005
51314,868513	0,000003	0,000006
51334,866513	0,000011	0,000003
51354,864514	0,000007	0,000009
51374,862514	0,000012	0,000010
51394,860514	0,000014	0,000005
51414,858514	0,000005	0,000007
51434,856514	0,000013	0,000005
51454,854515	0,000013	0,000011
51474,852515	0,000013	0,000014
51494,850515	0,000015	0,000016
51514,848515	0,000011	0,000018
51534,846515	0,000009	0,000009
51554,844516	0,000010	0,000005
51574,842516	0,000008	0,000005
51594,840516	0,000000	0,000002
51614,838516	0,000001	0,000003
51634,836516	0,000006	0,000010
51654,834517	0,000011	0,000014
51674,832517	0,000010	0,000008
51694,830517	0,000007	0,000004
51714,828517	0,000010	0,000008
51734,826517	0,000001	0,000009
51754,824518	0,000013	0,000006
51774,822518	0,000015	0,000009
51794,820518	0,000008	0,000006
51814,818518	0,000005	0,000002
51834,816518	0,000002	0,000006
51854,814519	0,000006	0,000011
51874,812519	0,000003	0,000010
51894,810519	0,000010	0,000009
51914,808519	0,000008	0,000002
51934,806519	0,000003	0,000003
51954,804520	0,000002	0,000008
51974,802520	0,000006	0,000007
51994,800520	0,000005	0,000001
52014,798520	0,000003	0,000010
52034,796520	0,000002	0,000008
52054,794521	0,000005	0,000007
52074,792521	0,000002	0,000011
52094,790521	0,000002	0,000003
52114,788521	0,000007	0,000007
52134,786521	0,000012	0,000011
52154,784522	0,000009	0,000012
52174,782522	0,000009	0,000013
52194,780522	0,000005	0,000012
52214,778522	0,000002	0,000001
52234,776522	0,000005	0,000012
52254,774523	0,000005	0,000010
52274,772523	0,000005	0,000003
52294,770523	0,000001	0,000008
52314,768523	0,000005	0,000011
52334,766523	0,000001	0,000001
52354,764524	0,000005	0,000007
52374,762524	0,000009	0,000001
52394,760524	0,000007	0,000007
52414,758524	0,000002	0,000008
52434,756524	0,000010	0,000009
52454,754525	0,000018	0,000006
52474,752525	0,000017	0,000002
52494,750525	0,000014	0,000003
52514,748525	0,000006	0,000005
52534,746525	0,000008	0,000011
52554,744526	0,000010	0,000005
52574,742526	0,000010	0,000011
52594,740526	0,000011	0,000010
52614,738526	0,000012	0,000012
52634,736526	0,000013	0,000014
52654,734527	0,000010	0,000007
52674,732527	0,000007	0,000003
52694,730527	0,000007	0,000015
52714,728527	0,000004	0,000017
52734,726527	0,000008	0,000013
52754,724528	0,000010	0,000010
52774,722528	0,000006	0,000007
52794,720528	0,000008	0,000007
52814,718528	0,000010	0,000006
52834,716528	0,000013	0,000004
52854,714529	0,000010	0,000005
52874,712529	0,000001	0,000011
52894,710529	0,000001	0,000006
52914,708529	0,000007	0,000003
52934,706529	0,000011	0,000001
52954,704530	0,000009	0,000005
52974,702530	0,000011	0,000010
52994,700530	0,000007	0,000007
53014,698530	0,000010	0,000004
53034,696530	0,000019	0,000013
53054,694531	0,000018	0,000012
53074,692531	0,000015	0,000011
53094,690531	0,000006	0,000009
53114,688531	0,000010	0,000004
53134,686531	0,000004	0,000002
53154,684532	0,000005	0,000004
53174,682532	0,000006	0,000005
53194,680532	0,000017	0,000010
53214,678532	0,000021	0,000007
53234,676532	0,000011	0,000007
53254,674533	0,000002	0,000004
53274,672533	0,000002	0,000011
53294,670533	0,000000	0,000018
53314,668533	0,000006	0,000016
53334,666533	0,000008	0,000005
53354,664534	0,000008	0,000009
53374,662534	0,000010	0,000007
53394,660534	0,000012	0,000009
53414,658534	0,000007	0,000006
53434,656534	0,000008	0,000005
53454,654535	0,000009	0,000008
53474,652535	0,000007	0,000009
53494,650535	0,000002	0,000003
53514,648535	0,000006	0,000010
53534,646535	0,000007	0,000012
53554,644536	0,000009	0,000010
53574,642536	0,000008	0,000005
53594,640536	0,000011	0,000005
53614,638536	0,000006	0,000007
53634,636536	0,000005	0,000010
53654,634537	0,000008	0,000011
53674,632537	0,000012	0,000004
53694,630537	0,000006	0,000012
53714,628537	0,000005	0,000013
53734,626537	0,000012	0,000003
53754,624538	0,000014	0,000003
53774,622538	0,000009	0,000006
53794,620538	0,000009	0,000005
53814,618538	0,000014	0,000006
53834,616538	0,000013	0,000011
53854,614539	0,000011	0,000010
53874,612539	0,000008	0,000009
53894,610539	0,000004	0,000008
53914,608539	0,000006	0,000008
53934,606539	0,000009	0,000009
53954,604540	0,000003	0,000008
53974,602540	0,000004	0,000009
53994,600540	0,000003	0,000010
54014,598540	0,000010	0,000005
54034,596540	0,000013	0,000005
54054,594541	0,000008	0,000009
54074,592541	0,000007	0,000012
54094,590541	0,000006	0,000007
54114,588541	0,000004	0,000005
54134,586541	0,000003	0,000008
54154,584542	0,000004	0,000008
54174,582542	0,000002	0,000004
54194,580542	0,000003	0,000004
54214,578542	0,000011	0,000005
54234,576542	0,000011	0,000004
54254,574543	0,000009	0,000008
54274,572543	0,000011	0,000012
54294,570543	0,000009	0,000012
54314,568543	0,000006	0,000006
54334,566543	0,000006	0,000011
54354,564544	0,000004	0,000005
54374,562544	0,000004	0,000002
54394,560544	0,000007	0,000003
54414,558544	0,000005	0,000009
54434,556544	0,000008	0,000015
54454,554545	0,000004	0,000010
54474,552545	0,000006	0,000007
54494,550545	0,000005	0,000001
54514,548545	0,000003	0,000009
54534,546545	0,000007	0,000007
54554,544546	0,000005	0,000004
54574,542546	0,000012	0,000013
54594,540546	0,000019	0,000014
54614,538546	0,000014	0,000009
54634,536546	0,000008	0,000010
54654,534547	0,000007	0,000007
54674,532547	0,000005	0,000010
54694,530547	0,000007	0,000008
54714,528547	0,000009	0,000008
54734,526547	0,000005	0,000007
54754,524548	0,000005	0,000006
54774,522548	0,000010	0,000010
54794,520548	0,000006	0,000004
54814,518548	0,000007	0,000005
54834,516548	0,000012	0,000005
54854,514549	0,000014	0,000008
54874,512549	0,000010	0,000004
54894,510549	0,000006	0,000007
54914,508549	0,000004	0,000012
54934,506549	0,000006	0,000020
54954,504550	0,000009	0,000019
54974,502550	0,000005	0,000010
54994,500550	0,000008	0,000004
55014,498550	0,000017	0,000011
55034,496550	0,000009	0,000011
55054,494551	0,000003	0,000008
55074,492551	0,000001	0,000004
55094,490551	0,000004	0,000011
55114,488551	0,000011	0,000006
55134,486551	0,000020	0,000004
55154,484552	0,000019	0,000007
55174,482552	0,000008	0,000012
55194,480552	0,000015	0,000016
55214,478552	0,000008	0,000009
55234,476552	0,000007	0,000001
55254,474553	0,000005	0,000005
55274,472553	0,000003	0,000006
55294,470553	0,000006	0,000006
55314,468553	0,000006	0,000007
55334,466553	0,000009	0,000007
55354,464554	0,000006	0,000006
55374,462554	0,000001	0,000000
55394,460554	0,000002	0,000002
55414,458554	0,000006	0,000008
55434,456554	0,000003	0,000012
55454,454555	0,000007	0,000009
55474,452555	0,000011	0,000004
55494,450555	0,000007	0,000010
55514,448555	0,000013	0,000002
55534,446555	0,000005	0,000013
55554,444556	0,000013	0,000007
55574,442556	0,000008	0,000011
55594,440556	0,000006	0,000013
55614,438556	0,000008	0,000008
55634,436556	0,000017	0,000014
55654,434557	0,000016	0,000010
55674,432557	0,000008	0,000007
55694,430557	0,000007	0,000008
55714,428557	0,000010	0,000011
55734,426557	0,000011	0,000015
55754,424558	0,000006	0,000015
55774,422558	0,000007	0,000005
55794,420558	0,000011	0,000008
55814,418558	0,000015	0,000001
55834,416558	0,000019	0,000005
55854,414559	0,000020	0,000009
55874,412559	0,000011	0,000014
55894,410559	0,000005	0,000013
55914,408559	0,000001	0,000016
55934,406559	0,000001	0,000014
55954,404560	0,000007	0,000011
55974,402560	0,000012	0,000010
55994,400560	0,000014	0,000008
56014,398560	0,000013	0,000013
56034,396560	0,000004	0,000011
56054,394561	0,000006	0,000006
56074,392561	0,000008	0,000011
56094,390561	0,000014	0,000006
56114,388561	0,000009	0,000006
56134,386561	0,000004	0,000003
56154,384562	0,000010	0,000001
56174,382562	0,000010	0,000003
56194,380562	0,000004	0,000011
56214,378562	0,000005	0,000012
56234,376562	0,000006	0,000009
56254,374563	0,000008	0,000005
56274,372563	0,000003	0,000008
56294,370563	0,000007	0,000017
56314,368563	0,000006	0,000011
56334,366563	0,000006	0,000005
56354,364564	0,000009	0,000010
56374,362564	0,000013	0,000005
56394,360564	0,000004	0,000005
56414,358564	0,000007	0,000004
56434,356564	0,000008	0,000008
56454,354565	0,000001	0,000003
56474,352565	0,000003	0,000002
56494,350565	0,000003	0,000002
56514,348565	0,000010	0,000006
56534,346565	0,000007	0,000007
56554,344566	0,000008	0,000006
56574,342566	0,000004	0,000009
56594,340566	0,000005	0,000013
56614,338566	0,000011	0,000014
56634,336566	0,000011	0,000008
56654,334567	0,000007	0,000014
56674,332567	0,000010	0,000017
56694,330567	0,000008	0,000004
56714,328567	0,000007	0,000002
56734,326567	0,000003	0,000008
56754,324568	0,000014	0,000008
56774,322568	0,000015	0,000003
56794,320568	0,000004	0,000003
56814,318568	0,000009	0,000002
56834,316568	0,000004	0,000004
56854,314569	0,000003	0,000008
56874,312569	0,000004	0,000004
56894,310569	0,000001	0,000009
56914,308569	0,000004	0,000007
56934,306569	0,000008	0,000014
56954,304570	0,000004	0,000014
56974,302570	0,000015	0,000011
56994,300570	0,000013	0,000013
57014,298570	0,000004	0,000011
57034,296570	0,000010	0,000009
57054,294571	0,000005	0,000006
57074,292571	0,000006	0,000004
57094,290571	0,000002	0,000003
57114,288571	0,000007	0,000006
57134,286571	0,000013	0,000006
57154,284572	0,000009	0,000004
57174,282572	0,000003	0,000006
57194,280572	0,000004	0,000004
57214,278572	0,000008	0,000005
57234,276572	0,000003	0,000007
57254,274573	0,000007	0,000006
57274,272573	0,000009	0,000010
57294,270573	0,000009	0,000008
57314,268573	0,000010	0,000004
57334,266573	0,000007	0,000003
57354,264574	0,000001	0,000007
57374,262574	0,000001	0,000015
57394,260574	0,000005	0,000017
57414,258574	0,000004	0,000012
57434,256574	0,000004	0,000004
57454,254575	0,000005	0,000001
57474,252575	0,000000	0,000002
57494,250575	0,000006	0,000002
57514,248575	0,000009	0,000004
57534,246575	0,000010	0,000012
57554,244576	0,000010	0,000017
57574,242576	0,000015	0,000012
57594,240576	0,000014	0,000005
57614,238576	0,000004	0,000007
57634,236576	0,000008	0,000011
57654,234577	0,000009	0,000008
57674,232577	0,000005	0,000011
57694,230577	0,000009	0,000010
57714,228577	0,000007	0,000009
57734,226577	0,000014	0,000013
57754,224578	0,000021	0,000016
57774,222578	0,000019	0,000013
57794,220578	0,000014	0,000003
57814,218578	0,000009	0,000004
57834,216578	0,000003	0,000010
57854,214579	0,000006	0,000011
57874,212579	0,000016	0,000004
57894,210579	0,000013	0,000004
57914,208579	0,000007	0,000004
57934,206579	0,000008	0,000007
57954,204580	0,000012	0,000004
57974,202580	0,000013	0,000009
57994,200580	0,000017	0,000010
58014,198580	0,000010	0,000006
58034,196580	0,000004	0,000004
58054,194581	0,000003	0,000006
58074,192581	0,000007	0,000005
58094,190581	0,000005	0,000007
58114,188581	0,000013	0,000008
58134,186581	0,000012	0,000003
58154,184582	0,000004	0,000002
58174,182582	0,000002	0,000001
58194,180582	0,000003	0,000004
58214,178582	0,000004	0,000006
58234,176582	0,000007	0,000003
58254,174583	0,000009	0,000006
58274,172583	0,000008	0,000011
58294,170583	0,000008	0,000015
58314,168583	0,000016	0,000012
58334,166583	0,000018	0,000005
58354,164584	0,000009	0,000010
58374,162584	0,000007	0,000002
58394,160584	0,000012	0,000004
58414,158584	0,000008	0,000003
58434,156584	0,000015	0,000009
58454,154585	0,000009	0,000007
58474,152585	0,000003	0,000006
58494,150585	0,000006	0,000010
58514,148585	0,000009	0,000004
58534,146585	0,000004	0,000003
58554,144586	0,000009	0,000010
58574,142586	0,000006	0,000015
58594,140586	0,000016	0,000013
58614,138586	0,000018	0,000004
58634,136586	0,000014	0,000002
58654,134587	0,000011	0,000014
58674,132587	0,000005	0,000017
58694,130587	0,000004	0,000012
58714,128587	0,000002	0,000010
58734,126587	0,000003	0,000018
58754,124588	0,000002	0,000016
58774,122588	0,000002	0,000008
58794,120588	0,000002	0,000008
58814,118588	0,000006	0,000011
58834,116588	0,000006	0,000009
58854,114589	0,000003	0,000004
58874,112589	0,000009	0,000003
58894,110589	0,000012	0,000002
58914,108589	0,000001	0,000008
58934,106589	0,000009	0,000010
58954,104590	0,000006	0,000002
58974,102590	0,000007	0,000005
58994,100590	0,000012	0,000006
59014,098590	0,000008	0,000013
59034,096590	0,000003	0,000011
59054,094591	0,000005	0,000007
59074,092591	0,000009	0,000008
59094,090591	0,000005	0,000005
59114,088591	0,000004	0,000006
59134,086591	0,000007	0,000017
59154,084592	0,000011	0,000012
59174,082592	0,000008	0,000011
59194,080592	0,000005	0,000008
59214,078592	0,000003	0,000009
59234,076592	0,000005	0,000009
59254,074593	0,000003	0,000007
59274,072593	0,000004	0,000001
59294,070593	0,000001	0,000007
59314,068593	0,000006	0,000006
59334,066593	0,000008	0,000008
59354,064594	0,000008	0,000013
59374,062594	0,000004	0,000013
59394,060594	0,000002	0,000007
59414,058594	0,000002	0,000009
59434,056594	0,000008	0,000014
59454,054595	0,000008	0,000012
59474,052595	0,000004	0,000008
59494,050595	0,000012	0,000010
59514,048595	0,000019	0,000018
59534,046595	0,000019	0,000012
59554,044596	0,000014	0,000003
59574,042596	0,000007	0,000008
59594,040596	0,000008	0,000005
59614,038596	0,000009	0,000011
59634,036596	0,000004	0,000007
59654,034597	0,000004	0,000007
59674,032597	0,000005	0,000008
59694,030597	0,000008	0,000008
59714,028597	0,000007	0,000002
59734,026597	0,000006	0,000003
59754,024598	0,000011	0,000005
59774,022598	0,000012	0,000015
59794,020598	0,000006	0,000016
59814,018598	0,000004	0,000016
59834,016598	0,000005	0,000013
59854,014599	0,000005	0,000010
59874,012599	0,000004	0,000009
59894,010599	0,000002	0,000006
59914,008599	0,000006	0,000009
59934,006599	0,000006	0,000007
59954,004600	0,000009	0,000003
59974,002600	0,000010	0,000006
59994,000600	0,000008	0,000003
60013,998600	0,000010	0,000007
60033,996600	0,000006	0,000014
60053,994601	0,000008	0,000007
60073,992601	0,000004	0,000003
60093,990601	0,000005	0,000005
60113,988601	0,000003	0,000013
60133,986601	0,000006	0,000012
60153,984602	0,000009	0,000004
60173,982602	0,000003	0,000003
60193,980602	0,000002	0,000007
60213,978602	0,000004	0,000010
60233,976602	0,000003	0,000008
60253,974603	0,000007	0,000005
60273,972603	0,000009	0,000007
60293,970603	0,000009	0,000005
60313,968603	0,000005	0,000008
60333,966603	0,000003	0,000009
60353,964604	0,000002	0,000009
60373,962604	0,000001	0,000004
60393,960604	0,000007	0,000009
60413,958604	0,000012	0,000004
60433,956604	0,000008	0,000005
60453,954605	0,000008	0,000009
60473,952605	0,000011	0,000010
60493,950605	0,000001	0,000006
60513,948605	0,000012	0,000009
60533,946605	0,000015	0,000011
60553,944606	0,000019	0,000010
60573,942606	0,000015	0,000008
60593,940606	0,000004	0,000010
60613,938606	0,000005	0,000008
60633,936606	0,000004	0,000009
60653,934607	0,000010	0,000007
60673,932607	0,000012	0,000008
60693,930607	0,000009	0,000004
60713,928607	0,000007	0,000008
60733,926607	0,000004	0,000010
60753,924608	0,000005	0,000001
60773,922608	0,000011	0,000004
60793,920608	0,000019	0,000005
60813,918608	0,000015	0,000014
60833,916608	0,000012	0,000013
60853,914609	0,000005	0,000011
60873,912609	0,000002	0,000010
60893,910609	0,000004	0,000010
60913,908609	0,000014	0,000005
60933,906609	0,000012	0,000013
60953,904610	0,000015	0,000013
60973,902610	0,000015	0,000004
60993,900610	0,000002	0,000007
61013,898610	0,000011	0,000001
61033,896610	0,000010	0,000003
61053,894611	0,000012	0,000011
61073,892611	0,000009	0,000013
61093,890611	0,000013	0,000005
61113,888611	0,000017	0,000007
61133,886611	0,000006	0,000013
61153,884612	0,000008	0,000020
61173,882612	0,000005	0,000016
61193,880612	0,000009	0,000012
61213,878612	0,000008	0,000014
61233,876612	0,000008	0,000014
61253,874613	0,000005	0,000005
61273,872613	0,000010	0,000002
61293,870613	0,000001	0,000004
61313,868613	0,000009	0,000011
61333,866613	0,000010	0,000011
61353,864614	0,000013	0,000008
61373,862614	0,000011	0,000009
61393,860614	0,000007	0,000005
61413,858614	0,000007	0,000002
61433,856614	0,000011	0,000007
61453,854615	0,000012	0,000012
61473,852615	0,000011	0,000012
61493,850615	0,000010	0,000011
61513,848615	0,000005	0,000012
61533,846615	0,000005	0,000007
61553,844616	0,000006	0,000013
61573,842616	0,000006	0,000012
61593,840616	0,000003	0,000005
61613,838616	0,000016	0,000005
61633,836616	0,000014	0,000002
61653,834617	0,000006	0,000003
61673,832617	0,000004	0,000004
61693,830617	0,000008	0,000009
61713,828617	0,000006	0,000007
61733,826617	0,000006	0,000013
61753,824618	0,000007	0,000012
61773,822618	0,000004	0,000007
61793,820618	0,000009	0,000007
61813,818618	0,000011	0,000003
61833,816618	0,000005	0,000012
61853,814619	0,000006	0,000009
61873,812619	0,000008	0,000006
61893,810619	0,000013	0,000013
61913,808619	0,000010	0,000014
61933,806619	0,000007	0,000006
61953,804620	0,000008	0,000008
61973,802620	0,000006	0,000011
61993,800620	0,000006	0,000010
62013,798620	0,000009	0,000010
62033,796620	0,000016	0,000017
62053,794621	0,000010	0,000015
62073,792621	0,000003	0,000008
62093,790621	0,000006	0,000011
62113,788621	0,000005	0,000012
62133,786621	0,000005	0,000002
62153,784622	0,000016	0,000007
62173,782622	0,000015	0,000012
62193,780622	0,000011	0,000010
62213,778622	0,000010	0,000009
62233,776622	0,000007	0,000007
62253,774623	0,000007	0,000004
62273,772623	0,000007	0,000001
62293,770623	0,000007	0,000005
62313,768623	0,000006	0,000008
62333,766623	0,000005	0,000003
62353,764624	0,000001	0,000004
62373,762624	0,000007	0,000002
62393,760624	0,000007	0,000004
62413,758624	0,000002	0,000011
62433,756624	0,000006	0,000015
62453,754625	0,000005	0,000016
62473,752625	0,000006	0,000012
62493,750625	0,000012	0,000009
62513,748625	0,000009	0,000013
62533,746625	0,000009	0,000008
62553,744626	0,000010	0,000005
62573,742626	0,000015	0,000006
62593,740626	0,000012	0,000015
62613,738626	0,000006	0,000010
62633,736626	0,000008	0,000002
62653,734627	0,000007	0,000002
62673,732627	0,000006	0,000004
62693,730627	0,000006	0,000009
62713,728627	0,000008	0,000009
62733,726627	0,000005	0,000004
62753,724628	0,000009	0,000004
62773,722628	0,000009	0,000013
62793,720628	0,000006	0,000016
62813,718628	0,000003	0,000007
62833,716628	0,000008	0,000004
62853,714629	0,000009	0,000005
62873,712629	0,000008	0,000004
62893,710629	0,000010	0,000007
62913,708629	0,000014	0,000007
62933,706629	0,000005	0,000012
62953,704630	0,000004	0,000007
62973,702630	0,000001	0,000003
62993,700630	0,000004	0,000002
63013,698630	0,000005	0,000009
63033,696630	0,000005	0,000015
63053,694631	0,000009	0,000007
63073,692631	0,000006	0,000004
63093,690631	0,000008	0,000010
63113,688631	0,000010	0,000017
63133,686631	0,000009	0,000012
63153,684632	0,000013	0,000008
63173,682632	0,000011	0,000011
63193,680632	0,000003	0,000008
63213,678632	0,000002	0,000002
63233,676632	0,000007	0,000004
63253,674633	0,000003	0,000004
63273,672633	0,000008	0,000004
63293,670633	0,000012	0,000007
63313,668633	0,000012	0,000008
63333,666633	0,000007	0,000007
63353,664634	0,000003	0,000003
63373,662634	0,000004	0,000003
63393,660634	0,000008	0,000007
63413,658634	0,000005	0,000014
63433,656634	0,000003	0,000008
63453,654635	0,000009	0,000004
63473,652635	0,000010	0,000006
63493,650635	0,000007	0,000003
63513,648635	0,000009	0,000009
63533,646635	0,000007	0,000008
63553,644636	0,000008	0,000003
63573,642636	0,000010	0,000008
63593,640636	0,000013	0,000002
63613,638636	0,000016	0,000008
63633,636636	0,000014	0,000011
63653,634637	0,000005	0,000007
63673,632637	0,000005	0,000009
63693,630637	0,000011	0,000001
63713,628637	0,000012	0,000008
63733,626637	0,000014	0,000006
63753,624638	0,000015	0,000007
63773,622638	0,000011	0,000007
63793,620638	0,000002	0,000006
63813,618638	0,000003	0,000012
63833,616638	0,000002	0,000015
63853,614639	0,000007	0,000011
63873,612639	0,000011	0,000006
63893,610639	0,000010	0,000002
63913,608639	0,000011	0,000007
63933,606639	0,000009	0,000008
63953,604640	0,000012	0,000006
63973,602640	0,000009	0,000008
63993,600640	0,000003	0,000002
64013,598640	0,000003	0,000001
64033,596640	0,000003	0,000005
64053,594641	0,000005	0,000006
64073,592641	0,000004	0,000012
64093,590641	0,000002	0,000014
64113,588641	0,000003	0,000013
64133,586641	0,000003	0,000011
64153,584642	0,000012	0,000005
64173,582642	0,000019	0,000005
64193,580642	0,000016	0,000008
64213,578642	0,000013	0,000008
64233,576642	0,000008	0,000005
64253,574643	0,000002	0,000002
64273,572643	0,000007	0,000005
64293,570643	0,000012	0,000008
64313,568643	0,000010	0,000009
64333,566643	0,000008	0,000007
64353,564644	0,000008	0,000006
64373,562644	0,000009	0,000004
64393,560644	0,000010	0,000005
64413,558644	0,000007	0,000011
64433,556644	0,000002	0,000011
64453,554645	0,000001	0,000002
64473,552645	0,000003	0,000003
64493,550645	0,000006	0,000010
64513,548645	0,000007	0,000018
64533,546645	0,000007	0,000023
64553,544646	0,000007	0,000017
64573,542646	0,000008	0,000009
64593,540646	0,000008	0,000010
64613,538646	0,000002	0,000006
64633,536646	0,000008	0,000008
64653,534647	0,000007	0,000011
64673,532647	0,000008	0,000003
64693,530647	0,000011	0,000012
64713,528647	0,000012	0,000011
64733,526647	0,000009	0,000004
64753,524648	0,000015	0,000010
64773,522648	0,000018	0,000008
64793,520648	0,000013	0,000010
64813,518648	0,000009	0,000012
64833,516648	0,000003	0,000008
64853,514649	0,000005	0,000007
64873,512649	0,000007	0,000003
64893,510649	0,000007	0,000002
64913,508649	0,000006	0,000005
64933,506649	0,000009	0,000014
64953,504650	0,000003	0,000016
64973,502650	0,000007	0,000012
64993,500650	0,000010	0,000004
65013,498650	0,000011	0,000006
65033,496650	0,000010	0,000009
65053,494651	0,000008	0,000001
65073,492651	0,000003	0,000005
65093,490651	0,000004	0,000003
65113,488651	0,000008	0,000006
65133,486651	0,000010	0,000008
65153,484652	0,000004	0,000004
65173,482652	0,000004	0,000001
65193,480652	0,000003	0,000007
65213,478652	0,000008	0,000002
65233,476652	0,000003	0,000009
65253,474653	0,000007	0,000010
65273,472653	0,000012	0,000011
65293,470653	0,000012	0,000006
65313,468653	0,000008	0,000009
65333,466653	0,000009	0,000016
65353,464654	0,000009	0,000012
65373,462654	0,000011	0,000002
65393,460654	0,000015	0,000005
65413,458654	0,000010	0,000012
65433,456654	0,000013	0,000017
65453,454655	0,000014	0,000015
65473,452655	0,000010	0,000006
65493,450655	0,000008	0,000006
65513,448655	0,000011	0,000008
65533,446655	0,000007	0,000008
65553,444656	0,000002	0,000011
65573,442656	0,000004	0,000010
65593,440656	0,000004	0,000004
65613,438656	0,000005	0,000014
65633,436656	0,000009	0,000012
65653,434657	0,000010	0,000005
65673,432657	0,000009	0,000004
65693,430657	0,000002	0,000009
65713,428657	0,000002	0,000006
65733,426657	0,000003	0,000004
65753,424658	0,000005	0,000012
65773,422658	0,000006	0,000012
65793,420658	0,000007	0,000005
65813,418658	0,000005	0,000001
65833,416658	0,000005	0,000005
65853,414659	0,000010	0,000009
65873,412659	0,000015	0,000008
65893,410659	0,000014	0,000009
65913,408659	0,000011	0,000005
65933,406659	0,000006	0,000004
65953,404660	0,000007	0,000007
65973,402660	0,000015	0,000013
65993,400660	0,000009	0,000014
66013,398660	0,000006	0,000006
66033,396660	0,000008	0,000006
66053,394661	0,000012	0,000008
66073,392661	0,000012	0,000009
66093,390661	0,000006	0,000008
66113,388661	0,000003	0,000008
66133,386661	0,000009	0,000007
66153,384662	0,000010	0,000007
66173,382662	0,000004	0,000007
66193,380662	0,000001	0,000012
66213,378662	0,000004	0,000009
66233,376662	0,000003	0,000009
66253,374663	0,000009	0,000014
66273,372663	0,000004	0,000011
66293,370663	0,000007	0,000007
66313,368663	0,000003	0,000006
66333,366663	0,000008	0,000001
66353,364664	0,000008	0,000006
66373,362664	0,000002	0,000006
66393,360664	0,000004	0,000004
66413,358664	0,000006	0,000004
66433,356664	0,000002	0,000009
66453,354665	0,000005	0,000002
66473,352665	0,000003	0,000003
66493,350665	0,000004	0,000009
66513,348665	0,000004	0,000011
66533,346665	0,000005	0,000008
66553,344666	0,000012	0,000006
66573,342666	0,000007	0,000005
66593,340666	0,000002	0,000003
66613,338666	0,000007	0,000005
66633,336666	0,000001	0,000009
66653,334667	0,000003	0,000002
66673,332667	0,000008	0,000007
66693,330667	0,000015	0,000006
66713,328667	0,000013	0,000008
66733,326667	0,000008	0,000005
66753,324668	0,000002	0,000004
66773,322668	0,000003	0,000003
66793,320668	0,000003	0,000001
66813,318668	0,000010	0,000007
66833,316668	0,000008	0,000009
66853,314669	0,000005	0,000003
66873,312669	0,000006	0,000009
66893,310669	0,000007	0,000010
66913,308669	0,000006	0,000006
66933,306669	0,000003	0,000005
66953,304670	0,000009	0,000010
66973,302670	0,000007	0,000006
66993,300670	0,000003	0,000004
67013,298670	0,000005	0,000009
67033,296670	0,000006	0,000012
67053,294671	0,000007	0,000006
67073,292671	0,000006	0,000004
67093,290671	0,000007	0,000005
67113,288671	0,000019	0,000008
67133,286671	0,000016	0,000005
67153,284672	0,000005	0,000002
67173,282672	0,000004	0,000002
67193,280672	0,000007	0,000007
67213,278672	0,000010	0,000006
67233,276672	0,000013	0,000003
67253,274673	0,000018	0,000002
67273,272673	0,000019	0,000008
67293,270673	0,000009	0,000007
67313,268673	0,000002	0,000005
67333,266673	0,000003	0,000004
67353,264674	0,000005	0,000002
67373,262674	0,000006	0,000003
67393,260674	0,000012	0,000004
67413,258674	0,000012	0,000007
67433,256674	0,000009	0,000005
67453,254675	0,000010	0,000010
67473,252675	0,000005	0,000009
67493,250675	0,000004	0,000006
67513,248675	0,000016	0,000010
67533,246675	0,000018	0,000014
67553,244676	0,000008	0,000009
67573,242676	0,000005	0,000008
67593,240676	0,000009	0,000005
67613,238676	0,000010	0,000011
67633,236676	0,000011	0,000012
67653,234677	0,000013	0,000008
67673,232677	0,000011	0,000009
67693,230677	0,000008	0,000004
67713,228677	0,000005	0,000013
67733,226677	0,000010	0,000003
67753,224678	0,000013	0,000005
67773,222678	0,000003	0,000003
67793,220678	0,000002	0,000005
67813,218678	0,000009	0,000009
67833,216678	0,000008	0,000013
67853,214679	0,000002	0,000017
67873,212679	0,000002	0,000017
67893,210679	0,000009	0,000011
67913,208679	0,000009	0,000006
67933,206679	0,000005	0,000004
67953,204680	0,000009	0,000005
67973,202680	0,000010	0,000006
67993,200680	0,000014	0,000004
68013,198680	0,000009	0,000007
68033,196680	0,000002	0,000007
68053,194681	0,000001	0,000005
68073,192681	0,000002	0,000008
68093,190681	0,000002	0,000010
68113,188681	0,000003	0,000004
68133,186681	0,000007	0,000005
68153,184682	0,000008	0,000005
68173,182682	0,000007	0,000003
68193,180682	0,000010	0,000004
68213,178682	0,000008	0,000001
68233,176682	0,000005	0,000005
68253,174683	0,000003	0,000004
68273,172683	0,000004	0,000005
68293,170683	0,000005	0,000007
68313,168683	0,000018	0,000006
68333,166683	0,000015	0,000008
68353,164684	0,000002	0,000003
68373,162684	0,000009	0,000010
68393,160684	0,000008	0,000007
68413,158684	0,000003	0,000004
68433,156684	0,000007	0,000009
68453,154685	0,000006	0,000007
68473,152685	0,000003	0,000002
68493,150685	0,000002	0,000007
68513,148685	0,000011	0,000013
68533,146685	0,000014	0,000011
68553,144686	0,000004	0,000005
68573,142686	0,000007	0,000004
68593,140686	0,000003	0,000008
68613,138686	0,000008	0,000007
68633,136686	0,000009	0,000006
68653,134687	0,000005	0,000013
68673,132687	0,000010	0,000010
68693,130687	0,000003	0,000002
68713,128687	0,000010	0,000004
68733,126687	0,000009	0,000007
68753,124688	0,000007	0,000003
68773,122688	0,000007	0,000007
68793,120688	0,000010	0,000009
68813,118688	0,000011	0,000005
68833,116688	0,000006	0,000008
68853,114689	0,000004	0,000007
68873,112689	0,000015	0,000006
68893,110689	0,000013	0,000009
68913,108689	0,000004	0,000005
68933,106689	0,000008	0,000002
68953,104690	0,000007	0,000004
68973,102690	0,000003	0,000006
68993,100690	0,000006	0,000007
69013,098690	0,000014	0,000005
69033,096690	0,000014	0,000009
69053,094691	0,000009	0,000012
69073,092691	0,000009	0,000008
69093,090691	0,000010	0,000004
69113,088691	0,000012	0,000005
69133,086691	0,000009	0,000003
69153,084692	0,000005	0,000008
69173,082692	0,000010	0,000005
69193,080692	0,000009	0,000007
69213,078692	0,000004	0,000005
69233,076692	0,000010	0,000004
69253,074693	0,000013	0,000011
69273,072693	0,000012	0,000009
69293,070693	0,000003	0,000003
69313,068693	0,000003	0,000003
69333,066693	0,000006	0,000006
69353,064694	0,000008	0,000004
69373,062694	0,000005	0,000010
69393,060694	0,000003	0,000010
69413,058694	0,000005	0,000008
69433,056694	0,000010	0,000006
69453,054695	0,000007	0,000013
69473,052695	0,000009	0,000017
69493,050695	0,000006	0,000008
69513,048695	0,000005	0,000001
69533,046695	0,000009	0,000003
69553,044696	0,000006	0,000006
69573,042696	0,000006	0,000007
69593,040696	0,000004	0,000008
69613,038696	0,000003	0,000015
69633,036696	0,000006	0,000019
69653,034697	0,000011	0,000011
69673,032697	0,000013	0,000006
69693,030697	0,000010	0,000005
69713,028697	0,000008	0,000002
69733,026697	0,000009	0,000002
69753,024698	0,000009	0,000002
69773,022698	0,000008	0,000001
69793,020698	0,000007	0,000003
69813,018698	0,000008	0,000004
69833,016698	0,000006	0,000004
69853,014699	0,000010	0,000008
69873,012699	0,000007	0,000006
69893,010699	0,000011	0,000012
69913,008699	0,000011	0,000010
69933,006699	0,000004	0,000007
69953,004700	0,000003	0,000007
69973,002700	0,000008	0,000005
69993,000700	0,000006	0,000000
70012,998700	0,000001	0,000004
70032,996700	0,000001	0,000004
70052,994701	0,000004	0,000006
70072,992701	0,000010	0,000007
70092,990701	0,000006	0,000002
70112,988701	0,000011	0,000001
70132,986701	0,000011	0,000002
70152,984702	0,000009	0,000001
70172,982702	0,000009	0,000007
70192,980702	0,000008	0,000007
70212,978702	0,000002	0,000008
70232,976702	0,000003	0,000010
70252,974703	0,000010	0,000009
70272,972703	0,000012	0,000014
70292,970703	0,000003	0,000008
70312,968703	0,000003	0,000009
70332,966703	0,000009	0,000010
70352,964704	0,000010	0,000008
70372,962704	0,000006	0,000004
70392,960704	0,000004	0,000010
70412,958704	0,000012	0,000013
70432,956704	0,000015	0,000008
70452,954705	0,000011	0,000001
70472,952705	0,000013	0,000006
70492,950705	0,000015	0,000007
70512,948705	0,000019	0,000002
70532,946705	0,000012	0,000005
70552,944706	0,000005	0,000007
70572,942706	0,000005	0,000007
70592,940706	0,000008	0,000006
70612,938706	0,000003	0,000009
70632,936706	0,000006	0,000014
70652,934707	0,000000	0,000010
70672,932707	0,000008	0,000003
70692,930707	0,000016	0,000010
70712,928707	0,000011	0,000014
70732,926707	0,000006	0,000011
70752,924708	0,000008	0,000010
70772,922708	0,000002	0,000003
70792,920708	0,000005	0,000006
70812,918708	0,000003	0,000008
70832,916708	0,000006	0,000009
70852,914709	0,000007	0,000005
70872,912709	0,000005	0,000005
70892,910709	0,000007	0,000002
70912,908709	0,000007	0,000006
70932,906709	0,000014	0,000010
70952,904710	0,000012	0,000010
70972,902710	0,000003	0,000011
70992,900710	0,000003	0,000012
71012,898710	0,000002	0,000004
71032,896710	0,000003	0,000006
71052,894711	0,000006	0,000008
71072,892711	0,000012	0,000014
71092,890711	0,000008	0,000012
71112,888711	0,000004	0,000016
71132,886711	0,000010	0,000008
71152,884712	0,000011	0,000005
71172,882712	0,000013	0,000011
71192,880712	0,000008	0,000010
71212,878712	0,000008	0,000005
71232,876712	0,000015	0,000002
71252,874713	0,000014	0,000005
71272,872713	0,000012	0,000009
71292,870713	0,000009	0,000004
71312,868713	0,000011	0,000012
71332,866713	0,000012	0,000010
71352,864714	0,000013	0,000005
71372,862714	0,000006	0,000003
71392,860714	0,000003	0,000004
71412,858714	0,000006	0,000007
71432,856714	0,000011	0,000008
71452,854715	0,000010	0,000010
71472,852715	0,000007	0,000008
71492,850715	0,000002	0,000007
71512,848715	0,000006	0,000011
71532,846715	0,000003	0,000009
71552,844716	0,000004	0,000008
71572,842716	0,000004	0,000004
71592,840716	0,000005	0,000008
71612,838716	0,000009	0,000006
71632,836716	0,000011	0,000003
71652,834717	0,000010	0,000010
71672,832717	0,000007	0,000007
71692,830717	0,000007	0,000005
71712,828717	0,000009	0,000008
71732,826717	0,000005	0,000005
71752,824718	0,000011	0,000009
71772,822718	0,000003	0,000010
71792,820718	0,000003	0,000006
71812,818718	0,000005	0,000014
71832,816718	0,000004	0,000008
71852,814719	0,000003	0,000014
71872,812719	0,000003	0,000012
71892,810719	0,000006	0,000013
71912,808719	0,000008	0,000006
71932,806719	0,000004	0,000002
71952,804720	0,000004	0,000004
71972,802720	0,000009	0,000009
71992,800720	0,000011	0,000009
72012,798720	0,000011	0,000004
72032,796720	0,000007	0,000009
72052,794721	0,000004	0,000008
72072,792721	0,000010	0,000003
72092,790721	0,000006	0,000006
72112,788721	0,000006	0,000008
72132,786721	0,000004	0,000010
72152,784722	0,000005	0,000010
72172,782722	0,000010	0,000010
72192,780722	0,000011	0,000011
72212,778722	0,000007	0,000007
72232,776722	0,000004	0,000004
72252,774723	0,000013	0,000007
72272,772723	0,000008	0,000003
72292,770723	0,000010	0,000009
72312,768723	0,000013	0,000008
72332,766723	0,000008	0,000010
72352,764724	0,000002	0,000009
72372,762724	0,000005	0,000003
72392,760724	0,000005	0,000009
72412,758724	0,000006	0,000009
72432,756724	0,000005	0,000005
72452,754725	0,000002	0,000005
72472,752725	0,000006	0,000010
72492,750725	0,000003	0,000011
72512,748725	0,000003	0,000007
72532,746725	0,000005	0,000007
72552,744726	0,000015	0,000006
72572,742726	0,000020	0,000002
72592,740726	0,000006	0,000003
72612,738726	0,000007	0,000004
72632,736726	0,000001	0,000004
72652,734727	0,000005	0,000002
72672,732727	0,000002	0,000004
72692,730727	0,000003	0,000006
72712,728727	0,000011	0,000003
72732,726727	0,000008	0,000004
72752,724728	0,000001	0,000003
72772,722728	0,000004	0,000006
72792,720728	0,000005	0,000013
72812,718728	0,000002	0,000010
72832,716728	0,000005	0,000003
72852,714729	0,000006	0,000010
72872,712729	0,000010	0,000010
72892,710729	0,000011	0,000003
72912,708729	0,000008	0,000006
72932,706729	0,000008	0,000010
72952,704730	0,000008	0,000011
72972,702730	0,000004	0,000008
72992,700730	0,000004	0,000006
73012,698730	0,000006	0,000010
73032,696730	0,000001	0,000006
73052,694731	0,000005	0,000004
73072,692731	0,000005	0,000006
73092,690731	0,000005	0,000008
73112,688731	0,000002	0,000008
73132,686731	0,000009	0,000007
73152,684732	0,000018	0,000013
73172,682732	0,000018	0,000014
73192,680732	0,000006	0,000012
73212,678732	0,000005	0,000010
73232,676732	0,000010	0,000008
73252,674733	0,000003	0,000005
73272,672733	0,000002	0,000006
73292,670733	0,000008	0,000003
73312,668733	0,000008	0,000007
73332,666733	0,000010	0,000009
73352,664734	0,000012	0,000006
73372,662734	0,000011	0,000008
73392,660734	0,000009	0,000010
73412,658734	0,000008	0,000010
73432,656734	0,000004	0,000007
73452,654735	0,000003	0,000007
73472,652735	0,000004	0,000009
73492,650735	0,000004	0,000013
73512,648735	0,000001	0,000019
73532,646735	0,000005	0,000013
73552,644736	0,000009	0,000005
73572,642736	0,000011	0,000011
73592,640736	0,000010	0,000015
73612,638736	0,000011	0,000013
73632,636736	0,000012	0,000005
73652,634737	0,000010	0,000003
73672,632737	0,000011	0,000003
73692,630737	0,000014	0,000001
73712,628737	0,000006	0,000001
73732,626737	0,000008	0,000011
73752,624738	0,000014	0,000012
73772,622738	0,000007	0,000008
73792,620738	0,000011	0,000008
73812,618738	0,000011	0,000003
73832,616738	0,000011	0,000013
73852,614739	0,000010	0,000012
73872,612739	0,000012	0,000009
73892,610739	0,000012	0,000002
73912,608739	0,000011	0,000003
73932,606739	0,000008	0,000004
73952,604740	0,000003	0,000002
73972,602740	0,000007	0,000010
73992,600740	0,000008	0,000009
74012,598740	0,000002	0,000003
74032,596740	0,000004	0,000003
74052,594741	0,000003	0,000004
74072,592741	0,000004	0,000002
74092,590741	0,000006	0,000002
74112,588741	0,000009	0,000005
74132,586741	0,000007	0,000004
74152,584742	0,000004	0,000002
74172,582742	0,000004	0,000008
74192,580742	0,000004	0,000009
74212,578742	0,000002	0,000011
74232,576742	0,000006	0,000007
74252,574743	0,000009	0,000004
74272,572743	0,000002	0,000010
74292,570743	0,000008	0,000006
74312,568743	0,000004	0,000002
74332,566743	0,000000	0,000004
74352,564744	0,000003	0,000005
74372,562744	0,000004	0,000003
74392,560744	0,000004	0,000002
74412,558744	0,000002	0,000002
74432,556744	0,000002	0,000004
74452,554745	0,000009	0,000006
74472,552745	0,000009	0,000002
74492,550745	0,000004	0,000012
74512,548745	0,000013	0,000012
74532,546745	0,000010	0,000011
74552,544746	0,000003	0,000011
74572,542746	0,000004	0,000005
74592,540746	0,000014	0,000007
74612,538746	0,000015	0,000007
74632,536746	0,000007	0,000003
74652,534747	0,000002	0,000007
74672,532747	0,000010	0,000003
74692,530747	0,000012	0,000003
74712,528747	0,000007	0,000001
74732,526747	0,000003	0,000002
74752,524748	0,000002	0,000006
74772,522748	0,000002	0,000004
74792,520748	0,000004	0,000003
74812,518748	0,000011	0,000003
74832,516748	0,000010	0,000004
74852,514749	0,000013	0,000009
74872,512749	0,000012	0,000001
74892,510749	0,000009	0,000009
74912,508749	0,000008	0,000003
74932,506749	0,000001	0,000004
74952,504750	0,000004	0,000007
74972,502750	0,000003	0,000005
74992,500750	0,000003	0,000005
75012,498750	0,000003	0,000003
75032,496750	0,000004	0,000002
75052,494751	0,000001	0,000008
75072,492751	0,000007	0,000014
75092,490751	0,000008	0,000010
75112,488751	0,000000	0,000010
75132,486751	0,000008	0,000006
75152,484752	0,000008	0,000010
75172,482752	0,000008	0,000011
75192,480752	0,000006	0,000006
75212,478752	0,000007	0,000005
75232,476752	0,000009	0,000001
75252,474753	0,000007	0,000009
75272,472753	0,000004	0,000007
75292,470753	0,000001	0,000003
75312,468753	0,000002	0,000007
75332,466753	0,000003	0,000014
75352,464754	0,000005	0,000012
75372,462754	0,000004	0,000009
75392,460754	0,000006	0,000005
75412,458754	0,000010	0,000006
75432,456754	0,000006	0,000004
75452,454755	0,000007	0,000002
75472,452755	0,000017	0,000005
75492,450755	0,000015	0,000007
75512,448755	0,000010	0,000007
75532,446755	0,000009	0,000007
75552,444756	0,000007	0,000006
75572,442756	0,000001	0,000002
75592,440756	0,000009	0,000007
75612,438756	0,000006	0,000010
75632,436756	0,000000	0,000005
75652,434757	0,000002	0,000006
75672,432757	0,000006	0,000009
75692,430757	0,000013	0,000004
75712,428757	0,000013	0,000006
75732,426757	0,000009	0,000008
75752,424758	0,000004	0,000002
75772,422758	0,000004	0,000006
75792,420758	0,000002	0,000006
75812,418758	0,000004	0,000003
75832,416758	0,000007	0,000007
75852,414759	0,000008	0,000005
75872,412759	0,000007	0,000009
75892,410759	0,000005	0,000013
75912,408759	0,000014	0,000008
75932,406759	0,000011	0,000010
75952,404760	0,000001	0,000010
75972,402760	0,000005	0,000005
75992,400760	0,000002	0,000004
76012,398760	0,000003	0,000008
76032,396760	0,000004	0,000009
76052,394761	0,000003	0,000002
76072,392761	0,000005	0,000005
76092,390761	0,000009	0,000001
76112,388761	0,000007	0,000006
76132,386761	0,000007	0,000012
76152,384762	0,000014	0,000009
76172,382762	0,000013	0,000005
76192,380762	0,000008	0,000004
76212,378762	0,000008	0,000007
76232,376762	0,000014	0,000008
76252,374763	0,000016	0,000008
76272,372763	0,000016	0,000007
76292,370763	0,000011	0,000006
76312,368763	0,000005	0,000005
76332,366763	0,000009	0,000005
76352,364764	0,000012	0,000009
76372,362764	0,000005	0,000011
76392,360764	0,000005	0,000013
76412,358764	0,000009	0,000011
76432,356764	0,000013	0,000007
76452,354765	0,000008	0,000005
76472,352765	0,000002	0,000003
76492,350765	0,000006	0,000004
76512,348765	0,000003	0,000004
76532,346765	0,000009	0,000008
76552,344766	0,000012	0,000013
76572,342766	0,000006	0,000013
76592,340766	0,000000	0,000009
76612,338766	0,000004	0,000009
76632,336766	0,000008	0,000009
76652,334767	0,000007	0,000005
76672,332767	0,000005	0,000006
76692,330767	0,000009	0,000002
76712,328767	0,000014	0,000010
76732,326767	0,000010	0,000006
76752,324768	0,000004	0,000006
76772,322768	0,000003	0,000000
76792,320768	0,000002	0,000008
76812,318768	0,000010	0,000007
76832,316768	0,000012	0,000006
76852,314769	0,000004	0,000006
76872,312769	0,000003	0,000007
76892,310769	0,000003	0,000005
76912,308769	0,000002	0,000009
76932,306769	0,000001	0,000013
76952,304770	0,000005	0,000001
76972,302770	0,000006	0,000012
76992,300770	0,000004	0,000005
77012,298770	0,000006	0,000007
77032,296770	0,000008	0,000003
77052,294771	0,000008	0,000001
77072,292771	0,000003	0,000005
77092,290771	0,000003	0,000006
77112,288771	0,000008	0,000010
77132,286771	0,000011	0,000010
77152,284772	0,000003	0,000007
77172,282772	0,000004	0,000018
77192,280772	0,000004	0,000017
77212,278772	0,000004	0,000017
77232,276772	0,000004	0,000017
77252,274773	0,000003	0,000009
77272,272773	0,000002	0,000004
77292,270773	0,000003	0,000005
77312,268773	0,000003	0,000009
77332,266773	0,000004	0,000006
77352,264774	0,000005	0,000002
77372,262774	0,000009	0,000003
77392,260774	0,000005	0,000001
77412,258774	0,000003	0,000008
77432,256774	0,000003	0,000016
77452,254775	0,000005	0,000016
77472,252775	0,000010	0,000005
77492,250775	0,000006	0,000004
77512,248775	0,000001	0,000007
77532,246775	0,000008	0,000002
77552,244776	0,000008	0,000004
77572,242776	0,000008	0,000004
77592,240776	0,000007	0,000002
77612,238776	0,000001	0,000006
77632,236776	0,000004	0,000005
77652,234777	0,000005	0,000006
77672,232777	0,000008	0,000004
77692,230777	0,000002	0,000006
77712,228777	0,000016	0,000010
77732,226777	0,000016	0,000012
77752,224778	0,000004	0,000008
77772,222778	0,000002	0,000010
77792,220778	0,000004	0,000007
77812,218778	0,000009	0,000007
77832,216778	0,000006	0,000009
77852,214779	0,000009	0,000004
77872,212779	0,000003	0,000004
77892,210779	0,000008	0,000008
77912,208779	0,000009	0,000013
77932,206779	0,000007	0,000006
77952,204780	0,000007	0,000007
77972,202780	0,000006	0,000007
77992,200780	0,000003	0,000003
78012,198780	0,000004	0,000008
78032,196780	0,000005	0,000010
78052,194781	0,000009	0,000010
78072,192781	0,000004	0,000006
78092,190781	0,000003	0,000003
78112,188781	0,000006	0,000004
78132,186781	0,000007	0,000004
78152,184782	0,000006	0,000003
78172,182782	0,000002	0,000002
78192,180782	0,000003	0,000005
78212,178782	0,000003	0,000006
78232,176782	0,000006	0,000005
78252,174783	0,000009	0,000006
78272,172783	0,000007	0,000002
78292,170783	0,000004	0,000004
78312,168783	0,000004	0,000008
78332,166783	0,000006	0,000010
78352,164784	0,000007	0,000011
78372,162784	0,000011	0,000009
78392,160784	0,000009	0,000007
78412,158784	0,000005	0,000005
78432,156784	0,000006	0,000008
78452,154785	0,000007	0,000009
78472,152785	0,000012	0,000006
78492,150785	0,000011	0,000009
78512,148785	0,000004	0,000014
78532,146785	0,000009	0,000011
78552,144786	0,000009	0,000003
78572,142786	0,000002	0,000007
78592,140786	0,000001	0,000016
78612,138786	0,000003	0,000014
78632,136786	0,000005	0,000004
78652,134787	0,000006	0,000005
78672,132787	0,000003	0,000013
78692,130787	0,000008	0,000009
78712,128787	0,000015	0,000002
78732,126787	0,000014	0,000002
78752,124788	0,000007	0,000008
78772,122788	0,000005	0,000011
78792,120788	0,000008	0,000019
78812,118788	0,000005	0,000020
78832,116788	0,000018	0,000009
78852,114789	0,000016	0,000005
78872,112789	0,000008	0,000008
78892,110789	0,000006	0,000003
78912,108789	0,000008	0,000007
78932,106789	0,000010	0,000003
78952,104790	0,000001	0,000005
78972,102790	0,000013	0,000001
78992,100790	0,000015	0,000004
79012,098790	0,000010	0,000009
79032,096790	0,000009	0,000004
79052,094791	0,000007	0,000005
79072,092791	0,000006	0,000010
79092,090791	0,000007	0,000007
79112,088791	0,000002	0,000003
79132,086791	0,000004	0,000009
79152,084792	0,000001	0,000011
79172,082792	0,000004	0,000008
79192,080792	0,000003	0,000008
79212,078792	0,000008	0,000010
79232,076792	0,000006	0,000013
79252,074793	0,000009	0,000011
79272,072793	0,000005	0,000006
79292,070793	0,000009	0,000002
79312,068793	0,000001	0,000001
79332,066793	0,000005	0,000007
79352,064794	0,000009	0,000015
79372,062794	0,000012	0,000010
79392,060794	0,000009	0,000011
79412,058794	0,000008	0,000004
79432,056794	0,000009	0,000007
79452,054795	0,000010	0,000017
79472,052795	0,000010	0,000016
79492,050795	0,000004	0,000016
79512,048795	0,000005	0,000014
79532,046795	0,000002	0,000005
79552,044796	0,000001	0,000003
79572,042796	0,000004	0,000003
79592,040796	0,000009	0,000005
79612,038796	0,000013	0,000009
79632,036796	0,000016	0,000007
79652,034797	0,000011	0,000007
79672,032797	0,000003	0,000012
79692,030797	0,000000	0,000011
79712,028797	0,000003	0,000001
79732,026797	0,000007	0,000003
79752,024798	0,000008	0,000007
79772,022798	0,000005	0,000008
79792,020798	0,000003	0,000008
79812,018798	0,000002	0,000003
79832,016798	0,000007	0,000006
79852,014799	0,000007	0,000006
79872,012799	0,000003	0,000006
79892,010799	0,000005	0,000007
79912,008799	0,000009	0,000008
79932,006799	0,000008	0,000006
79952,004800	0,000003	0,000012
79972,002800	0,000004	0,000011
79992,000800	0,000002	0,000007
80011,998800	0,000003	0,000006
80031,996800	0,000003	0,000002
80051,994801	0,000001	0,000004
80071,992801	0,000004	0,000006
80091,990801	0,000005	0,000007
80111,988801	0,000006	0,000007
80131,986801	0,000007	0,000008
80151,984802	0,000006	0,000011
80171,982802	0,000007	0,000008
80191,980802	0,000009	0,000008
80211,978802	0,000006	0,000007
80231,976802	0,000003	0,000003
80251,974803	0,000008	0,000007
80271,972803	0,000003	0,000006
80291,970803	0,000010	0,000003
80311,968803	0,000010	0,000005
80331,966803	0,000008	0,000006
80351,964804	0,000005	0,000002
80371,962804	0,000004	0,000004
80391,960804	0,000003	0,000002
80411,958804	0,000006	0,000001
80431,956804	0,000004	0,000006
80451,954805	0,000011	0,000002
80471,952805	0,000005	0,000005
80491,950805	0,000009	0,000005
80511,948805	0,000012	0,000005
80531,946805	0,000010	0,000008
80551,944806	0,000006	0,000008
80571,942806	0,000009	0,000008
80591,940806	0,000007	0,000015
80611,938806	0,000004	0,000012
80631,936806	0,000002	0,000004
80651,934807	0,000007	0,000005
80671,932807	0,000008	0,000006
80691,930807	0,000004	0,000003
80711,928807	0,000001	0,000007
80731,926807	0,000002	0,000007
80751,924808	0,000003	0,000003
80771,922808	0,000009	0,000005
80791,920808	0,000015	0,000004
80811,918808	0,000012	0,000002
80831,916808	0,000007	0,000001
80851,914809	0,000005	0,000003
80871,912809	0,000010	0,000004
80891,910809	0,000005	0,000007
80911,908809	0,000012	0,000006
80931,906809	0,000013	0,000006
80951,904810	0,000004	0,000005
80971,902810	0,000007	0,000009
80991,900810	0,000007	0,000010
81011,898810	0,000004	0,000006
81031,896810	0,000002	0,000006
81051,894811	0,000005	0,000002
81071,892811	0,000008	0,000007
81091,890811	0,000007	0,000006
81111,888811	0,000001	0,000004
81131,886811	0,000003	0,000005
81151,884812	0,000003	0,000010
81171,882812	0,000009	0,000006
81191,880812	0,000009	0,000010
81211,878812	0,000003	0,000010
81231,876812	0,000006	0,000008
81251,874813	0,000009	0,000011
81271,872813	0,000009	0,000009
81291,870813	0,000004	0,000007
81311,868813	0,000002	0,000010
81331,866813	0,000005	0,000006
81351,864814	0,000006	0,000002
81371,862814	0,000009	0,000001
81391,860814	0,000008	0,000004
81411,858814	0,000009	0,000006
81431,856814	0,000009	0,000003
81451,854815	0,000007	0,000005
81471,852815	0,000003	0,000007
81491,850815	0,000004	0,000016
81511,848815	0,000001	0,000015
81531,846815	0,000007	0,000006
81551,844816	0,000008	0,000009
81571,842816	0,000009	0,000008
81591,840816	0,000012	0,000004
81611,838816	0,000006	0,000008
81631,836816	0,000004	0,000010
81651,834817	0,000010	0,000010
81671,832817	0,000012	0,000010
81691,830817	0,000011	0,000014
81711,828817	0,000005	0,000011
81731,826817	0,000001	0,000006
81751,824818	0,000006	0,000002
81771,822818	0,000007	0,000006
81791,820818	0,000010	0,000007
81811,818818	0,000006	0,000001
81831,816818	0,000002	0,000005
81851,814819	0,000009	0,000004
81871,812819	0,000005	0,000002
81891,810819	0,000005	0,000006
81911,808819	0,000008	0,000009
81931,806819	0,000007	0,000012
81951,804820	0,000002	0,000012
81971,802820	0,000007	0,000008
81991,800820	0,000010	0,000008
82011,798820	0,000007	0,000008
82031,796820	0,000007	0,000003
82051,794821	0,000008	0,000002
82071,792821	0,000002	0,000007
82091,790821	0,000004	0,000003
82111,788821	0,000003	0,000003
82131,786821	0,000010	0,000007
82151,784822	0,000011	0,000010
82171,782822	0,000010	0,000011
82191,780822	0,000008	0,000008
82211,778822	0,000008	0,000011
82231,776822	0,000007	0,000014
82251,774823	0,000008	0,000009
82271,772823	0,000002	0,000014
82291,770823	0,000006	0,000016
82311,768823	0,000006	0,000008
82331,766823	0,000008	0,000008
82351,764824	0,000010	0,000007
82371,762824	0,000010	0,000003
82391,760824	0,000010	0,000003
82411,758824	0,000008	0,000008
82431,756824	0,000004	0,000009
82451,754825	0,000001	0,000008
82471,752825	0,000011	0,000006
82491,750825	0,000017	0,000009
82511,748825	0,000009	0,000005
82531,746825	0,000002	0,000011
82551,744826	0,000004	0,000007
82571,742826	0,000002	0,000001
82591,740826	0,000006	0,000004
82611,738826	0,000004	0,000010
82631,736826	0,000002	0,000015
82651,734827	0,000007	0,000012
82671,732827	0,000015	0,000002
82691,730827	0,000018	0,000011
82711,728827	0,000012	0,000010
82731,726827	0,000009	0,000002
82751,724828	0,000012	0,000003
82771,722828	0,000008	0,000003
82791,720828	0,000008	0,000004
82811,718828	0,000008	0,000006
82831,716828	0,000008	0,000002
82851,714829	0,000004	0,000008
82871,712829	0,000007	0,000012
82891,710829	0,000007	0,000014
82911,708829	0,000010	0,000013
82931,706829	0,000010	0,000001
82951,704830	0,000013	0,000005
82971,702830	0,000011	0,000003
82991,700830	0,000004	0,000005
83011,698830	0,000006	0,000007
83031,696830	0,000011	0,000006
83051,694831	0,000007	0,000005
83071,692831	0,000005	0,000014
83091,690831	0,000006	0,000008
83111,688831	0,000007	0,000005
83131,686831	0,000012	0,000003
83151,684832	0,000007	0,000010
83171,682832	0,000012	0,000012
83191,680832	0,000008	0,000005
83211,678832	0,000011	0,000004
83231,676832	0,000014	0,000005
83251,674833	0,000011	0,000012
83271,672833	0,000006	0,000017
83291,670833	0,000003	0,000009
83311,668833	0,000007	0,000005
83331,666833	0,000003	0,000002
83351,664834	0,000007	0,000006
83371,662834	0,000011	0,000005
83391,660834	0,000010	0,000001
83411,658834	0,000010	0,000004
83431,656834	0,000009	0,000000
83451,654835	0,000011	0,000009
83471,652835	0,000007	0,000010
83491,650835	0,000005	0,000010
83511,648835	0,000003	0,000011
83531,646835	0,000003	0,000010
83551,644836	0,000002	0,000006
83571,642836	0,000010	0,000007
83591,640836	0,000008	0,000006
83611,638836	0,000002	0,000005
83631,636836	0,000010	0,000009
83651,634837	0,000015	0,000015
83671,632837	0,000011	0,000013
83691,630837	0,000005	0,000005
83711,628837	0,000005	0,000009
83731,626837	0,000011	0,000005
83751,624838	0,000016	0,000002
83771,622838	0,000002	0,000002
83791,620838	0,000007	0,000003
83811,618838	0,000005	0,000005
83831,616838	0,000001	0,000008
83851,614839	0,000002	0,000012
83871,612839	0,000005	0,000011
83891,610839	0,000006	0,000009
83911,608839	0,000001	0,000010
83931,606839	0,000001	0,000011
83951,604840	0,000003	0,000006
83971,602840	0,000005	0,000006
83991,600840	0,000004	0,000007
84011,598840	0,000006	0,000007
84031,596840	0,000004	0,000004
84051,594841	0,000009	0,000005
84071,592841	0,000008	0,000007
84091,590841	0,000003	0,000007
84111,588841	0,000008	0,000008
84131,586841	0,000010	0,000005
84151,584842	0,000003	0,000009
84171,582842	0,000007	0,000011
84191,580842	0,000007	0,000003
84211,578842	0,000005	0,000003
84231,576842	0,000015	0,000003
84251,574843	0,000017	0,000007
84271,572843	0,000018	0,000007
84291,570843	0,000011	0,000002
84311,568843	0,000010	0,000007
84331,566843	0,000019	0,000014
84351,564844	0,000013	0,000005
84371,562844	0,000005	0,000005
84391,560844	0,000014	0,000004
84411,558844	0,000016	0,000002
84431,556844	0,000016	0,000005
84451,554845	0,000014	0,000004
84471,552845	0,000013	0,000002
84491,550845	0,000010	0,000004
84511,548845	0,000016	0,000006
84531,546845	0,000014	0,000009
84551,544846	0,000013	0,000005
84571,542846	0,000013	0,000009
84591,540846	0,000011	0,000016
84611,538846	0,000009	0,000012
84631,536846	0,000010	0,000009
84651,534847	0,000008	0,000008
84671,532847	0,000005	0,000010
84691,530847	0,000013	0,000006
84711,528847	0,000016	0,000005
84731,526847	0,000016	0,000009
84751,524848	0,000010	0,000009
84771,522848	0,000007	0,000010
84791,520848	0,000007	0,000007
84811,518848	0,000006	0,000006
84831,516848	0,000004	0,000007
84851,514849	0,000008	0,000002
84871,512849	0,000007	0,000004
84891,510849	0,000006	0,000005
84911,508849	0,000007	0,000002
84931,506849	0,000006	0,000004
84951,504850	0,000006	0,000007
84971,502850	0,000008	0,000010
84991,500850	0,000009	0,000008
85011,498850	0,000008	0,000005
85031,496850	0,000007	0,000016
85051,494851	0,000007	0,000012
85071,492851	0,000007	0,000006
85091,490851	0,000004	0,000007
85111,488851	0,000005	0,000007
85131,486851	0,000004	0,000006
85151,484852	0,000005	0,000011
85171,482852	0,000006	0,000012
85191,480852	0,000004	0,000007
85211,478852	0,000003	0,000005
85231,476852	0,000007	0,000012
85251,474853	0,000007	0,000015
85271,472853	0,000003	0,000009
85291,470853	0,000003	0,000002
85311,468853	0,000006	0,000005
85331,466853	0,000007	0,000010
85351,464854	0,000008	0,000012
85371,462854	0,000003	0,000005
85391,460854	0,000002	0,000008
85411,458854	0,000002	0,000003
85431,456854	0,000004	0,000005
85451,454855	0,000010	0,000005
85471,452855	0,000012	0,000004
85491,450855	0,000006	0,000007
85511,448855	0,000004	0,000003
85531,446855	0,000011	0,000006
85551,444856	0,000012	0,000009
85571,442856	0,000013	0,000013
85591,440856	0,000010	0,000012
85611,438856	0,000007	0,000008
85631,436856	0,000002	0,000007
85651,434857	0,000001	0,000001
85671,432857	0,000004	0,000008
85691,430857	0,000003	0,000012
85711,428857	0,000014	0,000010
85731,426857	0,000017	0,000006
85751,424858	0,000009	0,000003
85771,422858	0,000010	0,000001
85791,420858	0,000014	0,000008
85811,418858	0,000006	0,000009
85831,416858	0,000012	0,000002
85851,414859	0,000010	0,000004
85871,412859	0,000008	0,000007
85891,410859	0,000012	0,000012
85911,408859	0,000007	0,000012
85931,406859	0,000004	0,000008
85951,404860	0,000012	0,000004
85971,402860	0,000017	0,000010
85991,400860	0,000010	0,000016
86011,398860	0,000005	0,000008
86031,396860	0,000008	0,000001
86051,394861	0,000005	0,000002
86071,392861	0,000002	0,000007
86091,390861	0,000001	0,000010
86111,388861	0,000004	0,000004
86131,386861	0,000001	0,000006
86151,384862	0,000001	0,000004
86171,382862	0,000004	0,000005
86191,380862	0,000005	0,000005
86211,378862	0,000006	0,000003
86231,376862	0,000012	0,000007
86251,374863	0,000008	0,000007
86271,372863	0,000004	0,000006
86291,370863	0,000008	0,000009
86311,368863	0,000010	0,000011
86331,366863	0,000010	0,000007
86351,364864	0,000005	0,000009
86371,362864	0,000006	0,000014
86391,360864	0,000007	0,000007
86411,358864	0,000008	0,000005
86431,356864	0,000011	0,000003
86451,354865	0,000007	0,000003
86471,352865	0,000006	0,000006
86491,350865	0,000014	0,000005
86511,348865	0,000015	0,000006
86531,346865	0,000013	0,000006
86551,344866	0,000012	0,000004
86571,342866	0,000008	0,000003
86591,340866	0,000003	0,000013
86611,338866	0,000009	0,000011
86631,336866	0,000007	0,000008
86651,334867	0,000008	0,000016
86671,332867	0,000011	0,000016
86691,330867	0,000003	0,000008
86711,328867	0,000002	0,000002
86731,326867	0,000015	0,000008
86751,324868	0,000019	0,000007
86771,322868	0,000013	0,000003
86791,320868	0,000007	0,000005
86811,318868	0,000005	0,000004
86831,316868	0,000008	0,000004
86851,314869	0,000007	0,000005
86871,312869	0,000003	0,000007
86891,310869	0,000007	0,000008
86911,308869	0,000014	0,000004
86931,306869	0,000018	0,000007
86951,304870	0,000013	0,000011
86971,302870	0,000002	0,000012
86991,300870	0,000007	0,000011
87011,298870	0,000009	0,000014
87031,296870	0,000010	0,000011
87051,294871	0,000005	0,000017
87071,292871	0,000001	0,000005
87091,290871	0,000011	0,000010
87111,288871	0,000013	0,000009
87131,286871	0,000061	0,000062
87151,284872	0,000094	0,000089
87171,282872	0,000043	0,000038
87191,280872	0,000009	0,000013
87211,278872	0,000022	0,000009
87231,276872	0,000013	0,000006
87251,274873	0,000016	0,000007
87271,272873	0,000007	0,000004
87291,270873	0,000011	0,000003
87311,268873	0,000006	0,000003
87331,266873	0,000014	0,000006
87351,264874	0,000014	0,000003
87371,262874	0,000009	0,000003
87391,260874	0,000009	0,000004
87411,258874	0,000007	0,000004
87431,256874	0,000007	0,000012
87451,254875	0,000007	0,000016
87471,252875	0,000010	0,000009
87491,250875	0,000013	0,000008
87511,248875	0,000002	0,000013
87531,246875	0,000008	0,000012
87551,244876	0,000007	0,000006
87571,242876	0,000013	0,000004
87591,240876	0,000010	0,000006
87611,238876	0,000006	0,000005
87631,236876	0,000015	0,000005
87651,234877	0,000008	0,000007
87671,232877	0,000011	0,000003
87691,230877	0,000010	0,000006
87711,228877	0,000002	0,000009
87731,226877	0,000003	0,000003
87751,224878	0,000005	0,000009
87771,222878	0,000014	0,000011
87791,220878	0,000016	0,000009
87811,218878	0,000010	0,000008
87831,216878	0,000013	0,000007
87851,214879	0,000012	0,000007
87871,212879	0,000010	0,000005
87891,210879	0,000016	0,000007
87911,208879	0,000013	0,000006
87931,206879	0,000006	0,000003
87951,204880	0,000005	0,000004
87971,202880	0,000004	0,000003
87991,200880	0,000005	0,000004
88011,198880	0,000006	0,000005
88031,196880	0,000009	0,000003
88051,194881	0,000007	0,000007
88071,192881	0,000019	0,000005
88091,190881	0,000017	0,000008
88111,188881	0,000010	0,000008
88131,186881	0,000012	0,000002
88151,184882	0,000016	0,000005
88171,182882	0,000012	0,000004
88191,180882	0,000001	0,000005
88211,178882	0,000010	0,000003
88231,176882	0,000010	0,000005
88251,174883	0,000006	0,000002
88271,172883	0,000007	0,000011
88291,170883	0,000005	0,000016
88311,168883	0,000010	0,000009
88331,166883	0,000016	0,000002
88351,164884	0,000015	0,000001
88371,162884	0,000017	0,000010
88391,160884	0,000013	0,000009
88411,158884	0,000004	0,000006
88431,156884	0,000012	0,000003
88451,154885	0,000005	0,000007
88471,152885	0,000012	0,000006
88491,150885	0,000010	0,000001
88511,148885	0,000006	0,000005
88531,146885	0,000007	0,000010
88551,144886	0,000002	0,000014
88571,142886	0,000004	0,000008
88591,140886	0,000006	0,000005
88611,138886	0,000007	0,000001
88631,136886	0,000004	0,000008
88651,134887	0,000001	0,000006
88671,132887	0,000002	0,000004
88691,130887	0,000003	0,000008
88711,128887	0,000010	0,000012
88731,126887	0,000011	0,000011
88751,124888	0,000010	0,000008
88771,122888	0,000005	0,000009
88791,120888	0,000011	0,000005
88811,118888	0,000010	0,000003
88831,116888	0,000011	0,000002
88851,114889	0,000007	0,000005
88871,112889	0,000007	0,000009
88891,110889	0,000005	0,000007
88911,108889	0,000003	0,000013
88931,106889	0,000008	0,000002
88951,104890	0,000014	0,000013
88971,102890	0,000014	0,000002
88991,100890	0,000003	0,000012
89011,098890	0,000012	0,000009
89031,096890	0,000008	0,000013
89051,094891	0,000010	0,000010
89071,092891	0,000017	0,000008
89091,090891	0,000014	0,000014
89111,088891	0,000009	0,000010
89131,086891	0,000006	0,000014
89151,084892	0,000000	0,000018
89171,082892	0,000009	0,000009
89191,080892	0,000014	0,000002
89211,078892	0,000013	0,000012
89231,076892	0,000004	0,000013
89251,074893	0,000005	0,000011
89271,072893	0,000006	0,000007
89291,070893	0,000007	0,000004
89311,068893	0,000013	0,000006
89331,066893	0,000007	0,000013
89351,064894	0,000004	0,000003
89371,062894	0,000006	0,000008
89391,060894	0,000004	0,000009
89411,058894	0,000003	0,000008
89431,056894	0,000009	0,000003
89451,054895	0,000013	0,000011
89471,052895	0,000008	0,000005
89491,050895	0,000003	0,000008
89511,048895	0,000005	0,000003
89531,046895	0,000006	0,000002
89551,044896	0,000007	0,000005
89571,042896	0,000009	0,000005
89591,040896	0,000009	0,000002
89611,038896	0,000012	0,000005
89631,036896	0,000013	0,000008
89651,034897	0,000006	0,000011
89671,032897	0,000004	0,000008
89691,030897	0,000007	0,000002
89711,028897	0,000010	0,000005
89731,026897	0,000021	0,000006
89751,024898	0,000011	0,000002
89771,022898	0,000005	0,000001
89791,020898	0,000006	0,000008
89811,018898	0,000005	0,000007
89831,016898	0,000010	0,000005
89851,014899	0,000010	0,000006
89871,012899	0,000005	0,000007
89891,010899	0,000004	0,000007
89911,008899	0,000010	0,000009
89931,006899	0,000003	0,000005
89951,004900	0,000009	0,000006
89971,002900	0,000007	0,000003
89991,000900	0,000004	0,000005
90010,998900	0,000005	0,000011
90030,996900	0,000004	0,000015
90050,994901	0,000005	0,000010
90070,992901	0,000010	0,000011
90090,990901	0,000009	0,000006
90110,988901	0,000004	0,000005
90130,986901	0,000002	0,000004
90150,984902	0,000001	0,000004
90170,982902	0,000009	0,000002
90190,980902	0,000016	0,000009
90210,978902	0,000012	0,000011
90230,976902	0,000004	0,000007
90250,974903	0,000003	0,000004
90270,972903	0,000006	0,000006
90290,970903	0,000007	0,000004
90310,968903	0,000004	0,000011
90330,966903	0,000004	0,000010
90350,964904	0,000006	0,000010
90370,962904	0,000004	0,000003
90390,960904	0,000009	0,000006
90410,958904	0,000006	0,000004
90430,956904	0,000006	0,000004
90450,954905	0,000008	0,000001
90470,952905	0,000013	0,000010
90490,950905	0,000010	0,000008
90510,948905	0,000008	0,000006
90530,946905	0,000007	0,000005
90550,944906	0,000007	0,000010
90570,942906	0,000016	0,000010
90590,940906	0,000013	0,000004
90610,938906	0,000002	0,000011
90630,936906	0,000005	0,000014
90650,934907	0,000012	0,000015
90670,932907	0,000018	0,000012
90690,930907	0,000011	0,000009
90710,928907	0,000008	0,000006
90730,926907	0,000010	0,000007
90750,924908	0,000008	0,000011
90770,922908	0,000005	0,000008
90790,920908	0,000002	0,000009
90810,918908	0,000011	0,000005
90830,916908	0,000016	0,000005
90850,914909	0,000010	0,000006
90870,912909	0,000008	0,000009
90890,910909	0,000010	0,000011
90910,908909	0,000010	0,000013
90930,906909	0,000011	0,000009
90950,904910	0,000000	0,000007
90970,902910	0,000010	0,000007
90990,900910	0,000008	0,000003
91010,898910	0,000002	0,000005
91030,896910	0,000009	0,000003
91050,894911	0,000005	0,000001
91070,892911	0,000003	0,000007
91090,890911	0,000007	0,000010
91110,888911	0,000011	0,000001
91130,886911	0,000014	0,000007
91150,884912	0,000010	0,000009
91170,882912	0,000001	0,000006
91190,880912	0,000003	0,000004
91210,878912	0,000004	0,000011
91230,876912	0,000003	0,000012
91250,874913	0,000006	0,000004
91270,872913	0,000013	0,000002
91290,870913	0,000014	0,000002
91310,868913	0,000006	0,000002
91330,866913	0,000005	0,000005
91350,864914	0,000004	0,000001
91370,862914	0,000002	0,000005
91390,860914	0,000002	0,000003
91410,858914	0,000006	0,000004
91430,856914	0,000002	0,000003
91450,854915	0,000010	0,000007
91470,852915	0,000011	0,000005
91490,850915	0,000012	0,000009
91510,848915	0,000007	0,000010
91530,846915	0,000003	0,000004
91550,844916	0,000008	0,000003
91570,842916	0,000010	0,000002
91590,840916	0,000004	0,000007
91610,838916	0,000002	0,000002
91630,836916	0,000010	0,000009
91650,834917	0,000019	0,000009
91670,832917	0,000008	0,000007
91690,830917	0,000010	0,000010
91710,828917	0,000009	0,000012
91730,826917	0,000007	0,000015
91750,824918	0,000004	0,000013
91770,822918	0,000001	0,000007
91790,820918	0,000008	0,000010
91810,818918	0,000007	0,000005
91830,816918	0,000008	0,000002
91850,814919	0,000012	0,000005
91870,812919	0,000011	0,000002
91890,810919	0,000005	0,000006
91910,808919	0,000002	0,000008
91930,806919	0,000003	0,000004
91950,804920	0,000004	0,000004
91970,802920	0,000003	0,000002
91990,800920	0,000004	0,000006
92010,798920	0,000002	0,000002
92030,796920	0,000006	0,000010
92050,794921	0,000008	0,000012
92070,792921	0,000009	0,000006
92090,790921	0,000012	0,000005
92110,788921	0,000015	0,000007
92130,786921	0,000017	0,000006
92150,784922	0,000009	0,000007
92170,782922	0,000007	0,000006
92190,780922	0,000005	0,000008
92210,778922	0,000013	0,000004
92230,776922	0,000011	0,000003
92250,774923	0,000006	0,000005
92270,772923	0,000003	0,000008
92290,770923	0,000005	0,000008
92310,768923	0,000005	0,000005
92330,766923	0,000003	0,000010
92350,764924	0,000001	0,000014
92370,762924	0,000001	0,000009
92390,760924	0,000002	0,000009
92410,758924	0,000002	0,000010
92430,756924	0,000004	0,000006
92450,754925	0,000006	0,000004
92470,752925	0,000005	0,000010
92490,750925	0,000006	0,000008
92510,748925	0,000010	0,000005
92530,746925	0,000013	0,000010
92550,744926	0,000012	0,000009
92570,742926	0,000010	0,000003
92590,740926	0,000008	0,000007
92610,738926	0,000009	0,000013
92630,736926	0,000009	0,000016
92650,734927	0,000008	0,000018
92670,732927	0,000008	0,000007
92690,730927	0,000010	0,000007
92710,728927	0,000017	0,000003
92730,726927	0,000015	0,000005
92750,724928	0,000007	0,000009
92770,722928	0,000006	0,000003
92790,720928	0,000013	0,000002
92810,718928	0,000012	0,000009
92830,716928	0,000007	0,000009
92850,714929	0,000008	0,000007
92870,712929	0,000005	0,000010
92890,710929	0,000013	0,000012
92910,708929	0,000009	0,000014
92930,706929	0,000006	0,000024
92950,704930	0,000009	0,000022
92970,702930	0,000002	0,000007
92990,700930	0,000003	0,000012
93010,698930	0,000002	0,000004
93030,696930	0,000003	0,000003
93050,694931	0,000004	0,000006
93070,692931	0,000011	0,000009
93090,690931	0,000013	0,000008
93110,688931	0,000005	0,000008
93130,686931	0,000010	0,000008
93150,684932	0,000009	0,000011
93170,682932	0,000011	0,000009
93190,680932	0,000011	0,000010
93210,678932	0,000009	0,000013
93230,676932	0,000002	0,000014
93250,674933	0,000003	0,000010
93270,672933	0,000005	0,000001
93290,670933	0,000007	0,000005
93310,668933	0,000005	0,000006
93330,666933	0,000004	0,000010
93350,664934	0,000007	0,000016
93370,662934	0,000002	0,000012
93390,660934	0,000006	0,000005
93410,658934	0,000004	0,000002
93430,656934	0,000005	0,000002
93450,654935	0,000006	0,000006
93470,652935	0,000004	0,000008
93490,650935	0,000009	0,000006
93510,648935	0,000012	0,000005
93530,646935	0,000004	0,000010
93550,644936	0,000001	0,000009
93570,642936	0,000006	0,000015
93590,640936	0,000012	0,000012
93610,638936	0,000005	0,000009
93630,636936	0,000007	0,000012
93650,634937	0,000012	0,000005
93670,632937	0,000007	0,000006
93690,630937	0,000008	0,000011
93710,628937	0,000010	0,000010
93730,626937	0,000003	0,000009
93750,624938	0,000005	0,000011
93770,622938	0,000006	0,000012
93790,620938	0,000008	0,000012
93810,618938	0,000007	0,000007
93830,616938	0,000002	0,000006
93850,614939	0,000000	0,000004
93870,612939	0,000001	0,000005
93890,610939	0,000003	0,000008
93910,608939	0,000008	0,000006
93930,606939	0,000005	0,000002
93950,604940	0,000005	0,000003
93970,602940	0,000012	0,000008
93990,600940	0,000014	0,000006
94010,598940	0,000008	0,000007
94030,596940	0,000003	0,000011
94050,594941	0,000007	0,000004
94070,592941	0,000014	0,000011
94090,590941	0,000013	0,000010
94110,588941	0,000004	0,000010
94130,586941	0,000004	0,000005
94150,584942	0,000004	0,000004
94170,582942	0,000002	0,000004
94190,580942	0,000005	0,000007
94210,578942	0,000006	0,000009
94230,576942	0,000010	0,000005
94250,574943	0,000007	0,000004
94270,572943	0,000004	0,000006
94290,570943	0,000004	0,000006
94310,568943	0,000002	0,000008
94330,566943	0,000003	0,000007
94350,564944	0,000008	0,000005
94370,562944	0,000011	0,000005
94390,560944	0,000010	0,000007
94410,558944	0,000007	0,000005
94430,556944	0,000009	0,000004
94450,554945	0,000002	0,000004
94470,552945	0,000006	0,000007
94490,550945	0,000013	0,000008
94510,548945	0,000009	0,000002
94530,546945	0,000004	0,000001
94550,544946	0,000005	0,000004
94570,542946	0,000011	0,000002
94590,540946	0,000016	0,000005
94610,538946	0,000017	0,000003
94630,536946	0,000008	0,000006
94650,534947	0,000008	0,000013
94670,532947	0,000008	0,000010
94690,530947	0,000003	0,000008
94710,528947	0,000003	0,000008
94730,526947	0,000013	0,000007
94750,524948	0,000009	0,000005
94770,522948	0,000001	0,000011
94790,520948	0,000009	0,000010
94810,518948	0,000012	0,000011
94830,516948	0,000010	0,000009
94850,514949	0,000009	0,000005
94870,512949	0,000006	0,000000
94890,510949	0,000001	0,000005
94910,508949	0,000002	0,000006
94930,506949	0,000004	0,000007
94950,504950	0,000003	0,000002
94970,502950	0,000008	0,000003
94990,500950	0,000010	0,000002
95010,498950	0,000008	0,000008
95030,496950	0,000007	0,000009
95050,494951	0,000004	0,000003
95070,492951	0,000005	0,000003
95090,490951	0,000002	0,000009
95110,488951	0,000008	0,000009
95130,486951	0,000012	0,000002
95150,484952	0,000008	0,000003
95170,482952	0,000008	0,000003
95190,480952	0,000012	0,000006
95210,478952	0,000011	0,000006
95230,476952	0,000004	0,000010
95250,474953	0,000002	0,000008
95270,472953	0,000006	0,000002
95290,470953	0,000011	0,000005
95310,468953	0,000012	0,000011
95330,466953	0,000011	0,000006
95350,464954	0,000007	0,000007
95370,462954	0,000010	0,000010
95390,460954	0,000007	0,000009
95410,458954	0,000003	0,000009
95430,456954	0,000003	0,000007
95450,454955	0,000001	0,000006
95470,452955	0,000008	0,000015
95490,450955	0,000010	0,000010
95510,448955	0,000002	0,000008
95530,446955	0,000007	0,000007
95550,444956	0,000004	0,000008
95570,442956	0,000003	0,000004
95590,440956	0,000002	0,000005
95610,438956	0,000005	0,000008
95630,436956	0,000001	0,000010
95650,434957	0,000007	0,000007
95670,432957	0,000009	0,000010
95690,430957	0,000006	0,000014
95710,428957	0,000006	0,000010
95730,426957	0,000007	0,000006
95750,424958	0,000009	0,000005
95770,422958	0,000004	0,000009
95790,420958	0,000012	0,000007
95810,418958	0,000010	0,000007
95830,416958	0,000004	0,000012
95850,414959	0,000010	0,000004
95870,412959	0,000007	0,000002
95890,410959	0,000009	0,000003
95910,408959	0,000012	0,000001
95930,406959	0,000008	0,000004
95950,404960	0,000003	0,000002
95970,402960	0,000005	0,000004
95990,400960	0,000008	0,000002
96010,398960	0,000006	0,000005
96030,396960	0,000002	0,000009
96050,394961	0,000004	0,000007
96070,392961	0,000006	0,000010
96090,390961	0,000008	0,000018
96110,388961	0,000006	0,000019
96130,386961	0,000002	0,000010
96150,384962	0,000007	0,000006
96170,382962	0,000008	0,000002
96190,380962	0,000007	0,000007
96210,378962	0,000010	0,000011
96230,376962	0,000014	0,000013
96250,374963	0,000011	0,000010
96270,372963	0,000008	0,000012
96290,370963	0,000004	0,000009
96310,368963	0,000003	0,000002
96330,366963	0,000008	0,000005
96350,364964	0,000007	0,000009
96370,362964	0,000007	0,000011
96390,360964	0,000010	0,000016
96410,358964	0,000008	0,000013
96430,356964	0,000002	0,000010
96450,354965	0,000013	0,000005
96470,352965	0,000011	0,000005
96490,350965	0,000009	0,000001
96510,348965	0,000012	0,000003
96530,346965	0,000010	0,000011
96550,344966	0,000006	0,000012
96570,342966	0,000004	0,000010
96590,340966	0,000005	0,000006
96610,338966	0,000003	0,000012
96630,336966	0,000005	0,000009
96650,334967	0,000010	0,000006
96670,332967	0,000003	0,000007
96690,330967	0,000006	0,000007
96710,328967	0,000005	0,000017
96730,326967	0,000013	0,000014
96750,324968	0,000012	0,000007
96770,322968	0,000005	0,000014
96790,320968	0,000012	0,000009
96810,318968	0,000009	0,000007
96830,316968	0,000001	0,000013
96850,314969	0,000005	0,000006
96870,312969	0,000004	0,000006
96890,310969	0,000001	0,000002
96910,308969	0,000005	0,000008
96930,306969	0,000005	0,000008
96950,304970	0,000002	0,000005
96970,302970	0,000000	0,000007
96990,300970	0,000003	0,000007
97010,298970	0,000006	0,000005
97030,296970	0,000002	0,000004
97050,294971	0,000008	0,000007
97070,292971	0,000008	0,000008
97090,290971	0,000003	0,000001
97110,288971	0,000004	0,000009
97130,286971	0,000004	0,000012
97150,284972	0,000003	0,000003
97170,282972	0,000005	0,000007
97190,280972	0,000010	0,000012
97210,278972	0,000010	0,000007
97230,276972	0,000005	0,000001
97250,274973	0,000010	0,000006
97270,272973	0,000012	0,000010
97290,270973	0,000012	0,000002
97310,268973	0,000007	0,000007
97330,266973	0,000003	0,000007
97350,264974	0,000012	0,000008
97370,262974	0,000012	0,000010
97390,260974	0,000008	0,000007
97410,258974	0,000005	0,000005
97430,256974	0,000007	0,000012
97450,254975	0,000008	0,000013
97470,252975	0,000012	0,000012
97490,250975	0,000010	0,000007
97510,248975	0,000004	0,000003
97530,246975	0,000004	0,000004
97550,244976	0,000007	0,000009
97570,242976	0,000019	0,000013
97590,240976	0,000010	0,000009
97610,238976	0,000003	0,000007
97630,236976	0,000004	0,000003
97650,234977	0,000004	0,000003
97670,232977	0,000006	0,000002
97690,230977	0,000004	0,000008
97710,228977	0,000003	0,000003
97730,226977	0,000005	0,000001
97750,224978	0,000011	0,000002
97770,222978	0,000007	0,000007
97790,220978	0,000005	0,000009
97810,218978	0,000007	0,000007
97830,216978	0,000002	0,000008
97850,214979	0,000004	0,000007
97870,212979	0,000008	0,000007
97890,210979	0,000013	0,000004
97910,208979	0,000011	0,000002
97930,206979	0,000007	0,000007
97950,204980	0,000007	0,000003
97970,202980	0,000010	0,000010
97990,200980	0,000010	0,000009
98010,198980	0,000005	0,000005
98030,196980	0,000005	0,000007
98050,194981	0,000006	0,000007
98070,192981	0,000013	0,000008
98090,190981	0,000011	0,000011
98110,188981	0,000010	0,000011
98130,186981	0,000012	0,000005
98150,184982	0,000020	0,000001
98170,182982	0,000022	0,000007
98190,180982	0,000011	0,000010
98210,178982	0,000007	0,000005
98230,176982	0,000001	0,000008
98250,174983	0,000004	0,000002
98270,172983	0,000007	0,000006
98290,170983	0,000007	0,000012
98310,168983	0,000001	0,000011
98330,166983	0,000009	0,000005
98350,164984	0,000008	0,000004
98370,162984	0,000001	0,000006
98390,160984	0,000011	0,000003
98410,158984	0,000016	0,000006
98430,156984	0,000007	0,000009
98450,154985	0,000003	0,000011
98470,152985	0,000006	0,000015
98490,150985	0,000007	0,000011
98510,148985	0,000003	0,000006
98530,146985	0,000004	0,000015
98550,144986	0,000010	0,000005
98570,142986	0,000008	0,000010
98590,140986	0,000005	0,000007
98610,138986	0,000008	0,000008
98630,136986	0,000007	0,000005
98650,134987	0,000004	0,000004
98670,132987	0,000003	0,000009
98690,130987	0,000002	0,000000
98710,128987	0,000006	0,000011
98730,126987	0,000006	0,000004
98750,124988	0,000003	0,000003
98770,122988	0,000003	0,000006
98790,120988	0,000005	0,000009
98810,118988	0,000009	0,000008
98830,116988	0,000006	0,000011
98850,114989	0,000005	0,000008
98870,112989	0,000008	0,000007
98890,110989	0,000013	0,000010
98910,108989	0,000008	0,000008
98930,106989	0,000009	0,000009
98950,104990	0,000010	0,000009
98970,102990	0,000010	0,000007
98990,100990	0,000008	0,000012
99010,098990	0,000008	0,000014
99030,096990	0,000006	0,000013
99050,094991	0,000003	0,000009
99070,092991	0,000003	0,000007
99090,090991	0,000003	0,000009
99110,088991	0,000005	0,000012
99130,086991	0,000004	0,000008
99150,084992	0,000008	0,000001
99170,082992	0,000003	0,000005
99190,080992	0,000004	0,000001
99210,078992	0,000011	0,000009
99230,076992	0,000010	0,000011
99250,074993	0,000004	0,000006
99270,072993	0,000004	0,000006
99290,070993	0,000005	0,000010
99310,068993	0,000012	0,000008
99330,066993	0,000009	0,000006
99350,064994	0,000005	0,000008
99370,062994	0,000003	0,000011
99390,060994	0,000002	0,000005
99410,058994	0,000008	0,000010
99430,056994	0,000009	0,000010
99450,054995	0,000005	0,000008
99470,052995	0,000010	0,000006
99490,050995	0,000012	0,000003
99510,048995	0,000012	0,000008
99530,046995	0,000005	0,000007
99550,044996	0,000007	0,000002
99570,042996	0,000009	0,000006
99590,040996	0,000009	0,000006
99610,038996	0,000005	0,000003
99630,036996	0,000006	0,000006
99650,034997	0,000007	0,000003
99670,032997	0,000006	0,000005
99690,030997	0,000014	0,000004
99710,028997	0,000015	0,000007
99730,026997	0,000007	0,000012
99750,024998	0,000005	0,000004
99770,022998	0,000009	0,000009
99790,020998	0,000004	0,000003
99810,018998	0,000006	0,000005
99830,016998	0,000009	0,000009
99850,014999	0,000007	0,000008
99870,012999	0,000007	0,000006
99890,010999	0,000006	0,000005
99910,008999	0,000006	0,000003
99930,006999	0,000011	0,000012
99950,005000	0,000007	0,000013
99970,003000	0,000003	0,000011
99990,001000	0,000005	0,000004
